tanggal,target_asli,wasit_low,wasit_high,wasit_target,model_xgb_007,model_xgb_021,model_xgb_030,model_xgb_006,model_xgb_049,model_xgb_026,model_xgb_027,model_xgb_038,model_xgb_017,model_xgb_011,model_xgb_046,model_xgb_039,model_xgb_037,model_xgb_001,model_xgb_034,model_xgb_013,model_xgb_025,model_xgb_043,model_xgb_040,model_xgb_019,model_xgb_047,model_xgb_009,model_xgb_028,model_xgb_016,model_xgb_045,model_xgb_012,model_xgb_005,model_xgb_050,model_xgb_035,model_xgb_022,model_xgb_032,model_xgb_036,model_xgb_031,model_xgb_042,model_xgb_020,model_xgb_002,model_xgb_029,model_xgb_048,model_xgb_024,model_xgb_010,model_xgb_003,model_xgb_008,model_xgb_018,model_xgb_015,model_xgb_044,model_xgb_023,model_xgb_033,model_xgb_041,model_xgb_004,model_xgb_014
2026-01-03,1,-1.1034116873888166e-05,1.2957897739232105,0.99005111234531,0.4813224,0.50353074,0.4982219,0.5547892,0.503206,0.5179968,0.4743717,0.4889807,0.5202164,0.4874376,0.50717795,0.5141497,0.5148618,0.528791,0.59512466,0.48659107,0.4897336,0.53202057,0.46789917,0.4883536,0.5769541,0.53176445,0.51229537,0.49203983,0.51215166,0.49677044,0.49172124,0.50744474,0.5527923,0.47940436,0.55652654,0.4742142,0.48993933,0.58871794,0.50674504,0.5216216,0.55924046,0.6092815,0.48422253,0.5243556,0.50602996,0.54602575,0.50693756,0.49909166,0.49163052,0.50160545,0.4688776,0.502555,0.50352716,0.5184751
2026-01-04,1,-0.0163020432437238,3.4990375212865805,2.5137383113592904,0.4813467,0.512499,0.49543118,0.5405611,0.4817812,0.44489908,0.5078904,0.40932155,0.41922155,0.48569548,0.44842705,0.4864058,0.5032925,0.3771427,0.39689028,0.44087481,0.5037028,0.44598773,0.471261,0.43030083,0.4314072,0.51122385,0.3633754,0.4454755,0.5037007,0.50678575,0.50280285,0.49889356,0.47259283,0.4878435,0.5008903,0.47542748,0.50382996,0.44877934,0.4601864,0.44583935,0.46697354,0.45204452,0.45743558,0.49141228,0.43319803,0.46122465,0.48121327,0.45605668,0.47854257,0.49647614,0.5063235,0.48653445,0.42814365,0.4261559
2026-01-05,0,-2.805643002547868,0.6210504435895601,-0.11912093706725,0.5210286,0.50882846,0.51314026,0.56869876,0.5225345,0.51129293,0.49995226,0.4809,0.3688377,0.48569548,0.41460383,0.5078756,0.5410046,0.49000522,0.48384073,0.5048623,0.49836823,0.45100975,0.5163653,0.50827795,0.39813617,0.5213665,0.4633479,0.5149503,0.5142364,0.51783806,0.51913655,0.49566585,0.48238268,0.4862651,0.47929043,0.5067146,0.50393146,0.62844443,0.46986496,0.49458718,0.5417113,0.54115826,0.4822768,0.58641356,0.48322776,0.4968523,0.5009564,0.47797802,0.52365696,0.50160545,0.5071286,0.49597773,0.50388473,0.40777236
2026-01-06,0,-3.3322591363202543,0.0,-2.57567322610848,0.47887507,0.48386925,0.5169165,0.49474218,0.5170908,0.4730504,0.5136876,0.5107883,0.40957472,0.4959621,0.46909016,0.5118461,0.52492476,0.5020175,0.48758128,0.46178383,0.5097179,0.4881846,0.4665707,0.53222495,0.5246011,0.53032726,0.501697,0.4706789,0.5139606,0.4908988,0.49384412,0.5136394,0.488288,0.4653729,0.5499204,0.5263589,0.50393146,0.56818515,0.47594258,0.57544214,0.44586065,0.49814463,0.52350634,0.49993336,0.5062944,0.47478774,0.48774448,0.47528368,0.48956853,0.50160545,0.51448584,0.49597773,0.5036157,0.5306912
2026-01-07,0,-2.2728618434127457,0.3538121107200562,-0.28955845252425,0.48819557,0.48386925,0.5298589,0.5103937,0.5103433,0.5215318,0.50812066,0.43933666,0.4567849,0.513568,0.44116762,0.484165,0.4311162,0.40034842,0.4544017,0.46393782,0.49626854,0.3561242,0.44889382,0.5074266,0.44704914,0.5196687,0.47719228,0.4748693,0.4863647,0.4908988,0.47193485,0.4976459,0.4280277,0.42426774,0.45850742,0.47883922,0.4841154,0.42311513,0.4763071,0.44198024,0.43345097,0.50987273,0.45454913,0.5078641,0.49376684,0.47691387,0.51194215,0.48815638,0.5053265,0.51072025,0.5255424,0.49597773,0.47101408,0.43061692
2026-01-08,0,-1.5546458976333632,1.0727762843917097,-0.50479560758538,0.53293645,0.4930027,0.50230867,0.421652,0.53752404,0.54232913,0.50007355,0.5128835,0.43384525,0.513568,0.5356623,0.52071106,0.5116857,0.55250984,0.36478096,0.5123955,0.48597282,0.44135368,0.45497403,0.553329,0.5040134,0.5152413,0.5965637,0.5168336,0.5317361,0.50974554,0.5134845,0.5136394,0.5358763,0.5183304,0.5053728,0.5401616,0.5042773,0.603163,0.48677143,0.54114276,0.5126996,0.5218077,0.5006836,0.50830376,0.5378616,0.5022025,0.500532,0.5502653,0.540117,0.49647614,0.49909243,0.502555,0.53696126,0.56224334
2026-01-09,0,-0.2621224213731839,0.2101908007801602,-0.15079553615388,0.49036136,0.48663262,0.4788252,0.50528324,0.48270503,0.47651893,0.52213746,0.45585033,0.4591986,0.4959621,0.5236753,0.4743835,0.5407306,0.49187458,0.47965392,0.47173083,0.52202374,0.4944143,0.5396144,0.4845318,0.47953996,0.45960295,0.55916375,0.4757655,0.49874988,0.50429106,0.48396873,0.48537287,0.51833475,0.46346495,0.53855425,0.45568967,0.5113476,0.46445474,0.5308049,0.48629296,0.49637803,0.44217658,0.47608045,0.4523166,0.49356866,0.49123627,0.50190383,0.5323613,0.4696716,0.51072025,0.5068354,0.50694263,0.52113175,0.5561139
2026-01-10,1,-0.2973322532852666,0.8572537712954149,0.56077122089449,0.474219,0.5125269,0.49522382,0.49421036,0.48713818,0.51295424,0.49470454,0.41707343,0.5110654,0.48978648,0.5335749,0.49422458,0.4791612,0.5079281,0.59601414,0.46760064,0.50697637,0.49158448,0.43176436,0.55237013,0.4799101,0.54080564,0.6586009,0.5308396,0.51215166,0.49677044,0.50576115,0.49774298,0.5392738,0.46362498,0.47276714,0.51648694,0.4973068,0.57672167,0.52472824,0.5043296,0.55258965,0.5365671,0.48463973,0.5022662,0.49835712,0.5021458,0.5131177,0.52937496,0.5122444,0.50160545,0.4799434,0.502555,0.49263313,0.5438313
2026-01-11,1,-0.9773731181856038,1.641480167142524,0.3099670437196,0.5164243,0.49957168,0.5086256,0.43941325,0.5120347,0.4799971,0.492965,0.41168338,0.43081498,0.48266008,0.44744876,0.4832786,0.41098925,0.46894002,0.49196193,0.4094565,0.48366547,0.41549063,0.42072737,0.46368507,0.40929303,0.46128663,0.40971875,0.48916954,0.48801586,0.50678575,0.444963,0.479607,0.5247151,0.49670333,0.4561251,0.4913824,0.48993933,0.47972184,0.4937088,0.5021778,0.41995382,0.38929674,0.52982426,0.50691175,0.47876838,0.51572466,0.51754516,0.41988522,0.5433253,0.49647614,0.49059504,0.470561,0.46698317,0.3838919
2026-01-12,1,-0.2780977827798945,5.538202782590246,4.4116152506374195,0.53003204,0.50882846,0.49852675,0.5264987,0.4993106,0.5048794,0.5138261,0.43822885,0.37516528,0.4874376,0.5085029,0.48660472,0.51061475,0.49839395,0.47162166,0.48060882,0.48044372,0.4636706,0.46698642,0.5097769,0.38083228,0.5296087,0.43902105,0.5407054,0.49675658,0.51783806,0.5134424,0.5037063,0.49946162,0.49341932,0.5143837,0.51604414,0.50382996,0.5004461,0.5703332,0.5277986,0.61335534,0.46103898,0.475485,0.515937,0.5282156,0.6298049,0.51013714,0.4866037,0.5331573,0.5076094,0.5118356,0.49597773,0.479175,0.42137268
2026-01-13,1,-0.8998378795943168,2.5971353259389565,1.59884232879441,0.5047904,0.50882846,0.49067882,0.5434795,0.48803595,0.5269431,0.49653268,0.52144873,0.64123034,0.49699515,0.5048246,0.52071106,0.51728606,0.56173885,0.5474437,0.550327,0.5096307,0.57188404,0.5033917,0.522914,0.62659854,0.4854915,0.5721411,0.5215479,0.5045605,0.51783806,0.523129,0.48873132,0.62097865,0.5202004,0.6440097,0.50168693,0.5049198,0.5526982,0.49364,0.69186234,0.5544548,0.4604327,0.5099369,0.5088686,0.54155236,0.55646044,0.48957688,0.5005654,0.51661104,0.48282716,0.5148681,0.5056654,0.501109,0.4954296
2026-01-14,0,-1.8922271938918416,0.2488449100884681,-1.39907134975526,0.51183355,0.508898,0.48166698,0.58708453,0.4950057,0.49304497,0.53442526,0.41907653,0.59604394,0.48266008,0.5436991,0.50014746,0.4991623,0.55235714,0.545774,0.49775824,0.5105057,0.45775712,0.472808,0.51812816,0.5523429,0.4999373,0.59245384,0.49344566,0.48843083,0.50429106,0.4575408,0.48769152,0.49093154,0.58276856,0.5455611,0.5097658,0.5049198,0.48248136,0.5452166,0.53879815,0.5138993,0.634524,0.5038116,0.519011,0.5085903,0.49204496,0.49943975,0.48799905,0.4813441,0.50160545,0.47827387,0.48549297,0.53025544,0.51890653
2026-01-15,0,-1.381119389587807,0.2785412233210071,-0.05635195827788,0.5126284,0.4930027,0.48384932,0.50968415,0.5090039,0.5114481,0.52322733,0.5106596,0.48274657,0.4959621,0.5619788,0.52071106,0.47518834,0.5033583,0.5526025,0.5126841,0.504642,0.49963757,0.5049117,0.5468508,0.6129136,0.54766273,0.6829936,0.55722994,0.52367294,0.50974554,0.46361145,0.4972807,0.53646135,0.46672297,0.5645162,0.4598109,0.4841154,0.5480787,0.52613205,0.5592658,0.5415762,0.5166407,0.4716916,0.5526309,0.57586354,0.56483376,0.51013714,0.5019242,0.53719157,0.51072025,0.5068354,0.49597773,0.51843274,0.53393984
2026-01-16,0,-0.5554537567508967,0.0925883422519423,-0.42283516305703994,0.4677138,0.50425464,0.47882384,0.4657793,0.47279283,0.49915966,0.50114024,0.47817713,0.38501394,0.4959621,0.4652605,0.4864058,0.48207808,0.48821348,0.49940193,0.4590891,0.48185855,0.47310367,0.4960872,0.44113013,0.53451973,0.48717955,0.4817062,0.49975228,0.49440154,0.50429106,0.4679458,0.5094935,0.47476512,0.52313644,0.5399971,0.442811,0.4841706,0.42552257,0.5011822,0.5677203,0.46459237,0.49818647,0.4381269,0.52717274,0.4842731,0.5859044,0.48121327,0.5063564,0.4709927,0.5064263,0.4820187,0.5075698,0.5156403,0.5839068
2026-01-17,0,-1.6236256924072985,0.4020901490341921,-1.56196681906746,0.53921217,0.50882846,0.5129374,0.5431581,0.4905854,0.51256907,0.4899746,0.44475305,0.42520696,0.4959621,0.52355707,0.52071106,0.5504301,0.51439416,0.58030677,0.51622,0.5124868,0.4696576,0.500483,0.48322856,0.6199811,0.52380246,0.52049744,0.5318028,0.5142364,0.50974554,0.5035577,0.49237642,0.4896146,0.51615995,0.53838223,0.48505697,0.5113476,0.65632427,0.5070032,0.5782776,0.6024314,0.5983653,0.48666558,0.5223369,0.50735813,0.5305626,0.48394904,0.48381338,0.52365696,0.504386,0.4956652,0.5012898,0.49566203,0.53598624
2026-01-18,0,-1.899947518848207,0.0,-1.11876297516868,0.4438461,0.49957168,0.47279805,0.42693576,0.49924898,0.45961097,0.49101004,0.34401184,0.3230919,0.48569548,0.45566726,0.4832786,0.4472108,0.40312636,0.47351298,0.39815253,0.48097384,0.4929058,0.47027344,0.42647076,0.35493213,0.5061722,0.41983247,0.46753645,0.48632014,0.4908988,0.461243,0.4839268,0.4129567,0.43190566,0.4129392,0.4815037,0.49741504,0.40078658,0.39438266,0.37848464,0.44361228,0.31915617,0.43288097,0.37321776,0.4430433,0.48064893,0.48121327,0.45272154,0.4707932,0.49647614,0.49791998,0.46984988,0.4020037,0.42112288
2026-01-19,0,-5.246978898931191,0.2576806941691226,-4.64390422167479,0.5119708,0.4930027,0.52364075,0.4535126,0.49726784,0.50837266,0.5166936,0.62022835,0.36149964,0.48569548,0.47268584,0.48660472,0.529691,0.59772295,0.47722346,0.45084423,0.48864597,0.49135333,0.49660364,0.5254847,0.5029833,0.5061345,0.60266316,0.48700926,0.50803006,0.51194215,0.49619588,0.50389737,0.5400211,0.49710327,0.5301819,0.50385773,0.50393146,0.46655518,0.49920666,0.484218,0.59477216,0.39681166,0.5187451,0.48847228,0.44281596,0.5254898,0.4945185,0.5266521,0.5077018,0.50160545,0.5124681,0.49597773,0.4908934,0.5586884
2026-01-20,1,-1.3252195936066165,2.3982379516605765,1.15478706304071,0.513488,0.51366824,0.48657233,0.57951653,0.47875538,0.4990162,0.5136876,0.52880174,0.56335443,0.5051813,0.528222,0.51780003,0.53549606,0.5460514,0.6166089,0.46761662,0.5258152,0.525132,0.46437857,0.5064163,0.58847016,0.52059656,0.58688587,0.52047676,0.52367294,0.5138603,0.4723437,0.49566585,0.5030384,0.51494473,0.47681683,0.47987947,0.50983304,0.49937114,0.56747377,0.5985743,0.5750234,0.45267925,0.5163883,0.56122637,0.5140769,0.54611975,0.5104706,0.5279381,0.49985352,0.5064263,0.5124681,0.5012898,0.5139441,0.4316286
2026-01-21,1,-1.055647800890784,1.0068893671474084,0.11724197832196,0.47839978,0.48180398,0.4830281,0.53172565,0.5246114,0.5003882,0.46436062,0.50186336,0.58579355,0.49741504,0.5404348,0.5110236,0.5248527,0.54058444,0.51122534,0.47582975,0.5105423,0.59506273,0.48493448,0.5339496,0.4632628,0.5089238,0.5500462,0.52416974,0.5054662,0.5156564,0.4865257,0.50769615,0.43288133,0.52999413,0.588683,0.51992303,0.5042773,0.5746917,0.57356787,0.51619947,0.5611224,0.59711194,0.5156923,0.54996485,0.50715256,0.52389735,0.49141175,0.46184474,0.49138492,0.50160545,0.48639908,0.48444316,0.4846967,0.5824796
2026-01-22,1,-1.101752305676707,1.842376566032697,0.04531147192842,0.49984115,0.512499,0.46465087,0.4749775,0.48657227,0.48771736,0.5064222,0.42268848,0.54995966,0.513568,0.52503675,0.4864058,0.49199486,0.45638976,0.49327484,0.4940445,0.46999148,0.54783034,0.51674604,0.5035509,0.5426302,0.4824898,0.5933395,0.49506557,0.48632014,0.50678575,0.5030545,0.52342504,0.39712358,0.44484982,0.4890771,0.5109556,0.50393146,0.5173272,0.5000435,0.42731968,0.5446464,0.5358614,0.469643,0.57579607,0.4472677,0.458833,0.48121327,0.4867284,0.50106436,0.50160545,0.48979962,0.49597773,0.4682184,0.4473355
2026-01-23,0,-0.490238466981747,0.3977892013224022,-0.4193141802223,0.53330845,0.50882846,0.54701304,0.49340853,0.506345,0.530028,0.514082,0.59092027,0.58589846,0.513568,0.5245684,0.4885906,0.5542461,0.57422,0.49801508,0.46765113,0.52237827,0.5394393,0.493355,0.5682537,0.65992093,0.52380246,0.5771884,0.52098227,0.5143232,0.49961537,0.5179193,0.511576,0.49538034,0.5577611,0.5105419,0.5200908,0.5110265,0.58857936,0.48120394,0.57240623,0.5108964,0.5420112,0.5326942,0.5585658,0.5072048,0.5213787,0.51013714,0.5534075,0.4942233,0.50514364,0.4956652,0.5075698,0.533681,0.5473876
2026-01-24,0,-3.594932371792415,0.1050606704614573,-2.9053123136142,0.4899003,0.50882846,0.5061167,0.47204542,0.5035881,0.5113071,0.49447033,0.44090837,0.563977,0.4959621,0.5253243,0.48973298,0.4891938,0.5370321,0.55491066,0.50023186,0.49588764,0.4561251,0.57995963,0.54837114,0.57679826,0.53096193,0.570783,0.5115404,0.5216551,0.49278507,0.50495744,0.5129767,0.5000619,0.53801066,0.49695817,0.49342594,0.4973068,0.47569406,0.4405226,0.5189801,0.5632924,0.5788208,0.51110226,0.53166586,0.5016115,0.5110258,0.50425464,0.5304132,0.52365696,0.50160545,0.5174235,0.49597773,0.5110478,0.5178735
2026-01-25,1,-0.185621960308787,2.495014068373878,1.91611910276511,0.50502264,0.50167966,0.49207065,0.43769416,0.4874358,0.5164484,0.5048679,0.45933032,0.36512938,0.48978648,0.48038065,0.48825458,0.507986,0.43929842,0.5108484,0.5318663,0.51452756,0.4126975,0.49996674,0.5198327,0.4251913,0.51230085,0.61022186,0.5440265,0.48640686,0.51093686,0.46554485,0.5068248,0.4858819,0.54723805,0.4981528,0.47671333,0.5133252,0.4929982,0.51641715,0.4731498,0.53569686,0.39982522,0.5435076,0.52078325,0.462091,0.46847767,0.50750935,0.4910731,0.4804407,0.48318657,0.49612838,0.49218518,0.5096398,0.49694598
2026-01-26,1,-1.1873087152492503,1.3224214903428275,1.01682728080736,0.49082527,0.50882846,0.48420686,0.5027619,0.48559022,0.5333497,0.5138261,0.4541025,0.46524316,0.48569548,0.41810587,0.5047461,0.53773516,0.5301776,0.5347982,0.51198304,0.50728565,0.47878292,0.5104396,0.54763806,0.5183837,0.5375112,0.47528258,0.5240772,0.51500076,0.49278507,0.50114477,0.50389737,0.5034264,0.5209309,0.49985543,0.52352786,0.50382996,0.53977215,0.47623906,0.49643478,0.53724474,0.49903092,0.48547006,0.6011237,0.53142774,0.53378934,0.4945185,0.49231797,0.5331573,0.50160545,0.48007149,0.49597773,0.52618426,0.5334535
2026-01-27,1,-0.4675901000357612,1.5012792389185134,0.055995524061579996,0.4987092,0.4930027,0.53619623,0.5281206,0.46925443,0.4903469,0.5221629,0.5985792,0.6015585,0.5051813,0.51469827,0.5175856,0.47546053,0.52682924,0.5610641,0.4940707,0.47308484,0.52322334,0.53234684,0.46573,0.5410697,0.51399124,0.4849652,0.5123584,0.49791837,0.51194215,0.48400944,0.50995654,0.612982,0.4972728,0.55172753,0.5156735,0.5049198,0.5817944,0.48303962,0.51018053,0.5428281,0.46636304,0.51512396,0.4536708,0.5168571,0.5644818,0.5104706,0.5294956,0.50591075,0.50160545,0.5068354,0.5012898,0.51132816,0.52695906
2026-01-28,0,-6.85529666102751,0.0537481570946035,-5.34743771871527,0.49862465,0.48180398,0.4907468,0.44725713,0.5060248,0.50192463,0.5066549,0.528549,0.47414944,0.48266008,0.4471817,0.4952107,0.47505787,0.50455403,0.5147896,0.48266253,0.47247896,0.35661855,0.4292125,0.5190139,0.57954824,0.4846827,0.48104963,0.49604857,0.50345206,0.4822679,0.49626085,0.48951277,0.4801306,0.50811666,0.5415582,0.47930482,0.5042773,0.5244735,0.5671557,0.43544042,0.5244136,0.5858028,0.5067211,0.43118864,0.49006772,0.45632914,0.49560833,0.43774492,0.48626375,0.49647614,0.48943245,0.48549297,0.46055526,0.48043838
2026-01-29,0,-4.262211400662109,0.1010591817045415,-0.46139268457584,0.51661587,0.4930027,0.5012575,0.5461367,0.53510433,0.5458766,0.5250013,0.57730234,0.7399462,0.4959621,0.57744515,0.51129514,0.54843426,0.5410923,0.55400646,0.528364,0.49157652,0.55824196,0.54194283,0.5626585,0.4768946,0.5128643,0.66627717,0.53021765,0.517296,0.49278507,0.51593035,0.5014387,0.53328186,0.5800124,0.6077183,0.53373516,0.49241966,0.642984,0.51698524,0.648647,0.6449072,0.51197994,0.51644415,0.5999463,0.51860446,0.48776093,0.5104706,0.5376579,0.5280693,0.5076094,0.477766,0.5055043,0.53718156,0.5253559
2026-01-30,0,-10.687206618224804,0.0113095249164806,-6.774794341998951,0.50321335,0.50882846,0.5214058,0.53715277,0.47788233,0.5145894,0.48611614,0.41188395,0.33629277,0.513568,0.50686526,0.51129514,0.5336209,0.4189268,0.46229157,0.46546006,0.51403266,0.41207388,0.5235718,0.5206223,0.46809673,0.53406626,0.4491334,0.5085738,0.49867296,0.51783806,0.5024387,0.50052536,0.44157848,0.4390177,0.47590527,0.5050509,0.5110265,0.5160567,0.41749665,0.5384984,0.49609834,0.5279289,0.5461168,0.42036852,0.4743778,0.44930977,0.49560833,0.47295597,0.5223356,0.48282716,0.5090464,0.48653445,0.5105117,0.4055679
2026-01-31,0,-3.938696800406052,0.863546113467827,-2.27726489856116,0.49461633,0.50882846,0.54372936,0.48461488,0.47643942,0.50195396,0.4698188,0.5030251,0.5180528,0.51672626,0.5024045,0.52322835,0.5515066,0.48398107,0.6018676,0.51226926,0.4825647,0.5705211,0.5389516,0.5553019,0.5861178,0.534599,0.47673824,0.5462749,0.5142364,0.50974554,0.50730205,0.4863188,0.54255885,0.48144725,0.5726438,0.52472657,0.4973068,0.54760593,0.4680773,0.50847,0.5139153,0.5696046,0.56846946,0.5009889,0.49696723,0.5048582,0.4899035,0.5045764,0.514509,0.50160545,0.48750415,0.48673707,0.5422203,0.5227385
2026-02-01,1,-3.119835438665125,3.060198351476538,2.27411528626167,0.5138541,0.50882846,0.47206497,0.5576131,0.5005373,0.48866153,0.51691824,0.552335,0.5899633,0.48387116,0.47149086,0.5175856,0.47342584,0.46038425,0.5251327,0.45370254,0.49963978,0.6230548,0.503592,0.5230448,0.48729172,0.49377343,0.5017186,0.52572024,0.5058912,0.49278507,0.52122754,0.50995654,0.5917217,0.5016028,0.4746433,0.49444026,0.50393146,0.56929123,0.4468998,0.5602472,0.48690185,0.49838328,0.53908795,0.418542,0.52254635,0.56074435,0.51013714,0.43884766,0.51770926,0.50160545,0.4835075,0.49414945,0.48962253,0.50580996
2026-02-02,0,-7.642104534469948,0.5676112222477969,-3.84284248395607,0.48164573,0.49741504,0.48809355,0.56578815,0.50915325,0.5363634,0.48388907,0.5607645,0.6750062,0.51672626,0.5212264,0.48660472,0.4718843,0.50823456,0.51751834,0.5149461,0.47267836,0.45525673,0.53184193,0.5430346,0.4778881,0.53126794,0.44751915,0.4939731,0.48743945,0.51783806,0.52227116,0.4972807,0.56920135,0.5408176,0.57283795,0.46085262,0.4973068,0.5487229,0.4464331,0.50173247,0.5405519,0.4959898,0.5244948,0.54753995,0.52458674,0.5153624,0.48957688,0.5583752,0.5169766,0.48884258,0.4835075,0.49597773,0.4527346,0.45394793
2026-02-03,0,-5.259585515710379,1.5730275820078157,-3.4976698782899196,0.4943492,0.50882846,0.52387136,0.4609781,0.49653634,0.5040506,0.5136876,0.56559473,0.68914574,0.513568,0.5781741,0.5175856,0.53532094,0.52987933,0.57389426,0.51507246,0.5087519,0.48530278,0.51752406,0.46692947,0.61058575,0.5256787,0.54028404,0.52973026,0.50964075,0.51194215,0.52921176,0.5037063,0.49438664,0.4734496,0.613836,0.51479435,0.50393146,0.510735,0.49803326,0.50079393,0.49188086,0.5209356,0.53559345,0.48921403,0.58110976,0.48541546,0.500532,0.49239254,0.5071373,0.50160545,0.5090464,0.49235347,0.52252066,0.57751876
2026-02-04,0,-16.00450322534592,0.2393743258151393,-15.10256005239137,0.52948403,0.48386925,0.48289308,0.59607863,0.5057058,0.537335,0.5109212,0.52228314,0.48168716,0.513568,0.53076094,0.491254,0.5157072,0.54265696,0.5100035,0.54567844,0.5030631,0.51529276,0.56179506,0.527464,0.5175915,0.5223018,0.5973955,0.53010935,0.50972646,0.4822679,0.5372783,0.5037063,0.4095946,0.5354145,0.48077786,0.50866115,0.5042773,0.48605987,0.48026422,0.4881449,0.5123297,0.5143232,0.5031937,0.56201047,0.51709014,0.5063696,0.500532,0.48865867,0.5173393,0.50160545,0.5068354,0.5075698,0.5151817,0.5481579
2026-02-05,1,-4.735834595599437,13.150348287520094,11.50475938253494,0.4812612,0.49665818,0.49997568,0.4592563,0.5038878,0.5037073,0.5166936,0.40749764,0.48645675,0.513568,0.4914756,0.49987653,0.4561983,0.4292297,0.508919,0.50344855,0.49983788,0.48316425,0.47615254,0.5212395,0.46258715,0.4762449,0.5559271,0.46015555,0.48297566,0.50678575,0.4818539,0.4952844,0.5155229,0.43019456,0.5100873,0.48402253,0.49241966,0.6508071,0.5480315,0.5548536,0.56982017,0.5446325,0.5350005,0.5028082,0.4816891,0.47594106,0.48978648,0.5005779,0.48188788,0.50160545,0.48903367,0.5180421,0.52539134,0.40274832
2026-02-06,0,-4.759026535276252,1.5601742287139533,-1.84588543043171,0.4731601,0.48638335,0.5280718,0.5759627,0.51782846,0.5176505,0.5297347,0.66332835,0.69060874,0.4959621,0.48561248,0.5004833,0.55138296,0.6227474,0.59554625,0.5335675,0.52779764,0.61930424,0.47396907,0.5026569,0.50369674,0.5328044,0.5411855,0.5227023,0.51687914,0.50429106,0.46857417,0.5034805,0.5474367,0.49585938,0.5472936,0.49180028,0.51286954,0.6283068,0.54462206,0.6013398,0.51667464,0.62444466,0.51743925,0.50458616,0.45932126,0.48641217,0.49560833,0.53914106,0.46905816,0.5076094,0.52311414,0.5012898,0.5153961,0.59191823
2026-02-07,1,-0.5809650305263264,4.213696757563659,1.49122057058759,0.53691775,0.50882846,0.49873495,0.57389575,0.48683035,0.5360943,0.5069918,0.5382983,0.57051146,0.4959621,0.5112382,0.5197462,0.48073816,0.5245158,0.43632773,0.5605298,0.52241534,0.57275546,0.4988702,0.52541363,0.57823324,0.5134422,0.54447573,0.48932478,0.5159318,0.51783806,0.5109257,0.52768356,0.53978235,0.625746,0.59584713,0.5014674,0.50382996,0.60196,0.45404956,0.53904456,0.48638064,0.5393515,0.5337199,0.5446653,0.5742537,0.5120721,0.500075,0.5149444,0.5158337,0.49647614,0.50769556,0.50359553,0.5209049,0.54734355
2026-02-08,0,-2.9176963380010603,1.584345492892396,-0.27391234992863,0.4967482,0.49957168,0.47655702,0.45583305,0.48094186,0.49476546,0.5101418,0.4522076,0.5261078,0.4874376,0.48759767,0.49484766,0.49888644,0.54352725,0.50858784,0.49936274,0.48207033,0.5426084,0.49499878,0.455471,0.5206656,0.4692721,0.42086613,0.52645415,0.48801586,0.50678575,0.48744184,0.5165215,0.4327425,0.6255474,0.4815074,0.5231876,0.48993933,0.5695969,0.45398808,0.48931062,0.4964754,0.45259076,0.54501194,0.49605134,0.47509295,0.6004257,0.5140005,0.42740092,0.4922025,0.49647614,0.5186917,0.4960582,0.4760183,0.48099828
2026-02-09,0,-3.39025349593671,0.5539250873769405,-1.86610196327817,0.48680183,0.50882846,0.51616824,0.5059583,0.51498216,0.5022883,0.5141936,0.5676679,0.56736374,0.503673,0.4330738,0.4980094,0.5153355,0.5688382,0.441118,0.52676994,0.49088717,0.5114002,0.5409603,0.52218586,0.5249849,0.52383906,0.46563426,0.51312315,0.4984534,0.51783806,0.5051407,0.5037063,0.47565016,0.5124419,0.4993298,0.50465256,0.50393146,0.5627616,0.5117577,0.52608275,0.5518526,0.4982695,0.55582994,0.535445,0.4989005,0.5330211,0.500532,0.49580875,0.5275728,0.49647614,0.47996178,0.49597773,0.4810891,0.5249809
2026-02-10,0,-4.585278862567116,0.6538448941890566,-2.58802069394735,0.5040943,0.48700202,0.5144161,0.61116415,0.5287321,0.52349377,0.51433474,0.4888409,0.7025756,0.513568,0.5713419,0.51978225,0.58252573,0.5569589,0.5823636,0.5216398,0.55073404,0.63365227,0.5349219,0.51829696,0.62354785,0.52733344,0.539903,0.5116507,0.48114064,0.49278507,0.5021874,0.4976459,0.5683698,0.48473996,0.5806757,0.50910634,0.51286954,0.53264487,0.5353803,0.60183144,0.48888725,0.52444696,0.53209776,0.48676348,0.4727253,0.53342384,0.5163285,0.48039722,0.5260471,0.50160545,0.5295597,0.502555,0.518028,0.5773155
2026-02-11,0,-2.972249464152869,1.96031106384466,-1.21534529376775,0.5242872,0.48386925,0.4648382,0.4484488,0.49096543,0.5043363,0.490302,0.4416022,0.55644107,0.4959621,0.46690267,0.500733,0.5457395,0.4717556,0.55552053,0.4459623,0.50573194,0.5784137,0.5243971,0.49830517,0.45379248,0.5514734,0.60348856,0.4779763,0.50006884,0.4822679,0.52211684,0.4793588,0.44092625,0.5596227,0.40008828,0.49473974,0.4841706,0.5171581,0.501665,0.5453169,0.44190946,0.472329,0.5155598,0.5069337,0.4590946,0.44085655,0.5163285,0.48114946,0.47954535,0.5064263,0.5010974,0.5095358,0.50374275,0.52250665
2026-02-12,1,-0.604960215239433,4.731163617752057,3.8217689464747804,0.50600123,0.4930027,0.48106927,0.5973563,0.5201096,0.5038556,0.5239932,0.4836232,0.6347642,0.48387116,0.53819263,0.50781363,0.50098413,0.5272258,0.42893675,0.4890784,0.49210045,0.50601107,0.4920758,0.47479728,0.50061846,0.51620674,0.4824233,0.52755386,0.51752317,0.51783806,0.48312056,0.5136394,0.4596482,0.5079292,0.48880807,0.4804955,0.50983304,0.6558112,0.47985527,0.661363,0.4698658,0.49380028,0.5555918,0.50489867,0.5345521,0.53619576,0.500532,0.5515168,0.5056806,0.5064263,0.4999528,0.49597773,0.52606153,0.5134746
2026-02-13,1,-0.1800063269473243,2.447581356134977,1.39750124276553,0.52476346,0.48180398,0.50446624,0.40765402,0.4906788,0.48814797,0.51643777,0.5549723,0.60328794,0.513568,0.43512383,0.49898076,0.4816901,0.5118205,0.50237036,0.45603913,0.51289153,0.5558944,0.45923626,0.51059246,0.40532786,0.4847028,0.5563923,0.49373168,0.49440154,0.5128888,0.47912616,0.48502937,0.4744356,0.48542747,0.45997348,0.53178537,0.51194215,0.5866439,0.4623037,0.42389455,0.44465053,0.54872817,0.42350307,0.46274623,0.44349995,0.4965462,0.4862413,0.4672219,0.4583592,0.5064263,0.51538235,0.49597773,0.5332233,0.51132524
2026-02-14,0,-2.645504711208068,1.6477659463885772,-1.42855729250263,0.49882072,0.49487925,0.52804905,0.4941406,0.47506896,0.5268121,0.5141527,0.5946961,0.5171471,0.513568,0.4925182,0.51630247,0.47385186,0.5448742,0.5459088,0.53374976,0.5233006,0.56962526,0.53451455,0.5089441,0.5475284,0.50603527,0.5084499,0.50921726,0.5114103,0.49677044,0.49781862,0.48951277,0.48766008,0.5027606,0.5377648,0.4779336,0.4854113,0.4715221,0.5060099,0.4665519,0.47636312,0.51833856,0.5435841,0.51300627,0.4741341,0.59144926,0.49943975,0.4788636,0.5303976,0.49647614,0.4929846,0.48653445,0.48424107,0.52864045
2026-02-15,1,-2.260446511600404,1.862599881289157,0.08691232444626,0.5063828,0.50882846,0.5036976,0.5403263,0.49251512,0.47988343,0.5141527,0.6137547,0.5640568,0.513568,0.46540397,0.5175856,0.5195833,0.5436703,0.55964935,0.46566647,0.5139578,0.56532377,0.53804636,0.48085335,0.52738136,0.5098838,0.58214146,0.50240284,0.50972646,0.49278507,0.4798596,0.5037063,0.5477444,0.45397288,0.52295274,0.46194226,0.49702954,0.5730958,0.4950141,0.44609758,0.46421322,0.5053718,0.5333593,0.46148902,0.49315813,0.4907054,0.5110265,0.4980138,0.5077018,0.51072025,0.5068354,0.48653445,0.5427542,0.605996
2026-02-16,0,-3.352555883087443,0.505409124389142,-2.03665579406587,0.46336275,0.50882846,0.49719214,0.57069474,0.5089451,0.50193393,0.50227916,0.398843,0.5119691,0.4874376,0.4221095,0.50079536,0.52551246,0.50106305,0.4699712,0.5323762,0.48381683,0.46035454,0.50658864,0.5415988,0.52422655,0.49120578,0.48211598,0.44895896,0.50803006,0.51783806,0.51074743,0.4976459,0.45377892,0.49847555,0.4876321,0.51203996,0.4841706,0.5833358,0.45616397,0.4325508,0.4936587,0.5614502,0.542008,0.5053527,0.5004986,0.48237443,0.500532,0.4577247,0.47826448,0.5064263,0.5148681,0.5075698,0.5175429,0.45930064
2026-02-17,0,-2.4496642014363355,1.4306787044892144,-1.55644352091181,0.44965607,0.48663262,0.5022512,0.4650404,0.48750472,0.47603112,0.49980578,0.44555888,0.46779424,0.508898,0.47898096,0.4832786,0.49298447,0.49155706,0.44735444,0.42824343,0.49874234,0.52737004,0.55796146,0.5041158,0.3934378,0.46463868,0.43905935,0.53020597,0.5124005,0.49677044,0.45314974,0.4874862,0.41854408,0.41878584,0.41359898,0.49569032,0.5133252,0.44468287,0.5024798,0.4342994,0.40630984,0.4451761,0.518026,0.5742766,0.43455887,0.50725496,0.4862413,0.46017736,0.47569373,0.5064263,0.5023283,0.46652165,0.41521338,0.50656205
2026-02-18,1,-1.255451777113379,1.28420598647584,0.8132980025301699,0.48831233,0.512499,0.47508457,0.5196573,0.5682682,0.4793584,0.50383097,0.4130263,0.4950695,0.5133252,0.3926838,0.4832786,0.4582061,0.4775511,0.44813943,0.48389196,0.5062853,0.49181205,0.39198926,0.48460412,0.45693737,0.47682816,0.34517384,0.5032737,0.47762966,0.48590192,0.48890194,0.48838156,0.43649328,0.5720353,0.49713624,0.43908444,0.4841706,0.5226315,0.5387418,0.5166597,0.48432988,0.5109088,0.49163714,0.57455564,0.4346997,0.4697716,0.48121327,0.48639944,0.48484075,0.50143176,0.51845443,0.48170525,0.426604,0.4695196
2026-02-19,1,-1.0857079427830478,1.943069414572261,1.50536371114734,0.5123574,0.4977619,0.5211946,0.51180816,0.5116389,0.49327087,0.47036362,0.5073835,0.5237479,0.513568,0.5382524,0.4665035,0.53048396,0.55542725,0.5188014,0.4899984,0.47922498,0.6164762,0.47587746,0.5377698,0.48747373,0.4708566,0.505613,0.49536183,0.5052152,0.50678575,0.52111614,0.4888284,0.46668008,0.5071371,0.46919075,0.49434328,0.5049198,0.57711464,0.51193476,0.5161183,0.6167742,0.5069231,0.4693446,0.59071344,0.5326776,0.5002926,0.50742584,0.512462,0.52037656,0.50160545,0.51755357,0.5075698,0.491952,0.53574383
2026-02-20,0,-0.7160534804912205,0.992834960165793,-0.0648254669127,0.51934934,0.50882846,0.5227915,0.5123033,0.51373655,0.5514322,0.5149495,0.62035143,0.55146265,0.513568,0.45546624,0.52322835,0.5099051,0.46507046,0.4610129,0.50943273,0.50097865,0.45937333,0.517074,0.55303687,0.5080747,0.5154742,0.5074301,0.5053903,0.49393228,0.51783806,0.48791122,0.51298845,0.5427049,0.5701959,0.52486855,0.4809021,0.5049198,0.45859098,0.48111126,0.51544344,0.51546776,0.536086,0.51219183,0.51886994,0.5083407,0.5346779,0.48957688,0.55010504,0.50320727,0.50160545,0.48429504,0.48653445,0.53844833,0.49606535
2026-02-21,0,-1.1629244993436465,0.3950499382663779,-0.49038830436894,0.5248856,0.48221365,0.49000528,0.4442233,0.4460092,0.52502096,0.49970162,0.42092896,0.42318243,0.48403236,0.47862938,0.500997,0.4791094,0.42455882,0.51855606,0.47759134,0.49374053,0.482703,0.4587405,0.5122564,0.5207493,0.536199,0.4895634,0.5023908,0.49987844,0.49278507,0.53510433,0.5037063,0.39887714,0.4359699,0.45718053,0.46810186,0.4826037,0.59445137,0.431014,0.57901776,0.4702707,0.5102854,0.51954305,0.4605269,0.4399314,0.5488108,0.500075,0.50450736,0.50526434,0.51072025,0.51333064,0.48221543,0.5061056,0.469618
2026-02-22,0,-5.7105873247959416,0.061273234869289,-4.5168571216361695,0.51464653,0.512499,0.4985789,0.44597045,0.4586152,0.5135247,0.49514723,0.5060671,0.41001058,0.48569548,0.41165644,0.48793086,0.4096572,0.5334991,0.4154377,0.4508271,0.49955836,0.4829162,0.36924967,0.45120984,0.5314415,0.46696895,0.488356,0.44819942,0.48128092,0.50678575,0.46802184,0.4878298,0.4377679,0.44745442,0.46662343,0.46945354,0.5133252,0.50245094,0.44512483,0.4118179,0.4949732,0.45499668,0.4940803,0.42626566,0.45535263,0.50346524,0.5131177,0.52298343,0.46614483,0.48318657,0.5022252,0.48653445,0.46142283,0.40732992
2026-02-23,0,-3.3750194448440185,0.5717506033005045,-0.92899530772159,0.46657738,0.48438945,0.48401627,0.5009341,0.45983753,0.49291262,0.5104199,0.57051635,0.456453,0.48569548,0.40939006,0.465901,0.41159382,0.450067,0.3976852,0.45943597,0.46554282,0.521148,0.43466857,0.50285596,0.49795106,0.4936974,0.41929308,0.47868684,0.49440154,0.48590192,0.45975924,0.4874862,0.44829428,0.39946845,0.45854712,0.48443297,0.5113476,0.44156554,0.48205099,0.46475136,0.47995996,0.5000887,0.50127274,0.41889283,0.4185637,0.5368717,0.48121327,0.46318755,0.49604434,0.51072025,0.48082998,0.5075698,0.50698894,0.54990846
2026-02-24,1,-0.2264256533189348,8.854439329968457,5.95405427658225,0.47348323,0.48180398,0.4814035,0.4383044,0.4627491,0.48634675,0.48252752,0.43056896,0.5501176,0.49974602,0.47949272,0.4810242,0.49076048,0.47582045,0.46062228,0.46201447,0.49997324,0.47580177,0.40801132,0.5046858,0.52051926,0.53521,0.43071586,0.5071415,0.48592743,0.48978648,0.49419767,0.4926764,0.4596006,0.5316658,0.51143056,0.4752683,0.4841706,0.49194795,0.45041326,0.50881135,0.5126918,0.41960287,0.5276295,0.43767688,0.45878482,0.4833207,0.49957168,0.45766687,0.48506257,0.5064263,0.5028042,0.49597773,0.47218338,0.5369635
2026-02-25,0,-2.212985969224209,1.2743650556327168,-0.7423789136971399,0.5336902,0.48386925,0.5085597,0.5024832,0.5243064,0.5149704,0.52884406,0.6017295,0.5970222,0.51472,0.6079698,0.4967381,0.4410456,0.50815046,0.5568484,0.4896542,0.46742004,0.4959362,0.4152617,0.5446291,0.56909883,0.46844995,0.61387986,0.456114,0.49665463,0.51329976,0.52852637,0.49356332,0.53588283,0.5430762,0.5249515,0.5041516,0.50983304,0.5442801,0.53141683,0.5639321,0.53046185,0.5677407,0.5191666,0.4483259,0.54444164,0.5178307,0.500532,0.5362238,0.48531953,0.48344567,0.50078505,0.5033544,0.5677032,0.5143674
2026-02-26,0,-3.883761500990005,1.0782850607873191,-2.41930350949816,0.5222636,0.50882846,0.5183501,0.5612982,0.4472227,0.45670217,0.5437767,0.592873,0.5525285,0.513568,0.5438314,0.51975924,0.576212,0.58079237,0.49932614,0.5053863,0.4983268,0.49096784,0.5491703,0.60086113,0.56737125,0.4981818,0.54343843,0.55994606,0.49315998,0.5145756,0.5345198,0.4974044,0.55224043,0.6273651,0.54348826,0.5499965,0.5113476,0.5568401,0.48384842,0.5819242,0.57570267,0.53311527,0.45520353,0.540683,0.54418546,0.5265809,0.48957688,0.5375659,0.48649174,0.50462043,0.49570197,0.52252036,0.4861127,0.53979105
2026-02-27,1,-4.410417959707872,2.8257067221701617,1.65784521278679,0.5050849,0.48663262,0.49077034,0.5248722,0.5103401,0.5055554,0.50812066,0.51569617,0.5535954,0.513568,0.54957575,0.49640107,0.51732445,0.50743353,0.56402975,0.47402236,0.5282366,0.5178881,0.48288974,0.5351971,0.6772891,0.49162644,0.49571463,0.48313358,0.49882764,0.50429106,0.46866706,0.4964349,0.48492208,0.41963845,0.53305954,0.47307023,0.5133252,0.4802253,0.5674595,0.37419102,0.5178873,0.52982205,0.52421105,0.5089192,0.45492545,0.5254795,0.49943975,0.5302928,0.4746366,0.50637686,0.49113446,0.5075698,0.48654747,0.6218999
2026-02-28,0,-2.9044997804029205,1.8150982971874488,-1.8031259656580398,0.49845773,0.50425464,0.48377097,0.44880274,0.47967756,0.5245628,0.49009168,0.47652602,0.47959983,0.4959621,0.40990037,0.4889264,0.4233055,0.47204065,0.46622777,0.40411127,0.50587815,0.5866235,0.42602518,0.5092451,0.4899849,0.44546083,0.3693441,0.48853403,0.48632014,0.50678575,0.44846588,0.4878298,0.4106018,0.47040743,0.42789066,0.47858503,0.503673,0.38959134,0.44427505,0.41167358,0.53226215,0.4638533,0.49401832,0.40668437,0.46896508,0.5147264,0.49957168,0.41880044,0.4696716,0.51194215,0.48082998,0.4901576,0.4713049,0.537774
2026-03-01,1,-0.7894989925937487,6.360355547815784,4.53783925294239,0.4873035,0.50425464,0.47290337,0.4257607,0.47242868,0.4624079,0.48236617,0.4638016,0.53359973,0.4959621,0.393882,0.4946805,0.45520416,0.44726133,0.40126604,0.4041679,0.52131337,0.4690812,0.43240944,0.50148666,0.32837623,0.4839098,0.43714428,0.52164334,0.48632014,0.49677044,0.4642285,0.49354437,0.4493297,0.44067731,0.45904195,0.48720375,0.5113476,0.47155356,0.47435817,0.4085491,0.50032973,0.49476653,0.5155214,0.44859844,0.4823164,0.45120737,0.48121327,0.4782163,0.47748125,0.51072025,0.48979962,0.49597773,0.45978922,0.4473586
2026-03-02,0,-3.9594747610371,0.6199248838570028,-0.71745873014225,0.49376646,0.48180398,0.5440776,0.42094555,0.5072945,0.46855313,0.5035888,0.55377626,0.41180146,0.48569548,0.4476644,0.49422458,0.5431549,0.43356916,0.46592972,0.4389159,0.4731412,0.4900165,0.46805897,0.52626497,0.43623096,0.49612197,0.45965025,0.47016102,0.490292,0.50678575,0.47822392,0.49429026,0.45415452,0.46628204,0.4210252,0.46360448,0.5133252,0.47958788,0.4811296,0.4399971,0.4572517,0.43482372,0.49751863,0.4917946,0.5057445,0.4725676,0.50742584,0.4307895,0.51491755,0.5018893,0.5005237,0.48457676,0.46838412,0.45976815
2026-03-03,1,-1.3820962903124856,8.027455989242164,6.14182153169307,0.5062201,0.50882846,0.5390315,0.4394375,0.5065572,0.49894354,0.48739567,0.3870554,0.47374284,0.513568,0.46300372,0.5024889,0.50555265,0.45998284,0.47230887,0.44763634,0.49256173,0.42834643,0.49558157,0.4923234,0.6332681,0.5012777,0.44701713,0.51046747,0.50972646,0.49278507,0.49633843,0.48869273,0.4997654,0.54131347,0.50597984,0.49193797,0.4854113,0.46081054,0.5091379,0.45156008,0.48396468,0.47576302,0.42186576,0.5119407,0.49871817,0.4664433,0.48887202,0.49513963,0.49773166,0.50160545,0.49031356,0.5075698,0.48801073,0.4847247
2026-03-04,0,-2.821020795945082,1.2192053743756146,-2.47446597423505,0.5148244,0.48386925,0.48605728,0.47620043,0.46249595,0.50856984,0.5231836,0.4394489,0.4672413,0.513568,0.4491682,0.4908801,0.502878,0.5353254,0.4904991,0.43924096,0.5096307,0.48606557,0.46557307,0.52196276,0.43816108,0.5310267,0.47705355,0.5044469,0.48393115,0.4822679,0.5046104,0.5067277,0.47614595,0.48425323,0.50454617,0.506567,0.5049198,0.4196708,0.50758404,0.46158358,0.56449604,0.42869562,0.50032485,0.48632532,0.48027956,0.49836114,0.48887202,0.49598193,0.4774948,0.49647614,0.4956652,0.49597773,0.56253856,0.49851975
2026-03-05,0,-4.5392127574983085,0.7438125736692865,-3.9956470714459797,0.4971041,0.49665818,0.49417973,0.49832243,0.48247743,0.48937878,0.46684095,0.53486437,0.41255286,0.513568,0.4435247,0.4973544,0.53706074,0.45603502,0.51309025,0.37363186,0.5104989,0.5222429,0.48520577,0.47907263,0.42515728,0.49694073,0.5456281,0.4611294,0.48297566,0.50678575,0.50389165,0.5084728,0.4598858,0.5383011,0.52680826,0.513662,0.5133252,0.489796,0.47982863,0.5322871,0.5032342,0.44486928,0.42229044,0.49877742,0.46216658,0.46103776,0.5131177,0.45650113,0.5076314,0.48318657,0.4860086,0.48584086,0.47188038,0.49550733
2026-03-06,0,-1.7756022914303182,0.6395511619463872,-1.2574095363267301,0.48042992,0.48663262,0.46542242,0.40561727,0.45236823,0.45970875,0.45861676,0.39691815,0.36386332,0.513568,0.3488175,0.4889264,0.4885528,0.4386676,0.43239337,0.4369724,0.5201207,0.37670815,0.4184457,0.4514528,0.42184293,0.46641406,0.38413513,0.46143523,0.48632014,0.50429106,0.4582948,0.5005332,0.4254727,0.38461405,0.39856288,0.49651694,0.5133252,0.41120836,0.43645862,0.37256247,0.51368415,0.42369336,0.44217032,0.4078963,0.39380237,0.42159915,0.48121327,0.43883544,0.4672404,0.49741504,0.4835075,0.5075698,0.45608,0.547888
2026-03-07,0,-2.475145432709657,1.383559453117739,-1.9390687162494198,0.4569545,0.508898,0.4788226,0.430955,0.4744644,0.4603413,0.44997314,0.46563074,0.46980685,0.4959621,0.4351445,0.4832786,0.50492156,0.4105177,0.43809572,0.47974434,0.47001407,0.4723387,0.34792736,0.510689,0.31115958,0.46964714,0.44128662,0.48747483,0.5124005,0.51093686,0.45571214,0.4874862,0.5411083,0.36969072,0.3527148,0.46569216,0.48978648,0.3657983,0.50711465,0.38628092,0.5726641,0.45943186,0.46205682,0.46018624,0.40833735,0.44735023,0.48121327,0.48172894,0.48998293,0.49741504,0.51442057,0.49597773,0.48252225,0.44833428
2026-03-08,1,-0.2264609976019943,5.234800906841167,3.6624606413519203,0.49380133,0.4930027,0.49897203,0.49739638,0.45033818,0.5119285,0.49090177,0.50554866,0.54184556,0.4874376,0.56530994,0.5175856,0.5467453,0.4951674,0.48335195,0.51127076,0.48682934,0.48401254,0.51353836,0.5184466,0.46576074,0.48548454,0.44029233,0.52916354,0.51397246,0.50974554,0.49832466,0.5125994,0.55692285,0.4328268,0.47245902,0.46610928,0.4841706,0.5188243,0.43768457,0.54808605,0.5109537,0.5125932,0.48011294,0.5505863,0.4876314,0.5775261,0.48394904,0.5619766,0.49462777,0.49741504,0.49992466,0.5139502,0.49202067,0.41404942
2026-03-09,1,-0.0595657622511543,4.7721200905096905,2.19182259322737,0.49754414,0.50882846,0.5166441,0.5490566,0.4893743,0.50052613,0.53167844,0.47927618,0.48243758,0.4874376,0.49800184,0.502529,0.5009825,0.53538376,0.44727573,0.4758075,0.4771909,0.5546973,0.44433343,0.51727426,0.427627,0.5168778,0.50143653,0.5182944,0.4829541,0.51783806,0.49977878,0.49281752,0.53271186,0.5706071,0.43497196,0.4835955,0.4841706,0.50126034,0.5251511,0.5246289,0.5219504,0.50333446,0.45374918,0.50623643,0.52932733,0.5638342,0.48957688,0.4779582,0.5314703,0.5064263,0.50683415,0.48321563,0.49249175,0.48917964
2026-03-10,1,-1.3974807089141863,1.9429698707499123,0.34712343910404,0.4820095,0.48591337,0.5181508,0.5744096,0.45599797,0.5304596,0.5166936,0.5386988,0.4784625,0.513568,0.49622458,0.52419084,0.53069776,0.5056177,0.45938465,0.47074533,0.4893526,0.50206614,0.4680845,0.5613354,0.5796794,0.51643336,0.4576072,0.5201925,0.5004219,0.50678575,0.51550317,0.49774298,0.48760125,0.5235973,0.56052434,0.51164705,0.48978648,0.5624055,0.5146217,0.48898408,0.55960053,0.579679,0.51844627,0.53229517,0.5136828,0.51773584,0.50742584,0.5299787,0.46614483,0.48282716,0.52005863,0.502555,0.47415876,0.59745145
2026-03-11,1,-1.4146086291443931,0.8626650807096057,0.49665710490482,0.51361305,0.48663262,0.4907359,0.50899905,0.4662535,0.45772645,0.51708454,0.4162272,0.3739887,0.513568,0.4760342,0.5165618,0.4720179,0.52325034,0.5567853,0.43778992,0.48517376,0.5634323,0.4590839,0.50560105,0.49093577,0.45694867,0.4907832,0.461064,0.48371357,0.50429106,0.45260873,0.4878298,0.43615195,0.46540275,0.42564145,0.4783466,0.50924104,0.48595372,0.4745652,0.37647477,0.5592095,0.4539669,0.48886538,0.4524652,0.44622153,0.44072464,0.51194215,0.49239433,0.49419108,0.48954877,0.4875039,0.5075698,0.43071178,0.3967396
2026-03-12,1,-0.2204399116290244,4.66998166585422,0.54945542723691,0.46875778,0.48663262,0.52287924,0.47492683,0.45097715,0.49884063,0.52991086,0.43614486,0.4897525,0.4959621,0.38815677,0.5004833,0.55399597,0.43287632,0.51647764,0.50762355,0.4989327,0.4999042,0.5000281,0.542847,0.5460289,0.4782311,0.54842395,0.48557264,0.49507445,0.5171019,0.5155159,0.4871212,0.52936906,0.44622713,0.41798392,0.51471657,0.50393146,0.5028871,0.50610816,0.54523987,0.5300141,0.5341051,0.49222392,0.5446407,0.49060565,0.4871105,0.50742584,0.53329897,0.48084304,0.49647614,0.5068354,0.502555,0.52561337,0.4634685
2026-03-13,1,-0.8679884863168766,0.5313925981233819,0.39671661995195,0.4797619,0.50167966,0.49322888,0.4276535,0.48359147,0.4669623,0.50812066,0.4517692,0.4399281,0.513568,0.47590888,0.465901,0.4520525,0.43907183,0.33526462,0.4724374,0.47923204,0.54140246,0.48808673,0.53334147,0.4439503,0.4819413,0.445712,0.5011413,0.48632014,0.50429106,0.4777579,0.5034805,0.4217279,0.44405445,0.5178047,0.49662986,0.5113476,0.47773978,0.4221082,0.43500525,0.44393185,0.506887,0.38527012,0.47265685,0.47624478,0.4374757,0.48121327,0.56392425,0.4887732,0.51072025,0.48979962,0.5000188,0.4798697,0.50793195
2026-03-14,1,-0.4971194669176769,2.7521118258249966,2.2264632539767697,0.50571793,0.4930027,0.52301085,0.4900245,0.49903637,0.5212863,0.5133901,0.6169141,0.71444297,0.513568,0.55593437,0.4885906,0.5638002,0.61853695,0.59068,0.5654456,0.4936019,0.47480306,0.49588934,0.51685566,0.5936737,0.5175961,0.71727407,0.5088332,0.5142364,0.50974554,0.56413347,0.4994257,0.5742806,0.6009839,0.54937834,0.5152311,0.5113476,0.5665946,0.5541647,0.6051669,0.4927417,0.5477215,0.46544215,0.5340062,0.5536701,0.55791783,0.5127774,0.5665415,0.51749706,0.51072025,0.48652238,0.50875556,0.5280229,0.45428345
2026-03-15,1,-0.7510495504428638,2.834983752673985,2.8023922724339,0.51920366,0.5020219,0.52766395,0.6069065,0.5320326,0.5492412,0.5242195,0.5315391,0.66593206,0.5166803,0.572194,0.5105654,0.48840272,0.5268305,0.5338039,0.52339214,0.5097876,0.48814648,0.4805367,0.5245417,0.4811404,0.52778804,0.5939431,0.49496713,0.515601,0.5072235,0.5085228,0.5067277,0.5120556,0.5165696,0.55861104,0.46849325,0.5113476,0.51799715,0.5241337,0.55919945,0.54132134,0.5216367,0.53447556,0.55234593,0.5262126,0.5134576,0.51013714,0.5796196,0.5103898,0.49096906,0.49652553,0.502555,0.4859593,0.46290854
2026-03-16,0,-2.0036296540385794,1.4784143608709337,-1.3109719098401,0.47756806,0.50882846,0.49746794,0.55595416,0.49296513,0.46313784,0.52939993,0.4044967,0.39293113,0.4874376,0.42022404,0.48660472,0.43649405,0.5106533,0.55356777,0.48658982,0.479512,0.5980032,0.5134841,0.5202008,0.53781694,0.5191843,0.4788776,0.51983535,0.48125944,0.51194215,0.49011773,0.5129767,0.5410076,0.5428879,0.48149413,0.51313025,0.50393146,0.44745663,0.5037959,0.44912472,0.5231327,0.49656525,0.489782,0.49060962,0.5155273,0.5049208,0.4945185,0.47956848,0.51330453,0.50160545,0.5148681,0.5012898,0.47294483,0.51260453
2026-03-17,0,-4.722676776099764,1.027026486406988,-3.66932210131126,0.4817234,0.5154636,0.47663313,0.38154003,0.42173603,0.52408195,0.4963095,0.425565,0.42281154,0.5051813,0.4884603,0.49295378,0.482509,0.4476572,0.46895683,0.48043767,0.48179865,0.43596017,0.418816,0.46524638,0.39102584,0.49365875,0.5112497,0.52288586,0.49183846,0.48161536,0.4329352,0.46454322,0.40472114,0.42771235,0.5069614,0.48739448,0.49702954,0.36962727,0.46496034,0.4384556,0.44785658,0.41952002,0.47402692,0.44795313,0.4733893,0.46327123,0.4883594,0.4496962,0.50136,0.4821376,0.5306791,0.5175131,0.4431689,0.41280952
2026-03-18,0,-3.5039173275140683,0.5141396621286475,-1.86515148503324,0.4511246,0.48180398,0.4881732,0.5309126,0.50759417,0.43567282,0.518855,0.52050465,0.35989442,0.48266008,0.41001096,0.47699285,0.46519333,0.4036021,0.4787282,0.42379558,0.508578,0.38375142,0.41075248,0.43076345,0.39055017,0.47080153,0.33563828,0.48857877,0.503701,0.50678575,0.4842172,0.50744474,0.3764534,0.5189219,0.38641632,0.4455894,0.4841706,0.4267362,0.4679302,0.4408709,0.46541998,0.4922873,0.49116075,0.46440548,0.41916263,0.50941014,0.49957168,0.47128505,0.4984852,0.48344567,0.46614844,0.48055997,0.4713039,0.40029204
2026-03-19,1,-0.7780799816612974,2.034083591546361,0.82701551029787,0.5292722,0.49665818,0.4944196,0.39353094,0.4479234,0.4743473,0.49191415,0.53554004,0.53186685,0.4959621,0.48725164,0.5008628,0.5236752,0.4477379,0.51898426,0.4282072,0.507507,0.6021251,0.51016754,0.5124021,0.5425352,0.4661388,0.48308545,0.49286306,0.48128092,0.50678575,0.5032166,0.4952844,0.5122146,0.49747202,0.4894773,0.49584603,0.5018893,0.5585787,0.48921221,0.42370906,0.5614038,0.5503346,0.506455,0.5088952,0.48219863,0.51240855,0.49943975,0.4788496,0.4639792,0.5064263,0.4835075,0.5075698,0.52240807,0.42696783
2026-03-20,0,-2.788906697213871,0.8335660718799336,-2.28457635345591,0.5273439,0.50167966,0.49094188,0.59141856,0.52096444,0.532789,0.5160365,0.6419203,0.6138829,0.513568,0.48505557,0.48531726,0.59863657,0.6097926,0.54942465,0.5578444,0.492062,0.5586737,0.46850833,0.53066117,0.6597565,0.4897314,0.713621,0.50174767,0.48935845,0.50429106,0.48273122,0.48848724,0.5659034,0.5261902,0.4705913,0.54831296,0.5049198,0.61875576,0.5080324,0.48290688,0.54452705,0.50821704,0.47729677,0.5374318,0.51752394,0.5117265,0.50742584,0.5103518,0.49147525,0.5134346,0.48664436,0.50567186,0.49235126,0.64073366
2026-03-21,0,-2.285796529836224,0.9684357865715006,-1.54871102583228,0.53412014,0.50882846,0.5260554,0.63689524,0.49652976,0.4816195,0.51755357,0.6231683,0.75117093,0.513568,0.60766,0.52896833,0.5547611,0.5760484,0.5152565,0.5088057,0.51237404,0.6538301,0.47366387,0.5947497,0.634022,0.5262797,0.6292377,0.4842891,0.49675658,0.50974554,0.5232293,0.5125994,0.5374972,0.54559785,0.57023335,0.5351569,0.50393146,0.7307703,0.48501366,0.59571904,0.5674446,0.6597951,0.5457621,0.5485722,0.53306746,0.57071865,0.5124274,0.5557038,0.49078947,0.5076094,0.50769556,0.5101716,0.53502035,0.60391617
2026-03-22,1,-0.6116903266512465,5.6690446989619305,4.39293795760913,0.5010437,0.4930027,0.5027899,0.5516054,0.49508587,0.47667074,0.49182042,0.48926085,0.34906492,0.48569548,0.5013684,0.52071106,0.45699602,0.5116002,0.5531482,0.44809237,0.5070961,0.51074183,0.47895557,0.48480818,0.4507687,0.45767885,0.45078292,0.46577683,0.5062571,0.49278507,0.51119316,0.5035321,0.5239819,0.5343118,0.5431704,0.470721,0.50393146,0.4901325,0.5400394,0.5061655,0.51157826,0.5139902,0.49375975,0.46964613,0.5090718,0.5503924,0.48887202,0.47689697,0.50420064,0.48884258,0.484367,0.48653445,0.46182683,0.48414466
2026-03-23,0,-2.8370447535003325,0.6936466743575167,-0.49441937848232,0.45889068,0.48678184,0.4609244,0.5252497,0.47572067,0.49549386,0.48826912,0.50204474,0.4947495,0.48569548,0.49089155,0.4864058,0.4758306,0.4376422,0.526891,0.47111252,0.5123229,0.47302124,0.5004007,0.53924286,0.45446545,0.48521563,0.4397296,0.51136667,0.4992021,0.50678575,0.45705116,0.4878298,0.51572955,0.51736116,0.5338957,0.5288292,0.4841706,0.45205253,0.46507576,0.5224944,0.5312906,0.46683773,0.5158837,0.5066177,0.41427457,0.4522128,0.48121327,0.39655972,0.4788085,0.5064263,0.48082998,0.503224,0.4255952,0.42824838
2026-03-24,1,-0.2110315745629718,2.061120567309429,1.09913296166372,0.50167596,0.512499,0.50583506,0.549288,0.42420354,0.52215874,0.49228042,0.43927482,0.5245145,0.4959621,0.54212964,0.51837426,0.4896099,0.49452367,0.52495474,0.41589838,0.52050763,0.49956092,0.52145,0.5627509,0.52223843,0.4942611,0.5999513,0.5202053,0.49717045,0.5126951,0.5191443,0.48098105,0.5281654,0.48991197,0.48329246,0.4827118,0.5113476,0.54892325,0.4736558,0.5187445,0.5358159,0.5050105,0.50196475,0.4704846,0.50903803,0.52105975,0.5131177,0.47836944,0.5206487,0.4821376,0.5111039,0.5106226,0.466214,0.6037211
2026-03-25,0,-4.565336071719171,0.1404884265798962,-3.5909633570084103,0.45345592,0.5125269,0.4585152,0.44856185,0.5266452,0.4581608,0.4856961,0.41694954,0.29081482,0.4959621,0.42543343,0.5092275,0.38682103,0.46349552,0.4353704,0.43100575,0.50845665,0.4261743,0.41719913,0.47769952,0.39019677,0.4611635,0.3844867,0.4971602,0.4887542,0.512982,0.46600074,0.5056936,0.4820597,0.46194872,0.47893304,0.4564436,0.5042773,0.3937204,0.491232,0.40024063,0.5116124,0.4685877,0.4688846,0.45021483,0.41642043,0.41459253,0.48121327,0.5233581,0.49813455,0.49647614,0.4997006,0.51677835,0.4223842,0.4590078
2026-03-26,0,-4.871239218808765,0.5199166258470169,-3.56922158369555,0.5432433,0.50882846,0.50448585,0.6158021,0.5318248,0.51214,0.5059253,0.47488618,0.67391497,0.513568,0.51790184,0.5274894,0.52825,0.54632,0.5416467,0.56758785,0.49998498,0.5421204,0.5718732,0.58679557,0.56908906,0.4857387,0.58155864,0.5591047,0.515601,0.51783806,0.49576795,0.5136394,0.5753393,0.5890928,0.5478867,0.5300204,0.5042773,0.523326,0.48328906,0.58761203,0.62100065,0.60371834,0.55195296,0.51617694,0.5016875,0.53025496,0.5168344,0.57818663,0.49282575,0.5076094,0.52311414,0.49597773,0.51073384,0.60900396
2026-03-27,0,-0.7181416115788807,1.3189195337271922,-0.045562612816689996,0.4774884,0.5125269,0.52304065,0.54551935,0.5127515,0.47150734,0.5046635,0.52633876,0.61835283,0.513568,0.5424557,0.4973544,0.58347976,0.5368496,0.5527757,0.5066329,0.49144596,0.6578226,0.43716738,0.49518943,0.5198548,0.5067714,0.5739048,0.53564495,0.48740128,0.50429106,0.50520533,0.5024398,0.54192275,0.53737104,0.5064287,0.49518874,0.5049198,0.5149134,0.5167691,0.48641038,0.57077926,0.52925044,0.5021771,0.55296695,0.5010341,0.5730582,0.4883594,0.52051383,0.51765764,0.50160545,0.49992466,0.50694263,0.5368278,0.6519658
2026-03-28,0,-2.096379300293392,1.1287423259119642,-0.55307285227093,0.46474597,0.503673,0.47505727,0.57114434,0.5203321,0.50792855,0.5147534,0.58195233,0.7106415,0.4959621,0.53044254,0.50414854,0.5292067,0.60615265,0.5559305,0.529941,0.50291526,0.48180476,0.49183494,0.47189546,0.6206173,0.5467488,0.58135206,0.51288104,0.51215166,0.50429106,0.4926947,0.5024398,0.550859,0.53148675,0.549971,0.5433031,0.5049198,0.570675,0.56356555,0.5290633,0.57046026,0.5853535,0.52763164,0.57442206,0.5594963,0.5458901,0.4883594,0.49086714,0.49850264,0.5076094,0.4929846,0.49597773,0.48473558,0.56715506
2026-03-29,1,-0.3191529519440012,3.217911676238679,1.18433741341851,0.5105381,0.49957168,0.4842729,0.46228015,0.48706943,0.49467123,0.47590834,0.43961525,0.3760092,0.4874376,0.38274583,0.481356,0.487054,0.46873096,0.4357019,0.4563554,0.45931482,0.48243463,0.39503497,0.47912556,0.5111942,0.502496,0.475497,0.4905497,0.49183846,0.50678575,0.4588757,0.50744474,0.4723162,0.40031278,0.4437614,0.51353323,0.49702954,0.54682493,0.4539855,0.4298653,0.5088321,0.42767975,0.53684187,0.5263835,0.45910546,0.4480352,0.50742584,0.43106785,0.4820651,0.51072025,0.4921817,0.49597773,0.46835202,0.33914468
2026-03-30,1,-1.203851237464208,2.647560748731761,2.2018799448928,0.46748558,0.50882846,0.48693645,0.46555772,0.5006525,0.51021254,0.50812066,0.43165177,0.3958835,0.48569548,0.5013986,0.48031586,0.45349562,0.46924603,0.4270904,0.52546006,0.5099574,0.4903029,0.44965336,0.49970967,0.46932614,0.5531832,0.35430524,0.53803575,0.5062571,0.51783806,0.5054078,0.50016725,0.45838466,0.47748825,0.4049808,0.4860508,0.4864976,0.5281902,0.4711348,0.49197543,0.47537047,0.48578313,0.44592708,0.48419362,0.4458205,0.45543015,0.4945185,0.47497147,0.50526434,0.51072025,0.4795527,0.49597773,0.45988178,0.4006498
2026-03-31,0,-1.038892344052111,1.4906687970918635,-0.25009104050785,0.50075114,0.4930027,0.475498,0.601055,0.49364382,0.49501178,0.5128375,0.650551,0.6660155,0.49974602,0.556771,0.5175856,0.5113424,0.54530853,0.63931,0.53333366,0.48524523,0.58000106,0.57366973,0.49629897,0.63415974,0.5024996,0.68144554,0.5600366,0.51590085,0.51783806,0.53140664,0.51884466,0.48259512,0.56984395,0.55975205,0.51063555,0.48993933,0.5828067,0.5130182,0.5656705,0.5672258,0.49808523,0.51937145,0.50431055,0.6146229,0.6362885,0.5163285,0.5378763,0.5308655,0.50160545,0.48979962,0.49597773,0.5541966,0.6529978
2026-04-01,0,-3.5898214190886004,0.7888768699343407,-1.7952884972726302,0.51087564,0.48180398,0.50072604,0.4977404,0.46252954,0.50081605,0.5003265,0.51293623,0.49069294,0.4959621,0.4461846,0.50331694,0.42512694,0.49935776,0.53662497,0.5451058,0.5026999,0.4567933,0.44740814,0.49657607,0.5752147,0.46362057,0.41413805,0.5190088,0.5140311,0.4822679,0.48805413,0.5087396,0.464925,0.44166648,0.5648023,0.5281612,0.5049198,0.51078653,0.5132151,0.37246442,0.52356124,0.52750945,0.4706719,0.49425718,0.47302374,0.43514028,0.5106276,0.50558794,0.5200409,0.50160545,0.49164313,0.5012898,0.4582033,0.41892424
2026-04-02,1,-0.9310345462976756,0.6977336600851188,0.09309289814481,0.5266081,0.4930027,0.5198558,0.47128186,0.5051448,0.5504192,0.50442064,0.5624871,0.5986628,0.513568,0.55484164,0.4911117,0.5174204,0.58942,0.56422836,0.4763915,0.5254189,0.5797987,0.45614585,0.54246694,0.44649306,0.54908365,0.5467481,0.48835474,0.52367294,0.49278507,0.5245565,0.4951873,0.40079466,0.53443575,0.5455899,0.47952977,0.5042773,0.5650473,0.53992075,0.5234149,0.5736966,0.5440914,0.5878145,0.588244,0.5242462,0.46320912,0.5168344,0.52347964,0.51656866,0.5076094,0.5024814,0.49402222,0.5440585,0.5243229
2026-04-03,1,-0.2817254804715582,0.8899818293891699,0.50068357818153,0.5244552,0.51188755,0.51703453,0.56517845,0.5214438,0.5112803,0.50213134,0.57351947,0.5908921,0.513568,0.5334836,0.52425027,0.6164977,0.5147486,0.54622686,0.5442396,0.5174309,0.54449016,0.50705355,0.51602703,0.546656,0.5258092,0.53599536,0.49436975,0.49066633,0.50429106,0.49039352,0.5137364,0.54679817,0.5026118,0.5674578,0.46977723,0.5049198,0.5732089,0.5031908,0.6352304,0.5546826,0.59460896,0.5516941,0.5628312,0.4995961,0.5952794,0.51754516,0.4880711,0.49915648,0.5076094,0.4956652,0.5075698,0.4913772,0.6335951
2026-04-04,1,-1.0286840046867105,2.6911994689837204,2.5435266920256003,0.47289255,0.48663262,0.520984,0.6016007,0.5254935,0.52422476,0.5242063,0.6358104,0.6180517,0.4959621,0.547029,0.51630247,0.5303646,0.47889465,0.6430368,0.47247955,0.48013854,0.5300731,0.47284475,0.54322946,0.52281785,0.53352535,0.5767753,0.4723793,0.5250186,0.49677044,0.5222746,0.4888284,0.5375963,0.578949,0.57122827,0.4614409,0.50393146,0.49339762,0.5069145,0.5538933,0.51185435,0.5824782,0.54266125,0.51995766,0.57233524,0.45109573,0.4883594,0.54020995,0.5189128,0.49647614,0.5068354,0.502555,0.5471848,0.5401435
2026-04-05,0,-1.0691977687944882,1.890179245633778,-0.26183614615228,0.51025194,0.512499,0.4718256,0.47895786,0.49232036,0.5298616,0.48839352,0.4449427,0.464104,0.48387116,0.5055615,0.51434106,0.5003519,0.45272115,0.51704484,0.46066585,0.48997116,0.5217852,0.45637366,0.45945892,0.5709107,0.47705957,0.44856313,0.5062355,0.48632014,0.50678575,0.47387546,0.51230067,0.4664967,0.48089305,0.48715997,0.46499756,0.50382996,0.49364242,0.5245134,0.44801232,0.527512,0.5420228,0.44339418,0.48475125,0.45750198,0.5105758,0.51754516,0.5269374,0.5494176,0.49647614,0.5041547,0.5195971,0.49231064,0.45820218
2026-04-06,1,-1.6424493359381724,5.519671456759278,4.36296819458189,0.5003592,0.49665818,0.48962918,0.4852947,0.46593976,0.4893324,0.5166936,0.48490712,0.502959,0.48569548,0.44678688,0.4889264,0.48647368,0.46923658,0.4347094,0.47613925,0.49611172,0.45159703,0.49137035,0.44352856,0.45119157,0.47968256,0.4271073,0.44044325,0.48801586,0.50678575,0.5232448,0.49388808,0.4355094,0.48770624,0.45757863,0.49389505,0.50393146,0.5024513,0.46799478,0.44781038,0.48858097,0.4680438,0.48066232,0.55857533,0.46918,0.49308717,0.48121327,0.5245814,0.48428184,0.50160545,0.5068354,0.5075698,0.49078718,0.48449826
2026-04-07,0,-1.706523399151994,1.2885551127836603,-1.19487428550878,0.50288624,0.50882846,0.4928428,0.5416217,0.4976053,0.5228107,0.5221629,0.6059316,0.45633414,0.48266008,0.6038521,0.5175856,0.5288781,0.50606173,0.563942,0.5712422,0.48596725,0.533672,0.55511475,0.54975945,0.5594849,0.5370116,0.5528215,0.5228445,0.49791837,0.51783806,0.48917684,0.50389737,0.5914539,0.5121646,0.5439805,0.47080994,0.51286954,0.50516284,0.49913105,0.6136405,0.50231075,0.4979646,0.48565236,0.5464054,0.5397359,0.53211737,0.5104706,0.52733713,0.4985283,0.50160545,0.51963687,0.4832565,0.51986086,0.52039313
2026-04-08,1,-0.8533997908560655,2.877945053615174,1.0052591375903501,0.49206778,0.50882846,0.46019524,0.58116245,0.51147115,0.54584414,0.51677024,0.66311944,0.5909698,0.51472,0.523035,0.52896833,0.5407497,0.50862396,0.5491665,0.48673895,0.51782745,0.5607772,0.4804638,0.519575,0.60879576,0.5185887,0.50131106,0.51348,0.49675658,0.50974554,0.5146283,0.49410707,0.48008204,0.49404538,0.5387207,0.5044475,0.5042773,0.42095363,0.49446654,0.52090794,0.49653846,0.54217833,0.4797282,0.5602234,0.5588978,0.48143798,0.5127774,0.5226867,0.5071373,0.5076094,0.5148681,0.46652165,0.5062134,0.6192122
2026-04-09,1,-0.5052864477540784,2.2670130358455296,1.62314383904955,0.5003914,0.49665818,0.50442284,0.52939373,0.48084354,0.50703764,0.514082,0.5560378,0.55425614,0.4959621,0.47230032,0.49072263,0.49981195,0.49818397,0.41435635,0.48014966,0.5100472,0.5414841,0.51994497,0.51150465,0.4540197,0.5167937,0.46707103,0.45079002,0.49713075,0.50678575,0.48911205,0.5049864,0.4712656,0.513489,0.53786534,0.49461442,0.5042773,0.5358625,0.5310831,0.45501336,0.55248344,0.53731734,0.4709079,0.4421875,0.46032262,0.44565865,0.50742584,0.47553378,0.51058125,0.5076094,0.5068354,0.502555,0.50195074,0.5237716
2026-04-10,1,-0.6181254373030582,1.1274869409978634,0.11021476555086,0.50182307,0.48180398,0.50579596,0.45708376,0.47559223,0.43504134,0.5101418,0.5592814,0.51559603,0.513568,0.47818756,0.4864058,0.44465882,0.48326185,0.53071463,0.49832857,0.49122816,0.59500897,0.40205663,0.51476777,0.56713414,0.4692721,0.6106527,0.51481867,0.49440154,0.48590192,0.49165547,0.50707954,0.5087839,0.53960854,0.48387444,0.53097004,0.5049198,0.5088208,0.5526395,0.46032262,0.52441275,0.57758623,0.5375433,0.5097257,0.47402763,0.46712375,0.49141175,0.49172786,0.5220652,0.50160545,0.5090464,0.48826987,0.5371011,0.41765478
2026-04-11,0,-3.5354388720204737,0.1287176844358215,-3.20254620862258,0.51632726,0.50882846,0.50830394,0.6369375,0.49230897,0.53054637,0.5164816,0.5237088,0.58241296,0.513568,0.547812,0.52071106,0.49568605,0.6002254,0.54917645,0.5199822,0.48711985,0.59989554,0.5262109,0.5567789,0.6564496,0.5109559,0.62209445,0.52706206,0.5142364,0.50974554,0.50952643,0.5037063,0.58523935,0.5760658,0.57515216,0.48221764,0.50924104,0.59833485,0.45417753,0.60642356,0.56221557,0.6119331,0.5276633,0.5883813,0.5467339,0.5663188,0.49895814,0.5429459,0.52365696,0.51072025,0.48664436,0.5075698,0.53400636,0.56545866
2026-04-12,1,-0.2462565811769431,5.7128853293594055,5.06726764555671,0.5051176,0.49487925,0.51558155,0.37358695,0.5119371,0.5085932,0.5048679,0.3788705,0.46235007,0.48569548,0.48363683,0.49642414,0.4412336,0.45089412,0.5722611,0.4444791,0.47822827,0.481859,0.51927775,0.45320177,0.37648523,0.5343697,0.41429305,0.50561273,0.4837588,0.49677044,0.4722532,0.50337213,0.4767077,0.49834895,0.41482624,0.46169996,0.4820311,0.46175572,0.44855833,0.43276116,0.4326367,0.5016697,0.46742547,0.50042295,0.44515982,0.4608308,0.50742584,0.47845903,0.5163427,0.4821376,0.49791998,0.46984988,0.46928173,0.34889174
