tanggal,target_asli,wasit_low,wasit_high,wasit_target,model_lstm_037,model_lstm_021,model_lstm_022,model_lstm_028,model_lstm_045,model_lstm_015,model_lstm_019,model_lstm_010,model_lstm_020,model_lstm_017,model_lstm_002,model_lstm_048,model_lstm_008,model_lstm_018,model_lstm_044,model_lstm_031,model_lstm_049,model_lstm_043,model_lstm_016,model_lstm_009,model_lstm_029,model_lstm_013,model_lstm_036,model_lstm_003,model_lstm_011,model_lstm_042,model_lstm_050,model_lstm_027,model_lstm_034,model_lstm_047,model_lstm_014,model_lstm_026,model_lstm_007,model_lstm_006,model_lstm_040,model_lstm_023,model_lstm_001,model_lstm_035,model_lstm_038,model_lstm_041,model_lstm_004,model_lstm_005,model_lstm_012,model_lstm_024,model_lstm_025,model_lstm_030,model_lstm_032,model_lstm_033,model_lstm_039,model_lstm_046
2025-09-25,1.0,-0.3441133437682889,1.190659576674615,0.59364982695478,0.5088839,0.5066711,0.47743374,0.46962932,0.5083426,0.49096543,0.50208765,0.50838983,0.49550757,0.48596168,0.509205,0.5154262,0.51473844,0.5017061,0.4972382,0.5332365,0.53277296,0.51281554,0.5105163,0.49728116,0.4915325,0.5090875,0.49264458,0.4941569,0.48053184,0.51985663,0.5739282,0.48187935,0.4904717,0.4980269,0.5040272,0.48840147,0.510804,0.44040078,0.53359073,0.44192436,0.42759904,0.47060698,0.51826316,0.5337142,0.44645968,0.41804785,0.4337486,0.46715423,0.456326,0.44495988,0.48384586,0.46250567,0.44911242,0.4745326
2025-09-26,0.0,-0.52952953138212,0.0915731903978601,-0.00694091932618392,0.52288973,0.50695354,0.5196116,0.49131775,0.535626,0.51450527,0.53484726,0.5341934,0.50035614,0.5072681,0.52918756,0.5361832,0.52528554,0.49948186,0.5063388,0.5325729,0.5326097,0.514391,0.52621245,0.4950911,0.4936102,0.5410667,0.5044842,0.49316928,0.47567,0.5287754,0.5738924,0.48373866,0.49290788,0.4984758,0.50182456,0.48923087,0.51594794,0.43267304,0.5407343,0.43763095,0.42204386,0.47109136,0.514181,0.53354007,0.44021267,0.41667533,0.43625927,0.46590254,0.45584494,0.43889174,0.48627716,0.4561278,0.4507533,0.4752595
2025-09-27,1.0,-0.4075027126504267,2.4454579062341457,2.2797220643522302,0.49078983,0.5183433,0.49208486,0.48791775,0.49625248,0.4841801,0.5107509,0.50964713,0.4841087,0.4963381,0.50111246,0.51114255,0.51078844,0.53849983,0.4904718,0.5377806,0.53227824,0.5133908,0.49968156,0.494418,0.5031889,0.5199114,0.47881794,0.49890462,0.47561553,0.50761354,0.57793427,0.4805966,0.47541165,0.49424034,0.5042098,0.47406238,0.51226264,0.43058142,0.53254193,0.43220687,0.42655367,0.47020724,0.51197296,0.53311896,0.4317288,0.41399127,0.43487453,0.47210005,0.45909116,0.42530665,0.48592034,0.46022674,0.45524764,0.48081622
2025-09-28,1.0,-0.539325100910744,1.9739438733178485,1.89695620345703,0.45852458,0.4798161,0.44237587,0.50911874,0.43532544,0.44620684,0.4472236,0.4571035,0.47120193,0.44354472,0.4800636,0.46020845,0.47318816,0.45963264,0.44636476,0.48823354,0.49320927,0.50274414,0.47192815,0.5211618,0.46806237,0.4620175,0.46529025,0.52709377,0.50778365,0.47752604,0.52084416,0.5007694,0.459793,0.5133227,0.5006996,0.46227792,0.49719876,0.49535763,0.50416815,0.49382412,0.48269102,0.49193135,0.53058404,0.5122076,0.43765387,0.4141585,0.4307728,0.44743443,0.45391437,0.4630223,0.47905323,0.47464016,0.41386065,0.44155297
2025-09-29,0.0,-1.4589877796575488,0.4190592799016273,-0.23036354107678,0.49412152,0.450213,0.4772901,0.5003513,0.4992516,0.49663723,0.5101747,0.49490902,0.4877661,0.4781547,0.5006243,0.49362552,0.49014097,0.48458645,0.4793632,0.46714106,0.48280787,0.49572045,0.4901985,0.52789736,0.48861444,0.5043211,0.4793217,0.52691156,0.5264286,0.49479035,0.4977251,0.4968921,0.47530314,0.51661426,0.5005208,0.47163188,0.5022028,0.50869024,0.50338227,0.5208799,0.5041902,0.49507073,0.53003615,0.5095445,0.4468759,0.41800433,0.42556548,0.43561444,0.438677,0.49024403,0.46859783,0.47778615,0.40549964,0.4235756
2025-09-30,1.0,-0.0721529610857708,3.954283068166354,3.90866760019979,0.51715845,0.45595562,0.5362611,0.50048673,0.545243,0.52631986,0.5524488,0.54443455,0.50125784,0.5265323,0.52526075,0.52246195,0.5198425,0.53791773,0.5097075,0.5116257,0.5211715,0.511582,0.56876266,0.5088341,0.4991813,0.5497501,0.5121342,0.4938725,0.5000678,0.5232293,0.552443,0.48788315,0.49084082,0.5044926,0.50315195,0.47654462,0.50959206,0.47825927,0.5303017,0.47629184,0.45179448,0.482117,0.53431964,0.52825123,0.4600661,0.42414966,0.42792976,0.45281252,0.44689795,0.47981262,0.4831423,0.46964487,0.43788853,0.4507671
2025-10-01,1.0,-0.266538148620893,2.0258682820382137,1.61790488991379,0.5013965,0.47148412,0.47332615,0.47995603,0.47975525,0.47928548,0.50487864,0.50343084,0.4992723,0.48060724,0.5077887,0.51161444,0.50990576,0.49508715,0.48430824,0.52632093,0.53082746,0.5104889,0.5039107,0.500945,0.49409613,0.50148237,0.48906687,0.492553,0.48777953,0.51096076,0.5708257,0.48632577,0.47547242,0.50162756,0.5034845,0.47499973,0.510701,0.4559459,0.53406626,0.45221695,0.4376977,0.4746998,0.5270478,0.5326385,0.45674023,0.42498443,0.43185917,0.46113914,0.45208362,0.46410254,0.48491418,0.46431798,0.44380534,0.46483338
2025-10-02,1.0,-1.0685417835820217,2.754106024473794,1.4027586512955799,0.517632,0.47935867,0.48705,0.48120752,0.51418746,0.50068176,0.52603644,0.5167464,0.49964246,0.5008717,0.53065217,0.5261215,0.52086675,0.5010186,0.5051885,0.5352084,0.53026825,0.5106816,0.5230599,0.49885026,0.47589496,0.5164855,0.4993705,0.4887639,0.47860876,0.52417827,0.57983583,0.48443264,0.4955213,0.49833,0.5046457,0.5010023,0.5122549,0.44031397,0.53713584,0.44027746,0.42376313,0.46675602,0.5201214,0.5321657,0.44323322,0.42201358,0.43608627,0.46189845,0.45080712,0.45424,0.48607925,0.4657992,0.4492314,0.46820417
2025-10-03,1.0,-0.5924314329892795,0.4636137462628792,0.12999597126279,0.51541126,0.48284206,0.50141996,0.5181948,0.51440185,0.50211185,0.52664256,0.52193075,0.497236,0.50818396,0.5205754,0.52424246,0.51789266,0.51753473,0.5004185,0.5359747,0.52940387,0.511372,0.5180742,0.4979708,0.5011344,0.5237946,0.48973402,0.48964682,0.47528708,0.515655,0.5841837,0.4836844,0.48352152,0.49760008,0.5032427,0.48751232,0.50963336,0.43903908,0.53527856,0.42972246,0.4235608,0.46523947,0.5234557,0.5297518,0.43732038,0.42414862,0.43942282,0.46227247,0.4492199,0.44875026,0.4872806,0.46340883,0.45071653,0.4698058
2025-10-04,1.0,-0.208566000839999,2.674426027441919,0.88770689789275,0.52153075,0.48615846,0.5062458,0.52361995,0.5260445,0.5089207,0.5333315,0.5279858,0.500731,0.5142347,0.53780043,0.5327462,0.5188325,0.5188764,0.5056654,0.53874016,0.5279315,0.51154304,0.52386826,0.49767655,0.5076006,0.5361248,0.49241555,0.4902047,0.4715285,0.51954985,0.58313704,0.4826725,0.49564305,0.4978698,0.5028042,0.49026415,0.51268154,0.43471864,0.5368872,0.4276147,0.42016014,0.46414727,0.51850396,0.529108,0.42993796,0.4208262,0.44037664,0.46378484,0.44915763,0.44207117,0.48747718,0.46290305,0.4524995,0.4692854
2025-10-05,1.0,-0.3230857828694738,2.17671113066462,0.9480412513902199,0.4619072,0.45610866,0.42182332,0.52956074,0.42942488,0.44115433,0.4348354,0.4629295,0.47579297,0.43763497,0.48472488,0.46047524,0.47336024,0.453889,0.44335413,0.4907638,0.49145856,0.49878797,0.46048418,0.5242073,0.4698761,0.46296147,0.44859427,0.525404,0.5059284,0.48267972,0.5226854,0.5045539,0.4525632,0.51466614,0.4999454,0.46183813,0.4978713,0.50024545,0.507157,0.49049866,0.48084334,0.48825383,0.5360637,0.5101254,0.4390907,0.4172636,0.43165794,0.4434796,0.44855052,0.47298875,0.48012766,0.4750626,0.41284043,0.43485132
2025-10-06,0.0,-3.330685111655133,0.3742910155569617,-2.70398998328903,0.49963203,0.417823,0.48312575,0.5119695,0.53570914,0.5104926,0.5256603,0.50710344,0.48376322,0.47864676,0.49677533,0.5036276,0.49304608,0.50458443,0.48720148,0.46648294,0.48069882,0.48905832,0.5074972,0.5289932,0.48893392,0.51110613,0.47623515,0.5245699,0.52471024,0.5040985,0.49861363,0.50242865,0.46028382,0.51563746,0.5035094,0.4612848,0.51029885,0.5095525,0.51231515,0.52175486,0.50041527,0.49367195,0.52903694,0.50990975,0.44972718,0.41908976,0.42469758,0.43063447,0.4359204,0.4979159,0.4726625,0.47374868,0.40741587,0.41815397
2025-10-07,1.0,-0.2201411793678948,2.333260792434189,1.61306511638574,0.4855165,0.4240277,0.48524967,0.49044335,0.47359607,0.47777766,0.48325294,0.50350654,0.46822947,0.4915247,0.49900562,0.50051975,0.49742872,0.5305695,0.48730803,0.51743454,0.52068454,0.5078556,0.5110859,0.5080959,0.49400976,0.50159025,0.48642802,0.49763504,0.5003816,0.5018376,0.5538538,0.48635995,0.47208625,0.50491256,0.5039579,0.46323404,0.5104294,0.48206878,0.52586657,0.473547,0.45937228,0.4828904,0.5352879,0.52729475,0.46011132,0.42577615,0.42653936,0.45702904,0.44770637,0.47908545,0.48032945,0.47196087,0.43826282,0.45023978
2025-10-08,0.0,-3.008597067424458,0.3698890851919945,-1.34190749805211,0.50324,0.4680586,0.46475446,0.47209018,0.47441682,0.4757051,0.48300773,0.49895778,0.49868003,0.46405885,0.50776935,0.50951797,0.5003754,0.48195323,0.4821805,0.5265511,0.53187,0.5112228,0.49355274,0.5011672,0.4858941,0.48836482,0.48407927,0.49473822,0.487456,0.5074509,0.5659697,0.48687744,0.4759531,0.50214916,0.5021598,0.47314066,0.511481,0.45571998,0.5335002,0.45233944,0.43842912,0.4762157,0.5248959,0.53248185,0.45683295,0.4229639,0.43098977,0.4619429,0.4533914,0.46183202,0.48307973,0.46256596,0.4418882,0.46544263
2025-10-09,0.0,-17.6277182522046,0.7269114167804523,-7.5859746128425,0.49175826,0.49102613,0.46666855,0.46759242,0.47855923,0.4762915,0.47710007,0.4964476,0.48493806,0.46957788,0.4997836,0.50299317,0.49882302,0.50015306,0.48640868,0.5353923,0.53256834,0.51108515,0.49360538,0.49770135,0.4888865,0.48885128,0.4799759,0.4957418,0.4805619,0.5064919,0.5751122,0.48336193,0.4835723,0.49713945,0.5041469,0.48612005,0.5098887,0.44171724,0.532145,0.43964767,0.43153873,0.4709084,0.5185697,0.53323776,0.4446379,0.41883904,0.4329584,0.46742243,0.4563852,0.44460604,0.48387602,0.4646423,0.44869423,0.47387332
2025-10-10,0.0,-2.890339279248347,0.484651577857261,-1.90687944931956,0.5057512,0.50276494,0.5123211,0.49752975,0.51662123,0.5069357,0.5171966,0.5247257,0.49621236,0.49341968,0.5194459,0.5235784,0.5108155,0.5098191,0.496167,0.5347994,0.53179425,0.5135167,0.5253079,0.49664453,0.50605,0.51996404,0.49482745,0.49408904,0.47532684,0.51716644,0.5762391,0.48417535,0.4910178,0.49810588,0.50216913,0.49045542,0.51210505,0.43527538,0.5364171,0.4337128,0.42561337,0.47008196,0.5155446,0.53192323,0.43717453,0.41777542,0.4367739,0.46685132,0.45559606,0.43723214,0.48617357,0.46054688,0.450274,0.4741726
2025-10-11,1.0,-0.9802927117345478,4.528400903294066,3.8252348118231296,0.56744474,0.54195863,0.5899804,0.5218058,0.5591922,0.555397,0.5821195,0.5678885,0.5069569,0.54408413,0.6045222,0.56726146,0.5564439,0.48421493,0.5394696,0.52501786,0.5368834,0.52077144,0.56892085,0.5011773,0.4862616,0.54977745,0.53065825,0.4960359,0.47395477,0.5312115,0.5531095,0.4906029,0.5410863,0.4999259,0.49384516,0.54098463,0.51510626,0.42382085,0.54667807,0.44153157,0.40378502,0.4662307,0.5041815,0.53369606,0.43090427,0.4054971,0.43667376,0.46524802,0.4610245,0.43608978,0.4815767,0.4512144,0.44339117,0.47566235
2025-10-12,1.0,-1.1745061084252042,0.8704356368070796,0.18007625079209,0.4801625,0.49552816,0.50575775,0.5252364,0.51835364,0.48789018,0.4674873,0.49815676,0.42765516,0.5203011,0.5240403,0.5160701,0.52046967,0.49748826,0.48467997,0.47923794,0.5012144,0.50551146,0.54116994,0.5216557,0.4739125,0.5237733,0.49412012,0.52166116,0.5172597,0.497201,0.50833225,0.4951898,0.45408726,0.5025479,0.5030303,0.48936886,0.5007706,0.49770194,0.5100219,0.50309646,0.46902573,0.4973117,0.53059477,0.5192328,0.44680566,0.4062701,0.4203201,0.44119146,0.4601196,0.46477085,0.47913975,0.4617285,0.41485953,0.45430303
2025-10-13,0.0,-4.711312442321688,0.2116093030987897,-1.87377515517996,0.50470895,0.4823309,0.4915575,0.5053093,0.50814146,0.5017385,0.50001514,0.49700958,0.5035798,0.51239705,0.5477297,0.5105369,0.50988203,0.52901256,0.48511666,0.46641716,0.48645258,0.49833283,0.46804658,0.5277206,0.4903161,0.5364238,0.49926627,0.52244,0.5326322,0.50790143,0.4955182,0.48705903,0.47302797,0.51168245,0.5008725,0.49656466,0.50120413,0.51268303,0.50030875,0.5245598,0.49885875,0.4968023,0.53275055,0.51511556,0.45010698,0.41295075,0.42192575,0.4360607,0.44233486,0.48804653,0.46532333,0.47485882,0.40409878,0.43276134
2025-10-14,0.0,-2.566664967724689,0.5155400907710121,-2.02415028158518,0.46123326,0.45526612,0.49300817,0.47372434,0.48689598,0.477208,0.46728605,0.49239427,0.4659441,0.4837091,0.48310798,0.46617395,0.4910604,0.53666586,0.47694534,0.51628727,0.5188159,0.5082943,0.49018016,0.50445586,0.55269855,0.50848955,0.49593595,0.49717364,0.501632,0.49793598,0.5548662,0.48034558,0.47724164,0.50508785,0.5040151,0.45970416,0.50898135,0.48723376,0.5187303,0.47145382,0.46631232,0.48775014,0.5371407,0.52896035,0.46857277,0.42486262,0.42960113,0.46119833,0.45102236,0.47076762,0.48093012,0.47279537,0.43862167,0.4579765
2025-10-15,0.0,-3.058376431523026,1.094685114515793,-2.34668114929177,0.50710386,0.49556756,0.48574936,0.46393102,0.48524663,0.48841387,0.5079131,0.50879383,0.52145135,0.48227587,0.5222382,0.5040228,0.5059061,0.48746338,0.48432422,0.5251358,0.53233874,0.5144176,0.50644577,0.50099796,0.49893916,0.50407666,0.49702165,0.4929322,0.48779497,0.5136439,0.56363237,0.4853677,0.490302,0.501126,0.5014745,0.48927966,0.50993603,0.45441923,0.53122354,0.45301196,0.43650672,0.47781324,0.5230604,0.5332635,0.46097195,0.4215027,0.43230274,0.46112856,0.45391083,0.45689705,0.4838204,0.4626427,0.44043002,0.46956196
2025-10-16,0.0,-4.408417081217424,0.9618796655224868,-1.6425222998888802,0.50039446,0.5122009,0.47924694,0.46671268,0.47240558,0.4706786,0.4696139,0.4972766,0.48949385,0.47859597,0.49979642,0.4969417,0.5036026,0.4937401,0.4782958,0.5317152,0.5340085,0.51363456,0.47974658,0.4970432,0.49724874,0.4951389,0.4794689,0.49634066,0.48226318,0.5031689,0.57156444,0.48275825,0.4871402,0.49726996,0.50244,0.48418903,0.50713336,0.4419447,0.53063077,0.4396804,0.4327536,0.47372133,0.5213891,0.5339779,0.451267,0.4187377,0.4334942,0.46777555,0.45740867,0.44278958,0.48304224,0.46075794,0.44622165,0.47776172
2025-10-17,1.0,-0.1029170510670393,0.9978268247478684,0.70531298183406,0.5543953,0.5547907,0.5544879,0.5134096,0.5334926,0.51974636,0.54402524,0.5406546,0.5213751,0.5340322,0.55446684,0.5365499,0.52302486,0.5188712,0.50723684,0.52614987,0.5383651,0.5209627,0.5358502,0.49995893,0.50570405,0.5406951,0.50488883,0.49381718,0.47958297,0.52213436,0.56660676,0.482411,0.50920236,0.49323833,0.4983982,0.51545525,0.50178355,0.43239596,0.5329545,0.43468073,0.4152199,0.46819016,0.51964146,0.53414345,0.44171622,0.41141886,0.4351996,0.46393946,0.45691627,0.4377328,0.48198977,0.45517078,0.4434327,0.48247558
2025-10-18,1.0,-1.0142693413710018,2.0912056760379905,1.35088458148793,0.4915032,0.52502376,0.5210208,0.48144108,0.5451155,0.51641357,0.52851135,0.53623074,0.47914752,0.5034356,0.51370376,0.5240051,0.5265413,0.5411708,0.5044348,0.5382253,0.5299694,0.5110979,0.5390497,0.4932225,0.537834,0.5527162,0.5017374,0.50001067,0.4719803,0.5122654,0.5707463,0.48069608,0.5055412,0.49840957,0.50366783,0.49393746,0.51786166,0.42963588,0.54002494,0.43638337,0.42440277,0.472637,0.5029063,0.5356996,0.43319777,0.408716,0.4336065,0.47586018,0.4620651,0.42322594,0.48514774,0.45738846,0.45784396,0.47791556
2025-10-19,1.0,-1.1481607097963382,2.7801228437964185,1.7240633452995602,0.45174882,0.49367124,0.44285363,0.5000678,0.42026767,0.44909856,0.43307388,0.45520818,0.4836812,0.45437345,0.4912121,0.4655479,0.4706017,0.4652601,0.439604,0.48875934,0.49429306,0.50395715,0.4593952,0.5199091,0.46107736,0.4645536,0.4723543,0.5260813,0.51091343,0.472937,0.5217403,0.49761078,0.4543442,0.5104963,0.5010128,0.47447586,0.49506202,0.49672675,0.50362116,0.4951769,0.48340166,0.49379143,0.53080726,0.5137774,0.43963745,0.41217384,0.42965305,0.44797108,0.45616442,0.46034333,0.47907642,0.47466767,0.4142057,0.44564062
2025-10-20,0.0,-2.8059533472635247,3.089256235688936,-2.04222465741934,0.49025315,0.46137497,0.48057985,0.49841455,0.5078898,0.5014914,0.50891614,0.4937475,0.49388587,0.48368055,0.5024698,0.49468884,0.48868975,0.49119854,0.47448906,0.46603814,0.4837897,0.49669167,0.49904987,0.5269864,0.49778622,0.50728947,0.48236722,0.52662826,0.52766,0.49363267,0.49714372,0.49465203,0.4770724,0.5162477,0.50077355,0.47580695,0.50208944,0.50942105,0.50337046,0.5214746,0.50500983,0.4966919,0.53034145,0.50987196,0.4499102,0.41727757,0.42533767,0.43628487,0.4398631,0.4882045,0.46925306,0.4762159,0.40576002,0.42532235
2025-10-21,0.0,-1.5174713587774071,0.7966599900414673,-0.6765639759505201,0.46559003,0.43703145,0.4946748,0.46022815,0.4943356,0.49435413,0.49858683,0.5012808,0.46834993,0.4896725,0.48844352,0.4847227,0.49929503,0.5034294,0.48542443,0.51879686,0.5176441,0.50796187,0.52850276,0.5050273,0.5139242,0.5145077,0.49966595,0.49581403,0.499516,0.50576305,0.555262,0.48622057,0.49606988,0.5069489,0.5049913,0.47384956,0.5141066,0.47896788,0.5268035,0.47537726,0.4632216,0.4856055,0.5317061,0.5274087,0.46013469,0.42499512,0.4292737,0.4603131,0.45028105,0.4724389,0.48269597,0.475607,0.44171193,0.4510907
2025-10-22,1.0,-0.0627152136190072,3.405384453051488,2.30728409142147,0.48774368,0.4459952,0.4716725,0.44066268,0.48271528,0.48629114,0.5090308,0.4942439,0.49608636,0.4709119,0.4993179,0.51034194,0.50806546,0.45852387,0.48332733,0.5293085,0.52744514,0.50927275,0.50893474,0.49692178,0.45986933,0.51016074,0.5024029,0.488848,0.4861937,0.52063847,0.5731931,0.4893877,0.48225835,0.5031077,0.50524527,0.47656652,0.5207699,0.45010686,0.54008436,0.4552684,0.4401816,0.4782017,0.5229637,0.53228045,0.45611966,0.4266936,0.43368793,0.4603115,0.45171598,0.4618927,0.4876957,0.4657806,0.4470815,0.46250477
2025-10-23,1.0,-0.3441382179239016,1.8244913094121948,0.8383413777914499,0.48557043,0.49307385,0.481152,0.47588763,0.47449356,0.48253962,0.5118219,0.49735552,0.49379027,0.4809313,0.50196916,0.51127744,0.5028863,0.49994993,0.47208655,0.5309305,0.5359836,0.5157125,0.495825,0.49781176,0.4596886,0.49746653,0.47439945,0.49574125,0.48309577,0.5090984,0.57375675,0.48481995,0.4723242,0.49551752,0.50292724,0.47774392,0.51110864,0.43752927,0.53258383,0.44129527,0.43166125,0.4725989,0.5203752,0.5337174,0.4466619,0.42256594,0.43194106,0.46524122,0.45734832,0.44346344,0.4866072,0.46150768,0.4483608,0.476971
2025-10-24,1.0,-0.2995611858154419,0.8417256070459718,0.57613153607323,0.49462083,0.4999175,0.47700298,0.4764245,0.4744793,0.47256216,0.48453918,0.48682702,0.4766412,0.4809084,0.49888134,0.496326,0.50380206,0.50600535,0.48277658,0.5388091,0.52960795,0.5119583,0.49707478,0.49666652,0.48444328,0.48751652,0.47924453,0.49518323,0.47661152,0.5011915,0.5804208,0.48280498,0.49310955,0.49687278,0.50426066,0.48421016,0.50783694,0.4350087,0.52903235,0.43096638,0.42971513,0.46827286,0.5199101,0.5303964,0.43561706,0.42072666,0.43784457,0.47008154,0.4560663,0.43488753,0.48406443,0.4672709,0.45115998,0.47539514
2025-10-25,1.0,-0.3461720537538956,3.3647472997145496,2.57578960116831,0.49620727,0.49949792,0.5000811,0.50314265,0.49698147,0.49206847,0.49953017,0.5091705,0.49565026,0.4859094,0.5000068,0.5048969,0.50160205,0.5090828,0.48722672,0.53880334,0.52748144,0.51346934,0.5148835,0.49594793,0.51923937,0.5125481,0.48708043,0.49464467,0.4727389,0.50227636,0.5827036,0.48345447,0.4884521,0.4974487,0.50284934,0.4772022,0.5084516,0.43449098,0.53027236,0.4257549,0.4297912,0.46873683,0.5185424,0.528216,0.43013492,0.42133018,0.44025248,0.46848762,0.453295,0.4297914,0.48672885,0.46660927,0.45235536,0.47394025
2025-10-26,0.0,-0.6387270581027968,1.5939069528884915,-0.39511646974532005,0.4574422,0.45893547,0.4409209,0.5167119,0.42441714,0.44093952,0.4387163,0.459363,0.46624535,0.4366821,0.4763204,0.4553114,0.46799248,0.44099498,0.44345614,0.48998654,0.49134186,0.5007417,0.47177267,0.52303904,0.46984223,0.45556095,0.45991632,0.5262472,0.5054309,0.47533256,0.52193695,0.50536704,0.46792936,0.5139938,0.49987116,0.46588552,0.49608853,0.49527234,0.5042754,0.4905216,0.48371327,0.48942715,0.5324535,0.50987804,0.43710274,0.4170789,0.43229818,0.4452017,0.45031178,0.46693736,0.48004308,0.4780433,0.4127602,0.43703085
2025-10-27,0.0,-1.6761273572246749,1.718899465982525,-1.06535589733105,0.49525988,0.4267455,0.4892986,0.50883794,0.51408565,0.50416833,0.51952136,0.5037146,0.48085108,0.47919273,0.49545354,0.5020179,0.4931484,0.49058104,0.4863896,0.46674073,0.48057437,0.49108374,0.5071834,0.52894074,0.48395282,0.5055246,0.48248369,0.5255666,0.5242616,0.49745598,0.49913388,0.5031426,0.47288665,0.51627153,0.50178444,0.47070473,0.50555336,0.5069542,0.5084268,0.5204795,0.50257224,0.49295527,0.52891976,0.5089476,0.44610763,0.41961962,0.4259891,0.4328186,0.4363751,0.49479115,0.4715178,0.4782321,0.40663216,0.4190041
2025-10-28,0.0,-3.3307678786883907,0.6579637299302911,-2.5814849578232,0.48628494,0.42167726,0.517366,0.48937374,0.50919634,0.5007314,0.5152355,0.5206976,0.47382516,0.50338084,0.49983394,0.50795054,0.5029697,0.5235712,0.49020582,0.51515836,0.51960444,0.5075691,0.53964365,0.5065743,0.4958638,0.53034127,0.50033855,0.49508387,0.49957907,0.5136747,0.5557962,0.4893008,0.4750739,0.5055179,0.504425,0.46453133,0.5149401,0.47875276,0.53158224,0.47519168,0.45945984,0.48410872,0.5338264,0.527784,0.46033338,0.42674378,0.42804497,0.4552101,0.44743785,0.4795096,0.4842736,0.47060385,0.44018808,0.44838294
2025-10-29,0.0,-3.436778015926842,1.417547027047766,-1.55574958212031,0.4962506,0.4623909,0.4489802,0.4642151,0.43585476,0.4565669,0.4641856,0.47897762,0.49199355,0.4634834,0.5003432,0.50173235,0.49659014,0.47121114,0.4727406,0.52795905,0.53115815,0.51125747,0.47255802,0.5010528,0.46652073,0.47298184,0.47530648,0.49471667,0.48872745,0.49927086,0.5690567,0.487082,0.47051835,0.5012566,0.5028758,0.47698352,0.5092474,0.45422927,0.5305461,0.4513381,0.4407978,0.47538307,0.52759874,0.53166497,0.45487198,0.42500898,0.43143526,0.4628931,0.45307195,0.4614237,0.4828726,0.46616408,0.4421697,0.46624783
2025-10-30,1.0,-0.0439523593056338,2.612405301690459,1.17940590867665,0.50909734,0.4958732,0.49199206,0.4760074,0.5091767,0.49878073,0.5054831,0.5166419,0.49631482,0.48012567,0.51852083,0.52254945,0.5082389,0.48499,0.48985642,0.53056633,0.5347336,0.5139951,0.5125767,0.49793622,0.48207134,0.511306,0.49018267,0.4951257,0.48018894,0.51678205,0.5695158,0.4855353,0.49011078,0.4985756,0.5016286,0.49286038,0.51259434,0.43857718,0.5371497,0.44264865,0.4281091,0.47226048,0.51676404,0.5342565,0.44594714,0.41836333,0.43269056,0.4654535,0.4567459,0.4458566,0.48469955,0.45957974,0.4470823,0.47341827
2025-10-31,1.0,-0.1947007507488261,0.868851484242425,0.44613307556547,0.5124452,0.50964373,0.51080364,0.48421833,0.5179669,0.50493014,0.52230036,0.5263221,0.4896697,0.50066704,0.52802,0.5315054,0.51849866,0.5124167,0.49913353,0.53316957,0.53473675,0.5141914,0.51989746,0.49635687,0.48847234,0.52691877,0.49391717,0.49599954,0.47673976,0.521065,0.5722398,0.48325384,0.49389896,0.49638295,0.5023106,0.50083,0.5135589,0.43035734,0.53820354,0.4379207,0.42270476,0.47034305,0.512127,0.5347935,0.43659723,0.41309443,0.4338566,0.46864706,0.45896795,0.4345294,0.4850418,0.4582052,0.4512439,0.47778642
2025-11-01,1.0,-0.5709006702561248,1.0408224393311458,0.40118114648444,0.52481467,0.5250076,0.52149385,0.5111907,0.5179649,0.5000842,0.5314705,0.5252384,0.49539772,0.5202967,0.5274301,0.5293006,0.51722676,0.5441966,0.5036505,0.5332642,0.5338324,0.51552373,0.5197463,0.49701753,0.51119417,0.5314278,0.49096313,0.49474493,0.47647947,0.5175809,0.578558,0.48066986,0.4903711,0.4931525,0.5028188,0.4942905,0.50697654,0.43034834,0.5321133,0.42992792,0.42055556,0.46729225,0.51760477,0.5325377,0.42978415,0.41282773,0.4370505,0.46797562,0.45651892,0.42983305,0.48465532,0.46035796,0.45164624,0.48077834
2025-11-02,0.0,-4.850788261040966,0.1891810919726003,-3.64591983685811,0.47365355,0.48778957,0.44912395,0.5272651,0.44152158,0.45178986,0.44769338,0.46505985,0.4834907,0.45778325,0.4889988,0.46367994,0.48036906,0.46977276,0.4499743,0.4874674,0.4933267,0.5035387,0.48037654,0.52285665,0.48709208,0.47655842,0.46398205,0.52712333,0.5079376,0.48531565,0.5193077,0.50048035,0.46898168,0.51387364,0.49966797,0.47030193,0.49453387,0.49702612,0.50374967,0.49179614,0.48047316,0.49012244,0.5341693,0.5121604,0.43765724,0.4134015,0.4308231,0.44664294,0.4519997,0.4659368,0.47815153,0.47478092,0.41247004,0.44091332
2025-11-03,0.0,-7.436672769692137,0.6694930291794521,-4.88929906927473,0.49614576,0.45006382,0.48869267,0.5116735,0.5200657,0.5037294,0.51893425,0.5029231,0.4886514,0.48779404,0.5002519,0.49246076,0.4892323,0.4975719,0.48015383,0.46506274,0.484203,0.49593237,0.51708806,0.52846014,0.51213515,0.5096652,0.47756016,0.5271111,0.5266865,0.5003046,0.4952925,0.49557126,0.47110966,0.5163739,0.5010517,0.46901265,0.5039435,0.50994617,0.5050163,0.5208804,0.5029476,0.49603838,0.5298173,0.5098807,0.45090982,0.4172766,0.42389736,0.43427667,0.4389006,0.49120054,0.46985364,0.4739679,0.40547705,0.42357945
2025-11-04,1.0,-2.5246968588525576,2.948804740606612,2.3254649315978,0.49897808,0.44741675,0.51566356,0.47466284,0.5359958,0.51576954,0.5329365,0.5374944,0.49356145,0.50972956,0.5168289,0.5156138,0.5164123,0.51450104,0.49784756,0.51253176,0.52310157,0.5103699,0.55084527,0.506591,0.505334,0.54701674,0.5054953,0.49875143,0.500138,0.52695507,0.5452206,0.48687166,0.4916807,0.50701463,0.503204,0.47903106,0.51873434,0.47554186,0.53522843,0.4811785,0.45547274,0.48691243,0.5265455,0.5307881,0.46452653,0.41974705,0.42544138,0.45762432,0.45105067,0.47372165,0.48203027,0.46493503,0.44000083,0.45137343
2025-11-05,0.0,-3.5110891751889515,0.302607105909816,-2.47452586464772,0.51963896,0.48681337,0.48100644,0.45108297,0.5010535,0.49409178,0.52732956,0.52445084,0.5115065,0.49010053,0.5308591,0.53819746,0.5252136,0.47947013,0.4956847,0.520875,0.5376546,0.51439345,0.51385534,0.5003632,0.45142165,0.5219675,0.50223583,0.4966197,0.48970172,0.5309054,0.5567243,0.48572642,0.47603258,0.5001235,0.5017155,0.4919416,0.51795346,0.445213,0.5419193,0.46317384,0.43059927,0.47800985,0.5163927,0.5382495,0.45926824,0.41441137,0.42630845,0.46249998,0.45920268,0.45613295,0.48269758,0.45522216,0.44352612,0.47123358
2025-11-06,1.0,-2.078946537748278,2.677620901741163,1.94748205542768,0.4965551,0.5164769,0.4749047,0.45801225,0.49715713,0.48334494,0.50762945,0.50445396,0.47761977,0.49424937,0.4995755,0.51783735,0.52013946,0.526808,0.49721336,0.5312882,0.53705436,0.5133696,0.5023439,0.4968435,0.47357723,0.50533205,0.48476017,0.49837062,0.48345196,0.51978606,0.57079774,0.4800731,0.4791516,0.49420092,0.50525,0.48792163,0.51084197,0.4362412,0.5325257,0.44571605,0.42664462,0.47128156,0.5148524,0.537046,0.4451854,0.41256386,0.42928824,0.46993834,0.4613909,0.4389475,0.48269668,0.4606837,0.45066494,0.48106846
2025-11-07,0.0,-1.8410126383620848,0.0649494836015179,-0.9979464496075299,0.5280947,0.5344211,0.5115191,0.50406444,0.51043606,0.49158344,0.5161061,0.5167731,0.4936099,0.5126386,0.5136846,0.5162243,0.51586443,0.52243364,0.49670035,0.52984434,0.5347814,0.5165185,0.50969017,0.49644852,0.513146,0.51495975,0.49004477,0.49542853,0.47933128,0.5134169,0.5751966,0.4807515,0.47802085,0.49578366,0.5016058,0.47618786,0.50464755,0.4370431,0.52973485,0.43250442,0.42474055,0.4703886,0.5222096,0.53288597,0.44126016,0.4160922,0.4369989,0.46763366,0.4570309,0.43586043,0.48332745,0.4573942,0.44745037,0.48140034
2025-11-08,1.0,-0.8963064514809734,3.063327979471352,2.32822313820756,0.5279529,0.53365254,0.53220075,0.5071323,0.54544467,0.5179596,0.54921377,0.54080945,0.5075183,0.5208919,0.5347529,0.53275216,0.5237462,0.5411259,0.5139695,0.5352245,0.532422,0.5153993,0.54348683,0.49670556,0.5290885,0.5499446,0.5032157,0.49521503,0.47372463,0.5256893,0.5756588,0.47971055,0.50781673,0.4948859,0.50294495,0.4970578,0.5093669,0.43024632,0.5336647,0.43171734,0.4182922,0.4676775,0.5117127,0.53282356,0.4303301,0.41169238,0.43682152,0.46891132,0.45642096,0.4277101,0.48521492,0.46009234,0.45279422,0.4792259
2025-11-09,1.0,-0.4382460014504703,1.8422600800666027,1.22257015459849,0.46838397,0.4799135,0.45237505,0.5266457,0.44494507,0.4484665,0.4537318,0.46994466,0.48177016,0.45449713,0.4771299,0.46757647,0.48513898,0.46972224,0.45223343,0.48612872,0.4930408,0.50215495,0.48746806,0.5215952,0.48745096,0.47447532,0.46816945,0.5265245,0.50800097,0.4855615,0.5208186,0.50144374,0.46186677,0.5142946,0.5009052,0.46532828,0.49646276,0.497747,0.506511,0.49291033,0.48123115,0.4918285,0.53506565,0.5122547,0.44128978,0.4141513,0.4304681,0.44579953,0.45206457,0.46609282,0.48013985,0.4721668,0.41362745,0.44057444
2025-11-10,0.0,-3.391458552545304,1.3946758967764463,-2.82425458643332,0.49907592,0.4504684,0.48062953,0.50430214,0.50008136,0.49572664,0.51072913,0.49781573,0.49600187,0.48394802,0.50514674,0.4943523,0.49185368,0.48849568,0.4783931,0.46805704,0.48302153,0.49599156,0.48495483,0.52824426,0.4946385,0.51187915,0.4783618,0.5263638,0.5269115,0.49896076,0.49729407,0.4956988,0.47482404,0.516286,0.5005572,0.4757792,0.50191176,0.51000786,0.5037316,0.52100784,0.5031427,0.4948331,0.53045696,0.5101685,0.44826126,0.41754833,0.42500192,0.4348354,0.43836665,0.49130002,0.46807218,0.47697702,0.40529022,0.42380062
2025-11-11,0.0,-2.2028374757372173,2.1828350537612544,-1.3723012931130298,0.4794265,0.43624485,0.510776,0.48026192,0.51254374,0.50172323,0.5132343,0.51637846,0.4766532,0.4946139,0.49473268,0.4928086,0.49929148,0.5232814,0.48894203,0.5167151,0.5189501,0.50870615,0.534028,0.50597125,0.5196017,0.52775717,0.50104344,0.49533978,0.4997571,0.512618,0.5555852,0.4857207,0.4832261,0.5059522,0.5044604,0.46390215,0.51275533,0.4807859,0.5280542,0.47429365,0.46076614,0.4846466,0.53346187,0.5279723,0.46176216,0.4253972,0.4286749,0.45729846,0.44891784,0.47588545,0.48337033,0.47239164,0.44068703,0.45090348
2025-11-12,0.0,-3.660696950959446,2.3629439290450818,-1.94928961604392,0.48500255,0.4539007,0.45273566,0.44716302,0.44936618,0.4629633,0.4722364,0.48201326,0.4908091,0.4558718,0.4932232,0.49532276,0.49901548,0.45646426,0.4715503,0.53002733,0.52843165,0.5099135,0.47774196,0.498305,0.47491178,0.48539528,0.48460189,0.49310675,0.48705834,0.5060959,0.57028985,0.48748836,0.47620246,0.50379485,0.5037097,0.47008234,0.5152981,0.45424348,0.53492457,0.4527762,0.44295558,0.4780021,0.5246787,0.53182757,0.45772564,0.4258129,0.4328976,0.46323988,0.45329258,0.46045795,0.4849818,0.46533144,0.44462517,0.46410424
2025-11-13,0.0,-5.865841333583992,0.174385400953912,-5.249158454481051,0.49590454,0.49064738,0.46439508,0.4588135,0.46462688,0.4735103,0.4743092,0.49114102,0.48913166,0.46774015,0.50054264,0.5034617,0.5010328,0.46957648,0.47743592,0.53357726,0.5336662,0.5144097,0.4809584,0.49704874,0.46406454,0.49031168,0.4766124,0.49578607,0.4817037,0.50570107,0.57274485,0.48462743,0.48245484,0.49760717,0.50265515,0.4822293,0.51045585,0.4386881,0.5329544,0.44091865,0.43202782,0.47267443,0.5193085,0.5330594,0.44650143,0.42035374,0.4331376,0.4666647,0.4567626,0.44368616,0.48432377,0.46261874,0.44748735,0.47526166
2025-11-14,1.0,-0.0375464266076146,2.3535060352053194,1.0539439640716601,0.5381036,0.52271265,0.548398,0.50116366,0.54395145,0.52648073,0.5574636,0.5408671,0.5110633,0.52035487,0.548803,0.54613847,0.5260569,0.50732154,0.5097769,0.52855235,0.53668934,0.5183029,0.5455105,0.49853435,0.4847268,0.5438027,0.5089835,0.49284267,0.47742915,0.5310274,0.569725,0.4842325,0.50572366,0.49485484,0.5001511,0.5091939,0.5100939,0.42954534,0.5383878,0.43730855,0.41630247,0.46864757,0.5153088,0.5342307,0.43716305,0.41351673,0.4352406,0.46389583,0.45679733,0.4379147,0.48462933,0.4568018,0.4476579,0.4784186
2025-11-15,0.0,-2.7474319947971986,1.0808644000753953,-1.40612904673639,0.51967335,0.531167,0.536907,0.50338626,0.5458091,0.51790154,0.5472134,0.5422597,0.48504642,0.51493186,0.533808,0.541334,0.5293755,0.5323746,0.50193065,0.53039885,0.53548867,0.51568633,0.5278707,0.49503982,0.514682,0.5520256,0.49805868,0.498662,0.4752675,0.5233453,0.5683172,0.48232645,0.4967465,0.4965583,0.50069916,0.4926551,0.5155288,0.42715663,0.5404247,0.43700352,0.42013422,0.4718686,0.50899404,0.5361394,0.43373954,0.40928504,0.43365496,0.47115624,0.46157858,0.4273542,0.48513922,0.4521574,0.45319116,0.48117164
2025-11-16,0.0,-3.2798026989038145,1.872380957718531,-2.1947872947792098,0.47151366,0.5088792,0.4608307,0.5056261,0.44202298,0.46247834,0.44641057,0.46295705,0.4696748,0.48062855,0.5118932,0.48030916,0.4859933,0.47508952,0.4533701,0.48757964,0.49712485,0.50688154,0.45983282,0.5214561,0.46302965,0.49600798,0.47323215,0.52582115,0.51238936,0.48017767,0.5150153,0.49426743,0.46340832,0.508019,0.5006188,0.48260015,0.495776,0.49486727,0.50225276,0.49809587,0.4770193,0.4933944,0.52740186,0.5159584,0.43684912,0.40915656,0.42661542,0.44774708,0.4588937,0.45958936,0.47661993,0.47257766,0.41331458,0.44945025
2025-11-17,1.0,-3.2640552620736027,1.7424358934867803,0.80538963103698,0.49307,0.46892586,0.49487177,0.5055465,0.5265878,0.508963,0.51739866,0.50015134,0.47833386,0.49670956,0.5024758,0.49724284,0.49882153,0.50419325,0.4854158,0.46229443,0.486766,0.49839228,0.5132651,0.5268483,0.516498,0.518229,0.48424014,0.5275549,0.52868026,0.49628922,0.49255872,0.49041194,0.47327104,0.51554924,0.501505,0.4752984,0.5050272,0.50950354,0.50357777,0.5238476,0.5025807,0.4993738,0.52801967,0.5115503,0.45313612,0.41496068,0.42209598,0.4365237,0.44279876,0.4859107,0.4692415,0.47092566,0.40553445,0.42837337
2025-11-18,0.0,-4.7956074646618845,0.0208560724705764,-1.52387739374434,0.5324933,0.4876619,0.51968294,0.48636615,0.532775,0.51067406,0.53359324,0.54052794,0.50982594,0.5294708,0.53370017,0.5251253,0.52472615,0.5364475,0.5105374,0.50743693,0.5268868,0.51552415,0.54332966,0.508845,0.50618917,0.5485181,0.5075376,0.49930415,0.50289696,0.5210979,0.541499,0.48305014,0.49306914,0.50268227,0.50138515,0.48562947,0.50692266,0.47607428,0.52684665,0.48058593,0.45007637,0.48557612,0.53337944,0.5314233,0.46690854,0.41819865,0.4239204,0.4562513,0.45175013,0.4720771,0.4774742,0.46299687,0.43473354,0.4594697
2025-11-19,0.0,-6.143003626404163,1.7378997318413518,-5.5209816891895,0.53117526,0.5325317,0.4949113,0.48560137,0.5173079,0.5048619,0.53420854,0.5295524,0.52100074,0.50632524,0.5300836,0.5329922,0.5283919,0.5277536,0.50817364,0.5196875,0.5380612,0.5167139,0.52953476,0.5036421,0.5102304,0.5237465,0.49962637,0.49688905,0.49002326,0.5235774,0.5585333,0.48075283,0.49624577,0.4976629,0.50150216,0.49970156,0.50385445,0.45135817,0.5304104,0.45717195,0.42821085,0.47425774,0.5225409,0.536741,0.4590721,0.4144841,0.42650905,0.4632201,0.45776802,0.45576632,0.47967795,0.45949736,0.4407297,0.47456086
2025-11-20,0.0,-7.223098129324926,0.9897048198644034,-1.75568265742415,0.5093517,0.53109604,0.49020258,0.48337656,0.51298165,0.49256995,0.49867973,0.5198801,0.48919806,0.48974144,0.50685066,0.5112812,0.5207961,0.5191574,0.49738607,0.53067684,0.534237,0.51289237,0.5066666,0.49710056,0.5268656,0.5111369,0.49137014,0.497548,0.4806518,0.51403594,0.5694256,0.48044983,0.49019414,0.49933225,0.50251025,0.48771077,0.5077315,0.44333568,0.5325833,0.44229203,0.42876443,0.47235498,0.5179568,0.5351926,0.450863,0.4154377,0.43251744,0.46995118,0.45893237,0.4429191,0.4824445,0.45861962,0.44741687,0.47662216
2025-11-21,0.0,-1.932617237478052,0.574609648520971,-0.45881272465222,0.5489739,0.5382511,0.508517,0.48879,0.5115728,0.49576783,0.5009471,0.52779555,0.49992216,0.51292527,0.5368472,0.5261586,0.52537054,0.4862128,0.50778586,0.5304888,0.5345938,0.5165563,0.49732307,0.49553624,0.50092655,0.5307475,0.49989274,0.49488392,0.47788197,0.51874226,0.5694474,0.4818122,0.49607345,0.49762547,0.499977,0.496404,0.5079139,0.43376935,0.53650826,0.43707076,0.42026067,0.47077563,0.51770663,0.53390974,0.4434983,0.41164416,0.43590066,0.46716717,0.45702082,0.43810132,0.48222575,0.45376164,0.4459184,0.47999072
2025-11-22,1.0,-0.0852029400219028,3.9201541145457774,2.43675070874857,0.49580172,0.5386446,0.53118163,0.48065212,0.565356,0.53454316,0.55996513,0.55638325,0.49615914,0.50882286,0.5279541,0.54240865,0.5326398,0.5443421,0.5122986,0.53463423,0.5348271,0.51476175,0.5513772,0.4932783,0.52039695,0.56558985,0.5065253,0.5014037,0.47282687,0.5190893,0.5667059,0.48011193,0.49920565,0.4964691,0.5027845,0.5015287,0.52009356,0.42485285,0.5433214,0.44118366,0.4196287,0.4736651,0.49538156,0.5384012,0.43178728,0.40449178,0.43035674,0.47499895,0.4631822,0.42009348,0.4870691,0.45305693,0.45827278,0.48176104
2025-11-23,1.0,-1.8106036685718128,2.7242707601981624,1.6788036787637,0.4473976,0.5196621,0.44125026,0.5002041,0.41194034,0.4422881,0.43112868,0.44726363,0.48791686,0.45397627,0.49271554,0.46818304,0.47366473,0.47289586,0.4330441,0.48676217,0.49686304,0.50691295,0.45470628,0.5192075,0.46100858,0.458945,0.4687272,0.52748895,0.51371616,0.4722604,0.5212945,0.49368164,0.4468243,0.5105786,0.5010679,0.4715505,0.49320382,0.4980734,0.5024144,0.49611792,0.4837607,0.49658167,0.5331008,0.5149313,0.44124717,0.41045424,0.4285453,0.4504111,0.45785338,0.45742285,0.47819775,0.47257155,0.41447842,0.44998792
2025-11-24,0.0,-2.5044996261108468,0.2488181353831084,-1.05887043733438,0.5004069,0.47052857,0.47655034,0.49187514,0.51392204,0.50271535,0.5146884,0.49158758,0.51303846,0.48071542,0.50688565,0.49841237,0.49033025,0.49424845,0.4720636,0.4656127,0.48336977,0.49859396,0.47923708,0.52584505,0.49438488,0.51660955,0.4857081,0.5252376,0.5297476,0.4975427,0.4981543,0.49278036,0.47992736,0.5156534,0.5012595,0.47729123,0.50047106,0.50864875,0.5023507,0.52170664,0.5050913,0.496925,0.5333902,0.5112569,0.45007443,0.41565406,0.42581135,0.4363063,0.4397171,0.48710915,0.46881637,0.47678864,0.4061379,0.42820576
2025-11-25,1.0,-1.22434741973506,3.692148961762912,3.50217440422705,0.465288,0.4451811,0.4987327,0.46482596,0.50321025,0.501539,0.5099546,0.5082542,0.47579914,0.48632348,0.48755965,0.48771057,0.5006413,0.50878173,0.4846608,0.5177929,0.5178905,0.5092518,0.53051203,0.5049769,0.52940625,0.5225098,0.50144804,0.49626902,0.50002515,0.5070959,0.5546868,0.4849598,0.49636516,0.5071103,0.5048563,0.47297323,0.5134086,0.4795351,0.52638376,0.47514752,0.46331608,0.48604277,0.5310706,0.52794826,0.4619455,0.4241699,0.4291287,0.46038732,0.45070094,0.47048742,0.48326162,0.47495836,0.44194874,0.4522425
2025-11-26,1.0,-0.436508886726703,1.6071690521212538,0.9349308992866799,0.44769633,0.45779276,0.45234334,0.44019502,0.44012555,0.455995,0.46833318,0.47196895,0.48461315,0.4406523,0.46680027,0.47680902,0.48439828,0.46728402,0.45786035,0.53166634,0.5275804,0.5100392,0.47692558,0.49717742,0.49778008,0.4698375,0.48179534,0.4945555,0.4874206,0.49438184,0.5736588,0.48652187,0.46741587,0.50284946,0.50481963,0.4621558,0.5144919,0.45539525,0.53033143,0.45058778,0.45036197,0.4802749,0.52380896,0.531428,0.457782,0.4281121,0.43286645,0.4657056,0.45495304,0.4536043,0.4865874,0.469256,0.44653678,0.4661922
2025-11-27,0.0,-1.2707910525504442,1.906568196043392,-0.48648838036231995,0.47182825,0.4677883,0.47227716,0.44427112,0.47101006,0.47931913,0.49512237,0.4860791,0.4860412,0.46463698,0.49568114,0.49762112,0.4995454,0.47170773,0.47921792,0.5393997,0.5279007,0.51122916,0.5082553,0.4964075,0.46274215,0.48592427,0.49127465,0.49114022,0.4784682,0.50725085,0.58162796,0.48640794,0.49323574,0.49920934,0.50561786,0.48991278,0.51448715,0.43726888,0.53363585,0.4388256,0.43465737,0.47181234,0.5174117,0.5304437,0.44279173,0.4258103,0.43676534,0.465993,0.45348293,0.44303936,0.48742163,0.47113037,0.45112297,0.46954608
2025-11-28,0.0,-0.812206125976077,0.3020495676637832,-0.097152822547,0.48801994,0.47660318,0.4968948,0.49367926,0.4733049,0.47998655,0.49771404,0.49576777,0.489698,0.4826212,0.49370635,0.5033989,0.5000847,0.4900147,0.47632462,0.53706473,0.52851725,0.51317275,0.50335515,0.4966458,0.48154956,0.4952671,0.4819951,0.49126416,0.47639126,0.4997024,0.58615786,0.48597124,0.4802374,0.4971589,0.5033813,0.47807163,0.50796115,0.4362023,0.5306453,0.4272132,0.43278804,0.46919206,0.5250126,0.5279454,0.43678227,0.42834872,0.4403651,0.46461588,0.45075837,0.44012925,0.487628,0.4682161,0.45055124,0.47226143
2025-11-29,0.0,-0.5140142665914941,1.310252825179527,-0.48844658930887,0.49754307,0.48092756,0.50260645,0.49735108,0.4961488,0.49205068,0.5061968,0.50640774,0.4929687,0.48791447,0.51166683,0.515541,0.50506103,0.48981747,0.4839381,0.5396179,0.52702355,0.51277435,0.513369,0.49562374,0.4913066,0.5200995,0.48734143,0.4927128,0.47179005,0.5069693,0.5830988,0.48504075,0.49496597,0.49837688,0.50285834,0.48193252,0.5128726,0.431236,0.5347122,0.4268148,0.4289894,0.46878368,0.517882,0.52827513,0.43014294,0.42389134,0.44037434,0.46698424,0.45186567,0.4332379,0.48775145,0.46614394,0.4531935,0.47129637
2025-11-30,0.0,-7.509712194276304,0.0630611215906192,-4.6134215573855695,0.45050448,0.4571168,0.43775976,0.51242673,0.4209482,0.4432201,0.4314356,0.4549448,0.4526817,0.4365631,0.480026,0.4582065,0.46823967,0.43406498,0.43779138,0.4904225,0.49285412,0.50130475,0.4675929,0.5233014,0.45636553,0.45446655,0.4526328,0.5259726,0.506267,0.47191742,0.52047426,0.50430304,0.4594128,0.5125399,0.5001314,0.4672267,0.4975841,0.49490967,0.5044879,0.49202067,0.48291725,0.49028772,0.5305251,0.5099951,0.43758315,0.4179991,0.43069777,0.4451162,0.4521804,0.46661052,0.48011458,0.4772627,0.41342923,0.43788764
2025-12-01,1.0,-0.1178405242400491,6.745954395516965,5.6241004017146805,0.48369142,0.4374699,0.4705166,0.49978247,0.48912066,0.4829787,0.49167243,0.48392323,0.46246514,0.46839288,0.488326,0.48856157,0.47813222,0.46809,0.46530542,0.4668564,0.48419932,0.4955743,0.4871989,0.5283409,0.48689145,0.4888537,0.46465087,0.5269721,0.5264906,0.48861876,0.4972611,0.49752843,0.46707982,0.5158759,0.5009918,0.46884948,0.5031747,0.5097056,0.503564,0.5204481,0.505558,0.4965823,0.5320142,0.50797194,0.44988048,0.41961342,0.42490426,0.43505353,0.43867213,0.49128678,0.4692982,0.47644094,0.4054532,0.42275715
2025-12-02,1.0,-0.3156341927386604,3.0980775060067893,2.33034776016145,0.5133073,0.4550325,0.52593446,0.4750801,0.5602129,0.5333241,0.55807704,0.552454,0.5123765,0.51517123,0.5325904,0.5362455,0.5254236,0.50146574,0.5072221,0.5094455,0.5259409,0.5127661,0.56999177,0.5085728,0.49161795,0.55776864,0.5106164,0.49988094,0.5001982,0.5329766,0.53931004,0.4891805,0.49778518,0.5061102,0.5017115,0.49344438,0.51931787,0.4723246,0.5388314,0.48485488,0.45023513,0.48657462,0.5225704,0.5312723,0.4633783,0.41804853,0.42406386,0.45587763,0.4521866,0.47312248,0.4814078,0.46310213,0.43892908,0.4507055
2025-12-03,0.0,-2.7572975885040187,0.6933526505608658,-1.4575262088996601,0.49924606,0.47007054,0.45240706,0.44374534,0.46856025,0.46969953,0.50396293,0.48929852,0.48527884,0.48817205,0.5043638,0.5200373,0.5204105,0.49541837,0.5035338,0.5283641,0.53251034,0.5096167,0.49853078,0.50054425,0.45489523,0.4941866,0.493926,0.4920455,0.48992684,0.52203286,0.57169485,0.4837722,0.47889006,0.49697018,0.5069581,0.49824286,0.51163155,0.44835135,0.53299147,0.45702818,0.43316358,0.47225496,0.52305704,0.5344003,0.45052218,0.41829756,0.42898765,0.46286532,0.45478827,0.45929897,0.48220068,0.46960172,0.44694924,0.4694485
2025-12-04,0.0,-4.466371983462102,0.6649357222700485,-3.0298870064162,0.49455416,0.4768523,0.48214358,0.4910663,0.50819844,0.4919625,0.51632184,0.5035879,0.48769033,0.48617515,0.4923949,0.5115594,0.5119478,0.50748223,0.4944194,0.5334496,0.52956176,0.5101005,0.51664394,0.49666134,0.4965219,0.5085005,0.49452844,0.48989218,0.48011106,0.5170697,0.58399737,0.48385936,0.46937153,0.4984771,0.50519305,0.47359738,0.51040286,0.44485417,0.53314245,0.43676737,0.431014,0.46938592,0.5258441,0.5310047,0.44588086,0.4266729,0.43722275,0.46277624,0.45111126,0.45265383,0.48706442,0.4663126,0.4501818,0.4700101
2025-12-05,0.0,-0.4735585793218064,1.0688554565073944,-0.10444269910222001,0.4951651,0.4903022,0.47948667,0.5009689,0.48106265,0.4792523,0.49582925,0.49990848,0.4908885,0.48456717,0.50314236,0.5019113,0.5015746,0.49337417,0.48010808,0.5375834,0.5295093,0.5123096,0.49203014,0.49608055,0.4989138,0.498975,0.47756505,0.4941633,0.4755859,0.503946,0.58066213,0.48395976,0.472505,0.49902326,0.50239235,0.47229517,0.50997764,0.43945482,0.5318778,0.42994726,0.43072093,0.46955115,0.5214934,0.52935785,0.4396356,0.4246999,0.43840328,0.46680266,0.45288697,0.4412212,0.48689178,0.46325946,0.44985858,0.47225273
2025-12-06,1.0,-1.7151682918861642,2.7883074320587875,1.28989870207887,0.50106835,0.504153,0.48911542,0.49452198,0.4933387,0.48835245,0.49715608,0.5108019,0.4904171,0.48541757,0.51539487,0.51063263,0.5027871,0.49280608,0.4845999,0.53816515,0.5303292,0.5139992,0.497411,0.4954035,0.49840862,0.51336503,0.4816661,0.4969265,0.47293207,0.5044375,0.5756474,0.48369163,0.48426288,0.49842378,0.5011742,0.47961816,0.512589,0.43211448,0.5345017,0.43021917,0.42745388,0.47039196,0.51386666,0.5303487,0.4317745,0.4174151,0.43742302,0.46989968,0.45607305,0.42971775,0.486012,0.46075723,0.45144945,0.47515142
2025-12-07,1.0,-0.870314593663313,2.071252636050104,0.26407844119581997,0.45788944,0.4726119,0.44224116,0.50585186,0.43236163,0.4472135,0.42784005,0.458678,0.44976884,0.4487216,0.4869041,0.46483877,0.46693158,0.44454265,0.44492534,0.48882896,0.49456117,0.5031255,0.46722603,0.52194273,0.46076554,0.46531284,0.46119806,0.52558076,0.50889105,0.47259715,0.5176173,0.5001509,0.46000344,0.51012635,0.5006506,0.46937677,0.49717292,0.49503198,0.5037068,0.49481392,0.48115525,0.49222335,0.5292888,0.5124207,0.4378718,0.41331935,0.42846465,0.4456731,0.4551199,0.46360338,0.4783474,0.4743662,0.41322988,0.4431484
2025-12-08,1.0,-1.2594544652464452,4.270791457331196,2.2306581769779896,0.49093154,0.44763795,0.48174554,0.5014687,0.50283074,0.49875772,0.5032178,0.49522966,0.47207657,0.48174852,0.502105,0.4970942,0.48970196,0.4855788,0.48226166,0.4662093,0.48395506,0.49507195,0.49283016,0.52820057,0.49209976,0.5053085,0.47898248,0.52651614,0.5266786,0.49173743,0.49540782,0.49585822,0.47471514,0.51538235,0.5009431,0.47624132,0.5039361,0.50829834,0.50414777,0.5223016,0.50281096,0.49585176,0.5279926,0.5098426,0.44737983,0.41701174,0.423996,0.4354925,0.44021147,0.48984236,0.46831656,0.47625434,0.40571913,0.42424473
2025-12-09,0.0,-1.2110853540756117,1.920608228727648,-0.71841233904618,0.5150888,0.46184525,0.5142824,0.496991,0.507797,0.49877205,0.51147336,0.52580243,0.48971394,0.5148997,0.517245,0.51350695,0.5095826,0.52950543,0.5002317,0.511059,0.52297485,0.51273036,0.5343299,0.5090469,0.5039616,0.52641046,0.49772403,0.4968522,0.5017452,0.50647587,0.5499035,0.48557132,0.48701832,0.5032437,0.5019841,0.47515023,0.50415206,0.48017526,0.5242705,0.47447178,0.4549094,0.48359966,0.5375822,0.527964,0.4621359,0.42411792,0.42684296,0.45518154,0.44813448,0.47700945,0.47968167,0.46899858,0.43556306,0.45495597
2025-12-10,1.0,-3.0395111103662726,1.6593870333603318,0.53976543938289,0.5194687,0.4807305,0.48028237,0.47333896,0.49860242,0.49324685,0.51329154,0.5125002,0.5046304,0.48829457,0.52271044,0.52221864,0.51986307,0.49004868,0.5033289,0.52681845,0.5302508,0.5104688,0.5209834,0.50177455,0.4953515,0.51227385,0.5003661,0.4907134,0.4866386,0.5186882,0.5692629,0.48555267,0.4994947,0.5010884,0.5037723,0.49741468,0.50970954,0.453527,0.53434926,0.45358637,0.43239883,0.47284272,0.52447516,0.5328353,0.4544399,0.42164564,0.43194684,0.46082273,0.45156386,0.46417367,0.4832282,0.46649972,0.44364405,0.46469197
2025-12-11,0.0,-3.333814608449231,0.2597544535830762,-2.4565606595954,0.48896247,0.47895908,0.47171172,0.47839692,0.48882258,0.48147678,0.48596993,0.5019414,0.4861098,0.4735413,0.49415708,0.5042904,0.50598925,0.49264306,0.48469496,0.53502196,0.52996266,0.50946313,0.493417,0.49588612,0.50391036,0.50314206,0.4846747,0.49324906,0.479389,0.50766224,0.57891345,0.4842579,0.4752714,0.4996858,0.5041227,0.47624642,0.512571,0.4445839,0.5354738,0.43906724,0.43343258,0.47173253,0.5215442,0.53238577,0.44837782,0.42373478,0.43501422,0.46565276,0.4538781,0.45007154,0.48622194,0.46321577,0.44992003,0.4701657
2025-12-12,0.0,-0.5577047030385164,0.4047810822707123,-0.03147775451217,0.48559505,0.4932624,0.4859106,0.48390576,0.49724695,0.49586594,0.50799745,0.51202625,0.49199292,0.48381594,0.5124762,0.5119866,0.50634044,0.50399846,0.48773482,0.53934205,0.5303636,0.5120955,0.51259315,0.49590746,0.49302468,0.50855696,0.48544016,0.4952479,0.4743694,0.5100086,0.5779561,0.48378894,0.48529363,0.49849454,0.503324,0.487749,0.5145609,0.4345519,0.5360899,0.43458,0.42783695,0.46975034,0.51215965,0.53165984,0.43663904,0.41923285,0.4359695,0.46873897,0.45578113,0.43578023,0.487349,0.46319056,0.45247683,0.4727325
2025-12-13,0.0,-2.9950381514891733,0.2571933251312183,-2.31815182233915,0.510741,0.51252353,0.5098003,0.51200455,0.49452302,0.48964158,0.5103962,0.5155822,0.49525228,0.50324243,0.5208619,0.5166257,0.50554043,0.51375425,0.48758355,0.534687,0.53228587,0.51546425,0.50326705,0.4967844,0.5034079,0.512899,0.48222563,0.4950279,0.47536734,0.50488174,0.5781251,0.48349425,0.48063296,0.49621066,0.50089896,0.47993833,0.5084646,0.43310946,0.53250235,0.42826623,0.42578962,0.46928027,0.5190472,0.5302391,0.43180746,0.41759142,0.43859655,0.4677282,0.45520693,0.43157363,0.48556662,0.4599599,0.44962516,0.47736776
2025-12-14,0.0,-3.49164337886784,2.110300789636064,-1.99324771490597,0.46630922,0.48701033,0.44634035,0.51593816,0.43073747,0.4476434,0.4300076,0.4583533,0.45899484,0.45790336,0.4921666,0.4591982,0.46943456,0.4509983,0.4431852,0.4889719,0.49476692,0.5045865,0.46686584,0.5230594,0.47512773,0.4701414,0.45604092,0.5266902,0.5089365,0.475295,0.5162839,0.49924988,0.46931145,0.51125574,0.49954182,0.469394,0.49497595,0.49658802,0.5016693,0.49302092,0.48084602,0.4913699,0.5315108,0.5120672,0.43745357,0.4130916,0.42912367,0.44662753,0.4541363,0.46421683,0.4769486,0.47466806,0.4118825,0.44304916
2025-12-15,1.0,-1.3583121355114631,1.997568712887066,1.64246601605556,0.49084374,0.45007762,0.48468566,0.50421834,0.5043684,0.4945302,0.4998063,0.49305496,0.45639372,0.4853186,0.48879194,0.48662752,0.486919,0.47820958,0.4778825,0.4639949,0.48575678,0.49716747,0.49903876,0.52789015,0.5129695,0.5006466,0.46791276,0.5287658,0.5270862,0.48840034,0.49161732,0.4939247,0.4745632,0.5162266,0.50103205,0.47107553,0.50494754,0.5097304,0.50378907,0.5225525,0.5038348,0.49846372,0.5283667,0.50920236,0.45188826,0.41599333,0.42269844,0.43601003,0.44091764,0.48872927,0.4679334,0.47234073,0.4054365,0.42544717
2025-12-16,0.0,-2.944499571115732,2.8082867186599096,-1.8612119227458201,0.51646173,0.46351647,0.51076365,0.47204044,0.5293994,0.5102941,0.5310631,0.5358788,0.49904928,0.5166005,0.5211976,0.5224486,0.5194449,0.5133826,0.5075194,0.51049453,0.5253322,0.5128869,0.54244345,0.50779194,0.49939907,0.54419315,0.50573283,0.49855864,0.50164443,0.525543,0.54269445,0.48493168,0.49680734,0.5038187,0.50280297,0.48774034,0.5129126,0.4741234,0.5313283,0.48212075,0.45175627,0.48597258,0.5292995,0.5308967,0.46317557,0.41768107,0.42374754,0.4570258,0.4520655,0.47258586,0.47878796,0.4650835,0.43814176,0.45586318
2025-12-17,0.0,-2.101168245892728,3.6816982259919593,-0.84631567748879,0.497471,0.49764892,0.4753513,0.46564874,0.4916028,0.4868267,0.51710016,0.5087275,0.5005064,0.4828429,0.5008532,0.52009773,0.5144411,0.5130806,0.49433663,0.5243155,0.5351608,0.5130761,0.51293075,0.50081843,0.49737048,0.506244,0.49293974,0.4955778,0.48970738,0.5208701,0.5655028,0.48172164,0.48042947,0.49795827,0.50442207,0.4861086,0.5099996,0.45085302,0.5321856,0.45653048,0.43478763,0.47584733,0.5213566,0.53560084,0.4558525,0.4177809,0.42723104,0.46416515,0.45744124,0.4547652,0.48265246,0.46320498,0.44522288,0.4723816
2025-12-18,1.0,-0.4760929986054573,4.441205925783883,3.01834539651766,0.5303712,0.50645924,0.49076006,0.4802918,0.50130033,0.487448,0.505943,0.51029843,0.49411535,0.5002128,0.5194464,0.5228774,0.52437747,0.48823917,0.5027706,0.53000367,0.53302044,0.5132606,0.5020416,0.49729908,0.48201028,0.5124368,0.49634767,0.49153188,0.48128518,0.52028495,0.574172,0.48291832,0.49134606,0.49890625,0.50278926,0.4897583,0.50873816,0.4410177,0.53488976,0.4409695,0.42551345,0.470691,0.52331847,0.5331401,0.4488039,0.4195441,0.4356883,0.46463868,0.45441332,0.45012477,0.48306638,0.460041,0.4461877,0.47428995
2025-12-19,1.0,-0.387853341303892,0.4936119753888122,0.25378227881089,0.5158081,0.50654817,0.500048,0.48217395,0.52455217,0.5045258,0.5191816,0.5244358,0.49410072,0.49871254,0.5178617,0.5274428,0.52300155,0.5023672,0.50530994,0.535557,0.5319363,0.5128772,0.5156699,0.49472964,0.4962566,0.5376453,0.49465287,0.49452588,0.47580087,0.5231545,0.5755928,0.4814162,0.49551928,0.49686927,0.50364166,0.4895051,0.51402366,0.4326228,0.5379768,0.43697658,0.42289713,0.4699437,0.5135466,0.5338233,0.43903333,0.41583073,0.4348841,0.4677556,0.45619914,0.4372728,0.48574668,0.45887387,0.45297706,0.47649616
2025-12-20,1.0,-0.8648109541143318,0.8125147867349164,0.33664070202197,0.48540062,0.49958283,0.49343237,0.48845416,0.5073573,0.49571317,0.52132386,0.51262784,0.48559934,0.49316886,0.503537,0.51347786,0.5130747,0.53377414,0.4979224,0.54096496,0.52845067,0.51111203,0.51843476,0.49433956,0.5104087,0.5232854,0.48918858,0.49584046,0.47296518,0.51115113,0.58242285,0.48081157,0.48253486,0.49606547,0.50538355,0.4751499,0.51386887,0.43162066,0.53392714,0.43106857,0.42595345,0.46843895,0.51138306,0.5314294,0.42985848,0.41676244,0.43711963,0.47071034,0.4563536,0.42751497,0.48716715,0.46423554,0.45699215,0.4758524
2025-12-21,0.0,-0.859616643347769,2.152832178528961,-0.04294909267388,0.4429485,0.48321518,0.41867253,0.513637,0.4133119,0.43484992,0.43416518,0.44666776,0.49186027,0.42421323,0.4771843,0.44621047,0.4586918,0.45257238,0.42601758,0.49010926,0.4928648,0.5024188,0.47079784,0.52158266,0.47029445,0.4365853,0.4553215,0.5274732,0.5079293,0.4755986,0.5256932,0.5011796,0.44619155,0.51446164,0.4997358,0.45235878,0.49348357,0.49952027,0.502146,0.4895529,0.4868417,0.49155405,0.5364413,0.50990814,0.44035253,0.41756746,0.43278813,0.4473847,0.4507627,0.46468782,0.48047867,0.47686225,0.4136375,0.43916374
2025-12-22,0.0,-2.304472491634744,0.3595504884680305,-1.28876996356668,0.48351833,0.4538971,0.46959975,0.49964625,0.50671947,0.49283397,0.5132662,0.48828834,0.48409605,0.4719978,0.49726984,0.48053792,0.47359434,0.47506294,0.46222824,0.4673135,0.48440942,0.49674875,0.50844043,0.528429,0.50556076,0.4893231,0.46565634,0.5277903,0.5263435,0.49320474,0.4964248,0.49571124,0.46810755,0.5170414,0.5002076,0.46063843,0.50220025,0.51044554,0.50259435,0.51950127,0.5059774,0.49644008,0.5304201,0.50784034,0.45071962,0.41946796,0.4257765,0.43533158,0.43839273,0.4896696,0.4696296,0.47604436,0.40569174,0.42266774
2025-12-23,1.0,-1.2259650058416092,0.6424805089055559,0.20947114928907,0.48878032,0.43882212,0.5065439,0.46656805,0.525403,0.5091633,0.52798814,0.52003485,0.48619825,0.5018892,0.50731635,0.5030239,0.50388867,0.50747204,0.4879726,0.51598984,0.52000165,0.50943416,0.5478238,0.5062082,0.5020411,0.5341783,0.5044925,0.495212,0.49978992,0.52062225,0.55211306,0.48750106,0.49076277,0.50622755,0.50440115,0.4730124,0.5161978,0.4769372,0.53193617,0.47786498,0.45830226,0.48554665,0.5312887,0.5282487,0.46117038,0.42372006,0.4280986,0.45694354,0.44940835,0.4751415,0.48324037,0.47076687,0.44154546,0.4497549
2025-12-24,0.0,-0.8415999877675097,1.0476420889313711,-0.5079409544226701,0.47969198,0.46766117,0.45860428,0.4549177,0.46040457,0.4723183,0.49289304,0.49132997,0.49659866,0.46258494,0.49279934,0.5054036,0.4998907,0.4776177,0.46953443,0.52780455,0.53203416,0.51219964,0.49585143,0.49978206,0.4795448,0.48847058,0.483184,0.49508148,0.4886596,0.5097955,0.56801206,0.48610032,0.4712425,0.5012904,0.5036047,0.47382826,0.5139492,0.45213622,0.5339201,0.45429116,0.44133705,0.47763336,0.5229386,0.53305596,0.45639372,0.42402273,0.43016326,0.46376374,0.45574328,0.45674685,0.4849803,0.46459252,0.44548285,0.46711135
2025-12-25,1.0,-0.6558441408754665,2.650123964286053,0.16528557328896,0.48293528,0.4949748,0.46293673,0.46187943,0.4628431,0.46791646,0.4736463,0.48555198,0.48350102,0.46517533,0.48949003,0.49549812,0.49673408,0.48780897,0.47191393,0.5348219,0.5326919,0.5132232,0.48617718,0.4972728,0.47860426,0.47761098,0.475443,0.49646088,0.48157308,0.5015106,0.57514477,0.48385882,0.4788941,0.49800232,0.50338876,0.48036855,0.5091795,0.44076192,0.53017735,0.4392336,0.43495047,0.4725447,0.5203053,0.5323061,0.44575325,0.42197007,0.43389183,0.46881226,0.4573565,0.4418342,0.48422983,0.4651303,0.44840854,0.47480306
2025-12-26,1.0,-0.1334420752145451,0.7008041521701843,0.57912850251953,0.50622267,0.50788474,0.48837885,0.4838145,0.47841036,0.48029745,0.4806477,0.49962857,0.49071854,0.48153818,0.50216764,0.5024576,0.50137234,0.48904702,0.4827816,0.5360092,0.5309511,0.51476616,0.4977618,0.49662545,0.49544072,0.495852,0.48217684,0.4951096,0.47701454,0.50256354,0.57823205,0.4834496,0.48964044,0.49723935,0.5021816,0.48695657,0.5062386,0.43569508,0.52990454,0.43050224,0.42982218,0.4701074,0.5207105,0.53018284,0.43736443,0.42012465,0.43792376,0.46854308,0.45529503,0.43502077,0.48432484,0.46450555,0.44899127,0.47632495
2025-12-27,1.0,-0.5042563103329418,0.2406605719151754,0.08610604018155,0.5281672,0.50124526,0.55504644,0.5033979,0.5639532,0.5386261,0.5659686,0.54869455,0.51682657,0.5206525,0.544475,0.55498886,0.5255873,0.51688,0.5168165,0.53460264,0.53054863,0.515015,0.56131876,0.49585646,0.50258327,0.56756765,0.52031195,0.49035805,0.47167012,0.5366213,0.5786294,0.4834168,0.5110644,0.49602228,0.5028083,0.5068543,0.51642054,0.42673698,0.5417398,0.4328958,0.41798168,0.46867377,0.5110655,0.53218746,0.42854503,0.41582248,0.43845978,0.46418068,0.4527164,0.43237233,0.48819983,0.46082366,0.45410278,0.47418684
2025-12-28,0.0,-1.311778001556273,2.7512238102904933,-0.8169240631806599,0.4580775,0.48595092,0.44427446,0.52193856,0.41288543,0.4495949,0.43637666,0.4569989,0.48599353,0.45036063,0.49301443,0.4686159,0.4826819,0.4569569,0.4404166,0.48989928,0.49389094,0.50325525,0.4573337,0.52354264,0.46170697,0.47375718,0.45811582,0.52698606,0.5087584,0.48070818,0.5209725,0.50106794,0.45614487,0.5131228,0.49984223,0.47598147,0.49518687,0.49714935,0.50478894,0.49260518,0.48086858,0.49042496,0.53361505,0.5113452,0.43789715,0.41618565,0.43056807,0.4466258,0.45282546,0.46593344,0.4792615,0.47654814,0.413802,0.4405734
2025-12-29,1.0,-0.4497522815188095,2.4490639140507304,1.42085407306048,0.4862801,0.46579802,0.47274634,0.50417775,0.49769711,0.49111512,0.49515343,0.48581982,0.48918244,0.47342232,0.5027945,0.4836298,0.47952768,0.47682583,0.46258616,0.46719086,0.48558134,0.49920473,0.49414968,0.52908725,0.50236446,0.49950516,0.46497,0.52811205,0.52725345,0.4948364,0.4959495,0.49271566,0.46625376,0.5173851,0.49921885,0.46986526,0.50027287,0.512264,0.50060576,0.51932853,0.50526625,0.4965349,0.53232974,0.5080738,0.45087016,0.41910642,0.42538127,0.43623605,0.43896005,0.489493,0.46803916,0.47648126,0.4044454,0.42447624
2025-12-30,0.0,-1.4061022687029558,0.8042455816397451,-0.9507280651887899,0.5307539,0.4594111,0.54158014,0.47823557,0.5850128,0.54729706,0.5730801,0.5533375,0.5242218,0.53584737,0.54251134,0.532079,0.5287676,0.5252265,0.5130826,0.51062953,0.5216387,0.511721,0.57980925,0.5075197,0.48752588,0.578903,0.5256089,0.4926329,0.49986216,0.54603124,0.54756045,0.48861462,0.49592224,0.50519115,0.50373244,0.49083525,0.5185794,0.47452363,0.53862464,0.48262858,0.4475941,0.483919,0.5299831,0.53037375,0.46319404,0.42022106,0.42760178,0.45175958,0.44764206,0.4803104,0.48398912,0.46596366,0.44007698,0.4494755
2025-12-31,1.0,-0.1116332918723909,1.4399600624055764,1.3494889906895,0.49641597,0.48077217,0.45087695,0.4685232,0.46025947,0.47202218,0.49415928,0.49180052,0.5035587,0.481802,0.5028878,0.5134936,0.51372415,0.4985713,0.48274934,0.5266347,0.5329232,0.5124493,0.48868266,0.50146574,0.47868434,0.49569497,0.48121205,0.49478287,0.49003196,0.5135053,0.5683467,0.48413917,0.46912113,0.49967262,0.504228,0.4821825,0.51023513,0.45355046,0.5321278,0.45477,0.43604773,0.47378168,0.52604824,0.5334878,0.45641106,0.42202848,0.4292485,0.46278754,0.45443887,0.46100965,0.48339897,0.46535456,0.44515517,0.4685269
2026-01-01,1.0,-0.5181851096152921,2.3613555076368016,1.29293647305218,0.51323855,0.5061683,0.47967505,0.48813036,0.5032871,0.48786303,0.5019412,0.5078004,0.50201064,0.48955762,0.5131069,0.51291984,0.5104234,0.49871916,0.48907772,0.53095305,0.53369737,0.51443666,0.5028966,0.49850637,0.49328017,0.50396985,0.48518443,0.49374273,0.48128805,0.513726,0.5739155,0.48321384,0.47960994,0.4984652,0.50209785,0.48362172,0.5080588,0.44348493,0.5324735,0.4394435,0.42827627,0.47015268,0.52310205,0.53267425,0.44831535,0.4211423,0.4347941,0.46486476,0.45444617,0.44917187,0.48423013,0.46113858,0.44662756,0.4736135
2026-01-02,1.0,-0.7597195280007834,0.8255500176837788,0.7007768661281399,0.51292825,0.5280314,0.47860917,0.5016302,0.47937873,0.4810283,0.47831064,0.503475,0.49676782,0.48938346,0.50806755,0.4984694,0.50263864,0.5123608,0.48786554,0.5357644,0.5323316,0.51525307,0.4928831,0.49853873,0.5157733,0.4929366,0.472773,0.49699643,0.47772312,0.49983352,0.5759861,0.48137367,0.48850775,0.49624577,0.50161666,0.4913903,0.5019819,0.43912554,0.52668417,0.42992166,0.42675766,0.46712375,0.5213545,0.5306334,0.4381729,0.41776773,0.43661878,0.46909782,0.4550949,0.43706238,0.4829518,0.4640307,0.44791272,0.47719696
