tanggal,target_asli,wasit_low,wasit_high,wasit_target,model_xgb_042,model_xgb_034,model_xgb_023,model_xgb_007,model_xgb_044,model_xgb_012,model_xgb_016,model_xgb_030,model_xgb_031,model_xgb_049,model_xgb_017,model_xgb_020,model_xgb_036,model_xgb_047,model_xgb_004,model_xgb_035,model_xgb_039,model_xgb_001,model_xgb_046,model_xgb_045,model_xgb_013,model_xgb_019,model_xgb_024,model_xgb_033,model_xgb_032,model_xgb_043,model_xgb_006,model_xgb_015,model_xgb_021,model_xgb_014,model_xgb_028,model_xgb_009,model_xgb_010,model_xgb_040,model_xgb_022,model_xgb_041,model_xgb_029,model_xgb_037,model_xgb_002,model_xgb_027,model_xgb_050,model_xgb_011,model_xgb_003,model_xgb_026,model_xgb_025,model_xgb_008,model_xgb_018,model_xgb_038,model_xgb_048,model_xgb_005
2025-09-25,1,-0.3441133437682889,1.190659576674615,0.59364982695478,0.53965163,0.55432606,0.51407266,0.5353282,0.55027676,0.47544,0.5883618,0.51004755,0.59421206,0.56166303,0.6185484,0.5174524,0.64984506,0.5324432,0.5079448,0.44526777,0.50970453,0.51259005,0.49694368,0.4474699,0.45134798,0.5498188,0.50571686,0.53494865,0.5070644,0.57286423,0.5131442,0.4501205,0.5549363,0.5319506,0.5472507,0.5548766,0.4745355,0.5526006,0.51332766,0.6280816,0.6115059,0.5050408,0.51353943,0.45055434,0.4854297,0.5280304,0.5703977,0.65932846,0.56674325,0.46935368,0.6000933,0.5883393,0.5957402,0.39694986
2025-09-26,0,-0.52952953138212,0.0915731903978601,-0.00694091932618392,0.43371347,0.49883607,0.60429645,0.4711582,0.5611048,0.6379975,0.58293295,0.51004755,0.4248707,0.6159305,0.6079247,0.5470605,0.5472006,0.474192,0.5079448,0.52353245,0.47219843,0.5128721,0.49466884,0.50428337,0.55433905,0.5367032,0.5286865,0.46750543,0.46851256,0.5030477,0.4553981,0.55332696,0.52162236,0.5748381,0.5143334,0.5192879,0.4745355,0.4501205,0.48080122,0.47729084,0.5611478,0.4856502,0.5807976,0.46611956,0.4854297,0.50123584,0.5147308,0.4947127,0.5251834,0.49635717,0.588794,0.34874168,0.48509791,0.43574694
2025-09-27,1,-0.4075027126504267,2.4454579062341457,2.2797220643522302,0.531254,0.48225585,0.37577957,0.44392526,0.47106597,0.46934012,0.49315047,0.541854,0.5371699,0.58056,0.5191867,0.3898179,0.41979292,0.4615645,0.45206428,0.53517383,0.44336754,0.48200053,0.54517335,0.5006552,0.493696,0.50571686,0.44825584,0.45335183,0.45070344,0.59604675,0.5401681,0.46817046,0.4722779,0.5230757,0.51035446,0.5548877,0.4745355,0.48857033,0.5016943,0.5037997,0.5661696,0.44409546,0.44134048,0.52119094,0.5302539,0.5186296,0.4873497,0.43832162,0.48123193,0.43820497,0.4707186,0.5081315,0.49973866,0.53089285
2025-09-28,1,-0.539325100910744,1.9739438733178485,1.89695620345703,0.34806198,0.5359717,0.21659973,0.55550075,0.5680006,0.41846153,0.49777165,0.5486618,0.4053793,0.39872274,0.5383987,0.3837359,0.6529629,0.53754246,0.44302946,0.44391084,0.5685695,0.50571686,0.5365968,0.479013,0.5477223,0.4515426,0.5128721,0.48671347,0.54323703,0.47589362,0.4916918,0.5192879,0.5340544,0.47049344,0.49167022,0.462975,0.44276875,0.5194373,0.5131459,0.5280774,0.5404621,0.44825584,0.51098204,0.5367199,0.46387368,0.47120366,0.4468676,0.41386396,0.4894403,0.4767766,0.34386984,0.5292231,0.4752619,0.41453892
2025-09-29,0,-1.4589877796575488,0.4190592799016273,-0.23036354107678,0.57767546,0.5431806,0.54359627,0.45288706,0.5169268,0.48171112,0.57288367,0.5383483,0.54873693,0.6269693,0.46158183,0.504979,0.6856245,0.5518331,0.5079448,0.45775214,0.57362455,0.55391985,0.42930606,0.54323703,0.48990396,0.45681033,0.5286865,0.5157146,0.5581024,0.66646606,0.4553981,0.5402446,0.47475642,0.7314824,0.5454914,0.5083375,0.5288334,0.45036304,0.4921783,0.52610385,0.7030621,0.5536913,0.5666349,0.46611956,0.55326676,0.50571686,0.52765465,0.6517231,0.5354329,0.4205265,0.5783922,0.5588458,0.5991545,0.56399643
2025-09-30,1,-0.0721529610857708,3.954283068166354,3.90866760019979,0.5343833,0.52631307,0.34140724,0.52365285,0.56817096,0.5672658,0.5191499,0.46227893,0.4525053,0.5401149,0.58231497,0.45475554,0.41354215,0.474192,0.48762694,0.5498188,0.43797708,0.4604638,0.52345794,0.55550075,0.55433905,0.49086103,0.5333222,0.53494865,0.55535835,0.5489394,0.46235844,0.4583667,0.47904637,0.4963838,0.51035446,0.46115202,0.4999386,0.49322796,0.51332766,0.54233766,0.42337003,0.4856502,0.5035343,0.46611956,0.46126482,0.50123584,0.4552574,0.40842664,0.4658466,0.45131496,0.47675928,0.47852215,0.48789805,0.51024634
2025-10-01,1,-0.266538148620893,2.0258682820382137,1.61790488991379,0.44831604,0.4556469,0.5227126,0.52365285,0.55027676,0.50699395,0.4990874,0.53926665,0.5096402,0.43837568,0.5259076,0.51424694,0.44903752,0.48205787,0.46516228,0.45775214,0.49033293,0.51259005,0.54161537,0.44662553,0.48060906,0.49086103,0.50571686,0.5498188,0.4921783,0.5019622,0.5131442,0.5472507,0.52162236,0.49646428,0.46627396,0.54875743,0.45497733,0.45414636,0.45326853,0.5105845,0.50948447,0.5050408,0.49521914,0.46611956,0.53581697,0.50123584,0.4098745,0.34101585,0.47756517,0.50190777,0.4268354,0.58772266,0.49329796,0.4256227
2025-10-02,1,-1.0685417835820217,2.754106024473794,1.4027586512955799,0.702387,0.52631307,0.6525555,0.5128524,0.5801796,0.7044544,0.6325617,0.51004755,0.5456197,0.54934126,0.40903813,0.53444093,0.5030793,0.5324432,0.5079448,0.53517383,0.5250757,0.51259005,0.4616189,0.5235156,0.493696,0.5545857,0.49294648,0.53494865,0.46851256,0.6851283,0.5131442,0.4501205,0.5549363,0.65400434,0.5472507,0.5501378,0.4999386,0.5325796,0.55326676,0.4409336,0.5181808,0.5050408,0.5258482,0.57630616,0.53581697,0.5280304,0.387876,0.651117,0.5325868,0.57766205,0.60187566,0.5286715,0.50489336,0.4566979
2025-10-03,1,-0.5924314329892795,0.4636137462628792,0.12999597126279,0.5008355,0.52631307,0.21878557,0.5444383,0.47732875,0.47199327,0.49731487,0.48188064,0.4828001,0.49286005,0.5995441,0.46502024,0.5492275,0.474192,0.48762694,0.5498188,0.5009211,0.44611627,0.39352563,0.45206428,0.55433905,0.49086103,0.5286865,0.53494865,0.52574426,0.38593167,0.4553981,0.44269496,0.50215745,0.36997363,0.4921783,0.54227555,0.4999386,0.5487089,0.51332766,0.43447378,0.43153983,0.44526777,0.43270805,0.46611956,0.49965668,0.50123584,0.4167973,0.45155162,0.49257874,0.48504707,0.6014913,0.3721741,0.48509791,0.53399163
2025-10-04,1,-0.208566000839999,2.674426027441919,0.88770689789275,0.47144842,0.5431806,0.44312242,0.5128524,0.5376815,0.55025226,0.49349397,0.51004755,0.49988928,0.5298064,0.42192164,0.52619886,0.6877179,0.4615645,0.45207188,0.55317277,0.5250757,0.45206428,0.49114993,0.44662553,0.50571686,0.49086103,0.5564018,0.5111131,0.45070344,0.5147197,0.5131442,0.50571686,0.52162236,0.6308945,0.51035446,0.45746544,0.45497733,0.46074003,0.45699826,0.46306527,0.49575976,0.5567199,0.48519325,0.53356856,0.5000279,0.50123584,0.51562196,0.47720754,0.538521,0.6290598,0.6112876,0.48073375,0.41579223,0.49455184
2025-10-05,1,-0.3230857828694738,2.17671113066462,0.9480412513902199,0.45150125,0.5359717,0.4102754,0.44636267,0.5525319,0.5127091,0.5410824,0.49870405,0.44230607,0.5612529,0.50310725,0.50086546,0.5090083,0.47142413,0.549046,0.52353245,0.3986205,0.45936984,0.5108188,0.5388018,0.52368975,0.45887873,0.5194373,0.45070344,0.51556027,0.5453236,0.4520744,0.5111131,0.4921783,0.5323194,0.49167022,0.5402446,0.4999386,0.4625694,0.5085716,0.44114748,0.48752144,0.4744518,0.55263716,0.4695623,0.46387368,0.5024345,0.4122371,0.49548015,0.5012228,0.4009959,0.38452026,0.5753524,0.5336105,0.52201045
2025-10-06,0,-3.330685111655133,0.3742910155569617,-2.70398998328903,0.35313126,0.50938874,0.3655606,0.5062292,0.52660775,0.3919712,0.47423455,0.5240701,0.5685775,0.49467146,0.42926186,0.39062187,0.63669395,0.5066535,0.5079448,0.45070344,0.58962923,0.44611627,0.39556774,0.45206428,0.4418306,0.5389313,0.49294648,0.45746544,0.44546166,0.4886173,0.5402446,0.4513371,0.52162236,0.52068913,0.5269023,0.5550524,0.5504604,0.48340166,0.55326676,0.63866794,0.3903294,0.5360811,0.46686438,0.5076652,0.5269082,0.50123584,0.39904767,0.38535896,0.4953037,0.55433893,0.5714748,0.48511717,0.39459953,0.32135868
2025-10-07,1,-0.2201411793678948,2.333260792434189,1.61306511638574,0.6246292,0.5359717,0.4793601,0.5194373,0.54829204,0.44903144,0.6278207,0.51004755,0.48882344,0.55862224,0.58924615,0.5122817,0.6055628,0.5242348,0.5079448,0.53517383,0.50780463,0.55391985,0.54903567,0.55550075,0.5529024,0.49086103,0.44662553,0.53494865,0.52574426,0.58685005,0.5131442,0.5402446,0.50215745,0.49711978,0.51035446,0.46430492,0.4999386,0.45008838,0.51332766,0.59003586,0.60765076,0.45595622,0.5368729,0.45725977,0.4854297,0.5280304,0.6060805,0.55138934,0.488561,0.5937684,0.43651444,0.5786642,0.43759945,0.6189232
2025-10-08,0,-3.008597067424458,0.3698890851919945,-1.34190749805211,0.5843287,0.52631307,0.3087374,0.45233047,0.38456795,0.4493038,0.48075593,0.46227893,0.42354584,0.5606835,0.41399792,0.54646283,0.49124697,0.48205787,0.5079448,0.45775214,0.49911642,0.51259005,0.4963574,0.47018105,0.45887873,0.5062292,0.44959065,0.47475642,0.44662553,0.47678778,0.48450896,0.52946633,0.4490609,0.42566547,0.49167022,0.46115202,0.4999386,0.45414636,0.45326853,0.40066707,0.5192113,0.54933715,0.46575204,0.49726802,0.5269082,0.50123584,0.42332995,0.3730379,0.39164594,0.5088644,0.3027034,0.57658005,0.40996584,0.3444694
2025-10-09,0,-17.6277182522046,0.7269114167804523,-7.5859746128425,0.5426763,0.48542303,0.7065622,0.5128524,0.4708364,0.6608819,0.5774352,0.53926665,0.43814936,0.4690591,0.55134416,0.5935976,0.6394018,0.51723695,0.5079448,0.53517383,0.59674686,0.4604638,0.541104,0.5554478,0.54717684,0.48671347,0.5333222,0.53494865,0.46851256,0.55467033,0.5131442,0.45414636,0.47883746,0.51005447,0.5472507,0.5192879,0.4999386,0.5128721,0.51332766,0.67305976,0.63434047,0.5050408,0.5075469,0.4870268,0.53581697,0.49817988,0.4772183,0.67731565,0.6118822,0.5117845,0.49809954,0.52686155,0.40339676,0.59492385
2025-10-10,0,-2.890339279248347,0.484651577857261,-1.90687944931956,0.4348087,0.52631307,0.7489323,0.5431806,0.55027676,0.5681946,0.59660274,0.5018996,0.52209485,0.59282744,0.503489,0.6137009,0.5440289,0.47083366,0.5079448,0.53517383,0.5250757,0.5128721,0.5405401,0.5308108,0.4921783,0.5430912,0.5286865,0.46750543,0.47855097,0.6027565,0.5131442,0.47043365,0.52162236,0.5041032,0.51035446,0.5083375,0.5288334,0.46912858,0.51332766,0.50274056,0.54506135,0.55360156,0.46920234,0.45410958,0.5269082,0.50123584,0.50411904,0.4069003,0.5494125,0.5810757,0.61073273,0.5829764,0.5973065,0.6096988
2025-10-11,1,-0.9802927117345478,4.528400903294066,3.8252348118231296,0.6112056,0.55432606,0.41004223,0.5281869,0.46890694,0.52938974,0.4556606,0.4925998,0.5797987,0.43036237,0.5718817,0.4876339,0.599637,0.55160314,0.5079448,0.5502189,0.5338296,0.51259005,0.58942676,0.4754234,0.48990396,0.5454914,0.5286865,0.46750543,0.5581024,0.646701,0.5131442,0.54323703,0.45971504,0.56072223,0.5143334,0.54875743,0.52353245,0.5487089,0.50571686,0.5668423,0.40215576,0.54933715,0.5331847,0.51041263,0.5240846,0.50123584,0.46249366,0.531251,0.5743658,0.5840184,0.5971042,0.6664227,0.47081307,0.40190655
2025-10-12,1,-1.1745061084252042,0.8704356368070796,0.18007625079209,0.46876374,0.5454914,0.41591823,0.5353282,0.5308025,0.6862876,0.5376645,0.4604638,0.54609996,0.4633691,0.48726714,0.64833266,0.49235415,0.48205787,0.5079448,0.4657086,0.50780463,0.51259005,0.44818524,0.47855097,0.54717684,0.5283627,0.45376635,0.50518924,0.538212,0.53625095,0.5522912,0.4501205,0.52162236,0.5696754,0.5263203,0.5402446,0.5288334,0.45008838,0.51332766,0.48977,0.64250815,0.54933715,0.5258482,0.52119094,0.5269082,0.5280304,0.46779904,0.6823789,0.48828298,0.5706275,0.5217983,0.4625832,0.48518097,0.5122642
2025-10-13,0,-4.711312442321688,0.2116093030987897,-1.87377515517996,0.43519118,0.5359717,0.49568102,0.44588482,0.4375789,0.49005106,0.62371033,0.5333222,0.49641386,0.5379901,0.493287,0.38276467,0.57114124,0.5260159,0.5079448,0.50571686,0.52214146,0.45089203,0.5958061,0.50428337,0.48990396,0.45681033,0.5286865,0.49283513,0.4921783,0.46591076,0.5194373,0.5440043,0.5549363,0.4223002,0.5383483,0.4649919,0.5288334,0.5128721,0.4921783,0.421067,0.55751336,0.55121017,0.52282155,0.5336739,0.4854297,0.45589983,0.58479816,0.46825993,0.45337024,0.5668558,0.5792818,0.5199752,0.6203748,0.52282
2025-10-14,0,-2.566664967724689,0.5155400907710121,-2.02415028158518,0.5579292,0.49883607,0.61839074,0.4657086,0.5893615,0.7790613,0.58293295,0.53926665,0.62390625,0.5183305,0.40418884,0.5954578,0.5807059,0.5260159,0.5079448,0.53517383,0.510172,0.45089203,0.5636329,0.55550075,0.45286512,0.49086103,0.45376635,0.47475642,0.46851256,0.6093592,0.46235844,0.46865198,0.52162236,0.57240963,0.5535282,0.4921783,0.5288334,0.4724844,0.48080122,0.5090902,0.5236963,0.4921783,0.5368729,0.52119094,0.55326676,0.49184123,0.6748817,0.57454723,0.57170546,0.5510215,0.49076697,0.5995804,0.5898517,0.48006535
2025-10-15,0,-3.058376431523026,1.094685114515793,-2.34668114929177,0.29964858,0.53349626,0.51782024,0.5545857,0.4864548,0.48021606,0.5816105,0.46227893,0.506781,0.512723,0.48724875,0.43644354,0.665695,0.5260159,0.45070344,0.45775214,0.5086292,0.55132705,0.5985236,0.5388018,0.5423572,0.5498188,0.44959065,0.44820067,0.49883607,0.5339149,0.5194373,0.549046,0.5333222,0.6902287,0.45206428,0.5548766,0.5288334,0.45414636,0.45326853,0.48419452,0.56680006,0.44938254,0.49945164,0.50935435,0.45206428,0.47286382,0.59214157,0.6128204,0.5012582,0.5509994,0.33279178,0.53785396,0.52693313,0.4766897
2025-10-16,0,-4.408417081217424,0.9618796655224868,-1.6425222998888802,0.53956974,0.48542303,0.6520301,0.5297236,0.56910735,0.41818717,0.46633357,0.5128721,0.60265964,0.5369894,0.5082162,0.61068416,0.6239904,0.47142413,0.55344856,0.45775214,0.49033293,0.4604638,0.4481171,0.48225585,0.493696,0.48342595,0.5333222,0.46750543,0.5466718,0.5643897,0.5131442,0.53754246,0.47904637,0.46770462,0.47883746,0.46430492,0.4740327,0.4547881,0.51332766,0.3762337,0.5613058,0.5050408,0.5117665,0.44881865,0.4939418,0.5280304,0.49243322,0.47624537,0.58804613,0.53328896,0.58777195,0.6386472,0.55731136,0.5332763
2025-10-17,1,-0.1029170510670393,0.9978268247478684,0.70531298183406,0.5872742,0.4962376,0.5636432,0.49883607,0.39146572,0.5014926,0.47804105,0.54377896,0.40925398,0.64315253,0.5879378,0.50460434,0.4418345,0.52195895,0.5079448,0.53517383,0.5069342,0.5128721,0.399433,0.5451395,0.5228966,0.5389313,0.45376635,0.44820067,0.44662553,0.5239457,0.5478244,0.4513371,0.47904637,0.5894976,0.5263203,0.4929641,0.46430492,0.48340166,0.51332766,0.43193847,0.48061633,0.55360156,0.43902946,0.533944,0.46126482,0.50123584,0.56085545,0.5889758,0.5415259,0.6421385,0.42373314,0.5585797,0.5087268,0.5414401
2025-10-18,1,-1.0142693413710018,2.0912056760379905,1.35088458148793,0.5722934,0.53349626,0.3817948,0.5531903,0.43735805,0.56152695,0.47150683,0.4464691,0.52936727,0.5280811,0.41197053,0.6211008,0.52971447,0.474192,0.55550075,0.48671347,0.4525515,0.4902904,0.44824147,0.4812823,0.5297236,0.5367032,0.5286865,0.46750543,0.55535835,0.43505487,0.5381294,0.44629514,0.46874604,0.7431427,0.44720763,0.45746544,0.45497733,0.5487089,0.5333222,0.5260911,0.42798528,0.46663043,0.49448282,0.48733768,0.49322796,0.50123584,0.55379504,0.41340438,0.48886225,0.48290887,0.47473773,0.47281426,0.4697146,0.49852285
2025-10-19,1,-1.1481607097963382,2.7801228437964185,1.7240633452995602,0.44568443,0.52353245,0.33927152,0.5278465,0.45967776,0.37729838,0.44135562,0.5276412,0.40626368,0.45101207,0.51286227,0.5431536,0.5443875,0.5260159,0.4548623,0.51894116,0.5380337,0.50571686,0.44782,0.5459094,0.5529024,0.49086103,0.5128721,0.45156178,0.5444383,0.31288344,0.4916918,0.4583667,0.5340544,0.45745432,0.4921783,0.5494325,0.4740327,0.5431806,0.4501205,0.429441,0.4130893,0.46630985,0.47976518,0.49657348,0.5297236,0.45601335,0.36425042,0.4698076,0.46422875,0.52677166,0.34362102,0.37301597,0.463715,0.5515247
2025-10-20,0,-2.8059533472635247,3.089256235688936,-2.04222465741934,0.53872794,0.4921783,0.46522057,0.5402446,0.50059754,0.529571,0.50736105,0.5504604,0.5610764,0.48626465,0.50621766,0.6005124,0.50116605,0.5518331,0.46516228,0.48593965,0.6057966,0.5269023,0.56535596,0.50428337,0.55433905,0.5545857,0.48857033,0.53494865,0.5089455,0.4650621,0.49053472,0.5440043,0.55413544,0.49611536,0.55160314,0.4921783,0.5444383,0.5325796,0.45349035,0.5864303,0.6532569,0.45595622,0.52073276,0.5076652,0.4854297,0.50571686,0.41603422,0.4462974,0.53727686,0.3983155,0.7213858,0.62532955,0.52435404,0.4462391
2025-10-21,0,-1.5174713587774071,0.7966599900414673,-0.6765639759505201,0.56811434,0.44346792,0.53938085,0.50571686,0.5556324,0.49361315,0.6273088,0.51004755,0.52366084,0.4724608,0.5117255,0.3794202,0.45398402,0.5389419,0.5079448,0.53517383,0.52912885,0.5033707,0.5616484,0.54227555,0.5431806,0.49086103,0.5464221,0.44391084,0.5089455,0.4620116,0.45665628,0.5402446,0.52162236,0.6377455,0.4547881,0.45595622,0.4999386,0.44684145,0.45967066,0.41639712,0.5512449,0.55360156,0.5303103,0.46611956,0.5269082,0.50123584,0.6335529,0.5546872,0.43220928,0.5311867,0.57701313,0.5967218,0.40873384,0.4056351
2025-10-22,1,-0.0627152136190072,3.405384453051488,2.30728409142147,0.47239745,0.55433905,0.34759954,0.5333222,0.54428566,0.58862466,0.45517126,0.53926665,0.5724953,0.42418423,0.56472296,0.416271,0.6484378,0.4657086,0.5333222,0.45887873,0.5551882,0.51556027,0.49263647,0.54323703,0.45887873,0.4515426,0.5564018,0.45070344,0.44566908,0.36960173,0.46074003,0.55332696,0.55360156,0.6107203,0.5535282,0.45595622,0.5492676,0.4657086,0.47274807,0.51531875,0.55548584,0.44938254,0.48167604,0.44534674,0.44508436,0.5359166,0.39714116,0.48323333,0.49822533,0.5168155,0.5919497,0.51257074,0.58946174,0.55187047
2025-10-23,1,-0.3441382179239016,1.8244913094121948,0.8383413777914499,0.57522506,0.52501744,0.6168733,0.52365285,0.42008978,0.56311846,0.6206047,0.48225585,0.6148369,0.535316,0.59196776,0.5042286,0.7122233,0.4615645,0.5046965,0.5502189,0.56439954,0.4902904,0.5088745,0.4474699,0.52368975,0.5477223,0.48857033,0.4501205,0.45887873,0.36551428,0.4553981,0.53958976,0.52162236,0.54041034,0.49883607,0.4921783,0.5504604,0.541854,0.51332766,0.52024645,0.50226027,0.5050408,0.4254288,0.5793792,0.5297236,0.49817988,0.45833308,0.47457036,0.6461581,0.5208136,0.5679643,0.60108936,0.47051618,0.5324254
2025-10-24,1,-0.2995611858154419,0.8417256070459718,0.57613153607323,0.55968535,0.52245724,0.4581386,0.44588482,0.5522612,0.6026598,0.4712526,0.48188064,0.35727322,0.51232874,0.49857512,0.5481232,0.6034803,0.47083366,0.48762694,0.52353245,0.49033293,0.5128721,0.59525925,0.54227555,0.45365044,0.5545857,0.53212,0.46504912,0.55011594,0.51536834,0.5381294,0.4583667,0.4921783,0.6037831,0.44866362,0.54323703,0.5288334,0.5128721,0.48080122,0.4768285,0.55694073,0.49322796,0.46939626,0.5395521,0.46126482,0.49184123,0.60332763,0.45977288,0.48144755,0.5643483,0.49952397,0.5268745,0.50809133,0.5561033
2025-10-25,1,-0.3461720537538956,3.3647472997145496,2.57578960116831,0.5660175,0.48671347,0.4951858,0.48391497,0.5790312,0.5828179,0.41644242,0.47846,0.48166007,0.4956681,0.48142222,0.4067697,0.590983,0.5359717,0.5440043,0.5502189,0.5926544,0.50571686,0.52862185,0.54143035,0.5466718,0.54979575,0.4657086,0.4921783,0.55535835,0.7062313,0.4461286,0.53958976,0.4722779,0.47430798,0.51035446,0.45887873,0.50571686,0.48225585,0.5281869,0.59249663,0.5183299,0.52952796,0.5765928,0.45519745,0.5360811,0.47120366,0.5639736,0.41176748,0.5159739,0.5611599,0.62860584,0.5267306,0.5049608,0.47019827
2025-10-26,0,-0.6387270581027968,1.5939069528884915,-0.39511646974532005,0.513799,0.5359717,0.636264,0.5345907,0.59184,0.5833358,0.6243053,0.49635178,0.50406456,0.5469696,0.390452,0.59254557,0.47301814,0.52195895,0.4548623,0.55317277,0.49957806,0.44457155,0.5108188,0.44690654,0.4921783,0.4754234,0.47855097,0.44526777,0.51556027,0.39532408,0.5381294,0.47883746,0.49883607,0.56785303,0.5484364,0.4921783,0.46131858,0.4921783,0.5085716,0.5303366,0.5593702,0.4585274,0.46851054,0.5164559,0.5000279,0.49184123,0.43580472,0.54783124,0.47456336,0.43847412,0.29022452,0.487259,0.48591223,0.3631797
2025-10-27,0,-1.6761273572246749,1.718899465982525,-1.06535589733105,0.4993482,0.52631307,0.57305545,0.5402446,0.40759704,0.67218506,0.5257507,0.47846,0.6052159,0.6341416,0.5764879,0.51354104,0.7153041,0.474192,0.5498188,0.55317277,0.5546913,0.5033707,0.5827859,0.50428337,0.46912858,0.51732874,0.50571686,0.5111131,0.5194373,0.54649687,0.5522912,0.4982599,0.5549363,0.6136169,0.50571686,0.5550524,0.4745355,0.5526006,0.46912858,0.5932001,0.5929845,0.44938254,0.60313064,0.5945765,0.4854297,0.5529149,0.65337825,0.5989026,0.5559565,0.52721584,0.53643787,0.5299622,0.5934884,0.5182497
2025-10-28,0,-3.3307678786883907,0.6579637299302911,-2.5814849578232,0.42661706,0.55032253,0.5993793,0.54227555,0.5030136,0.43049586,0.637135,0.45008838,0.50569516,0.49576983,0.53420585,0.5531034,0.54871607,0.5359717,0.5079448,0.50571686,0.5332908,0.44611627,0.5839932,0.55550075,0.47475642,0.49086103,0.44662553,0.4501205,0.44546166,0.5014896,0.46235844,0.5440043,0.4921783,0.50651723,0.51035446,0.49139655,0.4999386,0.46105236,0.51332766,0.60668236,0.4465077,0.5360811,0.4719235,0.53356856,0.4854297,0.50123584,0.351123,0.4147816,0.5525883,0.4368183,0.68537146,0.42031112,0.41199327,0.5081141
2025-10-29,0,-3.436778015926842,1.417547027047766,-1.55574958212031,0.56840676,0.51556027,0.6408732,0.5402446,0.5343378,0.34595677,0.5569075,0.49635178,0.45018303,0.4735905,0.6041847,0.4118058,0.5238766,0.5520096,0.48762694,0.53517383,0.50069225,0.45746544,0.57878333,0.50428337,0.52368975,0.5498188,0.5564018,0.5498188,0.5581024,0.5379398,0.5131442,0.4501205,0.5531903,0.6351564,0.49167022,0.52598196,0.4513315,0.5431806,0.45326853,0.4493427,0.4771348,0.47883746,0.58898425,0.5094732,0.49965668,0.49184123,0.4900648,0.5845806,0.49960804,0.47972408,0.6223052,0.53437304,0.43853125,0.48277506
2025-10-30,1,-0.0439523593056338,2.612405301690459,1.17940590867665,0.5252408,0.44346792,0.65796155,0.5527079,0.49195224,0.61143655,0.4373024,0.45766127,0.40070912,0.3757518,0.494493,0.40922627,0.49409205,0.5260159,0.5073943,0.51894116,0.5516289,0.45089203,0.5362617,0.5554478,0.52368975,0.5477223,0.55121017,0.44391084,0.5402446,0.58915895,0.45665628,0.4982599,0.5043323,0.52366537,0.5472507,0.5548766,0.45497733,0.45349035,0.5070407,0.5383404,0.6347858,0.44526777,0.53670424,0.57630616,0.5240846,0.5280304,0.48622024,0.61019385,0.508785,0.6251309,0.58694303,0.6787792,0.5952079,0.6229565
2025-10-31,1,-0.1947007507488261,0.868851484242425,0.44613307556547,0.4941909,0.45070344,0.54302937,0.5297236,0.54376906,0.52491736,0.52690965,0.5333222,0.37965056,0.59996694,0.5131257,0.5619364,0.38412184,0.48205787,0.5079448,0.5519672,0.46175882,0.51259005,0.41495436,0.55550075,0.54717684,0.55446035,0.5286865,0.4849173,0.48857033,0.5064381,0.5358835,0.48334214,0.5454914,0.57301503,0.51035446,0.48464113,0.5288334,0.5359717,0.51332766,0.5911869,0.6311306,0.5050408,0.50213546,0.51041263,0.5269082,0.50123584,0.47301948,0.4424723,0.533838,0.5706495,0.47469732,0.52924657,0.5865721,0.45464715
2025-11-01,1,-0.5709006702561248,1.0408224393311458,0.40118114648444,0.5897987,0.47883746,0.7679226,0.4704089,0.48708788,0.45063964,0.5556695,0.53418076,0.513981,0.4306894,0.5785037,0.5485164,0.60474926,0.54799294,0.5079448,0.53517383,0.50676227,0.51556027,0.50800705,0.5006552,0.45093235,0.49086103,0.5286865,0.462975,0.55535835,0.572879,0.45665628,0.5567199,0.48671347,0.5638703,0.44866362,0.52598196,0.4999386,0.44684145,0.55326676,0.52298695,0.53718406,0.5030856,0.46851054,0.52119094,0.5269082,0.5280304,0.5307798,0.43780646,0.6350493,0.4745042,0.6438897,0.54081196,0.5222188,0.5912355
2025-11-02,0,-4.850788261040966,0.1891810919726003,-3.64591983685811,0.33479652,0.5359717,0.42583054,0.5464221,0.42798862,0.49976432,0.5083295,0.55078465,0.3696261,0.5329758,0.47323826,0.36866215,0.52058375,0.47142413,0.4921783,0.538212,0.40224907,0.4921783,0.5319642,0.5308108,0.5431806,0.52496135,0.44644207,0.45156178,0.5053221,0.5548123,0.4520744,0.47883746,0.4547881,0.3103389,0.5263203,0.48464113,0.4999386,0.4949089,0.5383483,0.4749331,0.45615497,0.5225642,0.48781902,0.5438569,0.49883607,0.4924008,0.45637614,0.50824106,0.5057764,0.39930817,0.38637254,0.37251207,0.5141145,0.40139297
2025-11-03,0,-7.436672769692137,0.6694930291794521,-4.88929906927473,0.4432238,0.5431806,0.5849729,0.5545857,0.43466973,0.6919977,0.58067214,0.46227893,0.51803744,0.5994101,0.6062268,0.46581888,0.36824363,0.47083366,0.5079448,0.45134798,0.50259405,0.55132705,0.53344804,0.50428337,0.54717684,0.5430912,0.50571686,0.53494865,0.5297236,0.38346398,0.5460841,0.47962594,0.50215745,0.38528016,0.50571686,0.5501378,0.4501205,0.48340166,0.4921783,0.62851864,0.5344293,0.45595622,0.5575877,0.5121903,0.5269082,0.5297236,0.47651044,0.5057884,0.5052264,0.4615012,0.6579425,0.4951271,0.4525633,0.6052982
2025-11-04,1,-2.5246968588525576,2.948804740606612,2.3254649315978,0.75247777,0.44959065,0.61379665,0.45233047,0.46763048,0.5969438,0.41322598,0.54377896,0.640448,0.55858123,0.45727363,0.5319996,0.63726574,0.5260159,0.5043323,0.5529024,0.48036775,0.45730475,0.5386946,0.47475642,0.52368975,0.48342595,0.5286865,0.4501205,0.5581024,0.6610929,0.5194373,0.46713904,0.50215745,0.5256775,0.5412766,0.5043323,0.5288334,0.5526006,0.51332766,0.61993,0.4924399,0.54933715,0.5814475,0.5945765,0.5269082,0.47883746,0.6169469,0.5123937,0.5807466,0.5740995,0.47559947,0.52927405,0.52512264,0.45319143
2025-11-05,0,-3.5110891751889515,0.302607105909816,-2.47452586464772,0.4410072,0.5359717,0.5139505,0.47142413,0.59410775,0.34496343,0.52751845,0.49635178,0.44737175,0.5889608,0.6277818,0.47072196,0.44276893,0.5260159,0.46912858,0.54227555,0.5451776,0.44457155,0.57328063,0.50571686,0.493696,0.53418076,0.44825584,0.50571686,0.5581024,0.43074805,0.4461286,0.46817046,0.44292444,0.34221599,0.44866362,0.47883746,0.5288334,0.5269023,0.44467664,0.46848977,0.5510915,0.46074003,0.5080965,0.51041263,0.5302539,0.47120366,0.50476205,0.37254876,0.40958735,0.49823493,0.4947112,0.5890421,0.62584835,0.5011642
2025-11-06,1,-2.078946537748278,2.677620901741163,1.94748205542768,0.5410054,0.45089203,0.5057392,0.5062292,0.4474244,0.64388794,0.42661408,0.4921783,0.48877233,0.5023847,0.41417596,0.5012545,0.48611012,0.5043323,0.45089203,0.5529024,0.5006459,0.48671347,0.43347186,0.45206428,0.44720763,0.5194373,0.54227555,0.55391985,0.46851256,0.50183535,0.462975,0.52131945,0.5401681,0.5232681,0.45070344,0.5402446,0.5064721,0.4464691,0.4643343,0.44139504,0.5285749,0.541854,0.5165495,0.49061295,0.5498188,0.47120366,0.5389756,0.45324212,0.4340856,0.5213064,0.42483,0.37855676,0.44515228,0.5204662
2025-11-07,0,-1.8410126383620848,0.0649494836015179,-0.9979464496075299,0.5969125,0.48542303,0.61131275,0.4711582,0.5177249,0.75160366,0.5776621,0.5504604,0.4218265,0.52026206,0.50916266,0.494375,0.4599643,0.5518331,0.48762694,0.462975,0.48321933,0.4902904,0.6034041,0.50428337,0.54717684,0.5430912,0.5286865,0.55078465,0.4921783,0.4383219,0.5358835,0.47883746,0.55413544,0.40551782,0.5443395,0.47142413,0.5464221,0.4547881,0.51332766,0.49194056,0.58993715,0.4856502,0.4346653,0.5970152,0.5089455,0.49184123,0.5164992,0.5252475,0.5016717,0.5576275,0.46426225,0.55539143,0.51745933,0.4440507
2025-11-08,1,-0.8963064514809734,3.063327979471352,2.32822313820756,0.61845416,0.52353245,0.6333455,0.5269023,0.58556503,0.61581826,0.43545112,0.47142413,0.56171715,0.4928454,0.526394,0.54502684,0.511991,0.5194373,0.5269023,0.538212,0.4999123,0.50571686,0.5510484,0.52353245,0.50571686,0.46912858,0.44825584,0.47142413,0.55535835,0.6852854,0.45887873,0.50571686,0.5333222,0.6377167,0.52353245,0.5550524,0.5269023,0.5510537,0.5504604,0.46137044,0.44801635,0.46074003,0.5924476,0.5164194,0.44910693,0.50571686,0.56719416,0.5536652,0.5821559,0.42600143,0.49325255,0.37677366,0.50725096,0.50086105
2025-11-09,1,-0.4382460014504703,1.8422600800666027,1.22257015459849,0.44397154,0.48671347,0.34920883,0.44392526,0.50208974,0.42053548,0.41644144,0.46227893,0.383993,0.4394605,0.4569306,0.49333018,0.45363086,0.45596904,0.44302946,0.44391084,0.49316734,0.44457155,0.4947622,0.5194373,0.4921783,0.54979575,0.44644207,0.47221917,0.46235844,0.4266671,0.4916918,0.50571686,0.44292444,0.36736378,0.48671347,0.5494325,0.44276875,0.45478728,0.44690713,0.48454636,0.53181964,0.49883607,0.43133837,0.4885378,0.51769835,0.47120366,0.38684905,0.39897898,0.42077857,0.3952494,0.40789932,0.26749805,0.46789852,0.5181451
2025-11-10,0,-3.391458552545304,1.3946758967764463,-2.82425458643332,0.41916725,0.4921783,0.5338578,0.52365285,0.41693887,0.6008145,0.40615183,0.5128721,0.5311403,0.5811097,0.5705247,0.41600198,0.510905,0.5066535,0.46516228,0.54227555,0.450297,0.51259005,0.44782,0.50571686,0.55433905,0.44959065,0.5564018,0.44959065,0.54323703,0.50938565,0.5478244,0.45651045,0.5111131,0.5588532,0.50571686,0.54875743,0.5504604,0.5325796,0.45349035,0.5546381,0.5208575,0.4921783,0.5107739,0.5121903,0.4854297,0.4475311,0.56724465,0.4333811,0.37912562,0.47453427,0.37144065,0.5368113,0.47284678,0.45475346
2025-11-11,0,-2.2028374757372173,2.1828350537612544,-1.3723012931130298,0.6245552,0.52631307,0.61689824,0.52365285,0.4738321,0.6973473,0.58032376,0.53926665,0.5758642,0.66048867,0.5776731,0.35720173,0.59458107,0.47083366,0.48762694,0.47855097,0.47219843,0.45730475,0.48249796,0.47018105,0.52368975,0.49991888,0.5564018,0.54573065,0.4921783,0.49271622,0.49883607,0.5026638,0.52162236,0.49778855,0.44866362,0.50571686,0.5412766,0.5487089,0.51332766,0.56204945,0.53234047,0.5567199,0.54719526,0.5299952,0.51913744,0.5297236,0.581358,0.63994783,0.5843489,0.53613687,0.5379125,0.43627647,0.5789138,0.4866708
2025-11-12,0,-3.660696950959446,2.3629439290450818,-1.94928961604392,0.33622113,0.53349626,0.735524,0.50571686,0.54208755,0.5929488,0.566362,0.49635178,0.6806492,0.47792333,0.40439638,0.519814,0.6511375,0.5324432,0.46430492,0.55317277,0.55258954,0.51556027,0.55281365,0.44662553,0.5423572,0.50571686,0.462975,0.49883607,0.5581024,0.5113359,0.5381294,0.47041845,0.45206428,0.5875168,0.5111131,0.46105236,0.46912858,0.45414636,0.50571686,0.7101525,0.57934153,0.44526777,0.58898425,0.5494672,0.50571686,0.50123584,0.5805367,0.55100876,0.41643566,0.5267627,0.5655762,0.5523053,0.47283444,0.55265677
2025-11-13,0,-5.865841333583992,0.174385400953912,-5.249158454481051,0.547209,0.45089203,0.36957404,0.5545857,0.49346077,0.3764291,0.463395,0.45766127,0.44456333,0.5765713,0.38369566,0.45890212,0.4518977,0.45664445,0.45730475,0.5501378,0.45904422,0.55391985,0.5318347,0.46074003,0.45365044,0.5454914,0.45008838,0.45156178,0.46851256,0.4112171,0.5510537,0.55332696,0.47855097,0.47549868,0.45070344,0.48671347,0.4740327,0.55471444,0.44972438,0.49352035,0.5858676,0.46074003,0.57208735,0.54340935,0.47142413,0.47826257,0.48875433,0.49061248,0.40948522,0.5549651,0.35069695,0.5930835,0.5175621,0.43049276
2025-11-14,1,-0.0375464266076146,2.3535060352053194,1.0539439640716601,0.4190507,0.45971504,0.49095,0.4518153,0.36170503,0.36263502,0.42161664,0.48188064,0.49421757,0.44945085,0.4455066,0.38600788,0.46592134,0.45887873,0.46630985,0.48110786,0.45904422,0.44457155,0.58513534,0.44690654,0.4418306,0.44720763,0.44644207,0.45156178,0.44391084,0.5934066,0.45730475,0.50571686,0.48968866,0.44101286,0.49167022,0.5550524,0.5412074,0.4921783,0.50571686,0.5199474,0.39030305,0.44825584,0.45025703,0.5100634,0.47584254,0.5529149,0.40792218,0.5190552,0.39336434,0.3819745,0.39999676,0.407904,0.36510542,0.5826658
2025-11-15,0,-2.7474319947971986,1.0808644000753953,-1.40612904673639,0.5947084,0.49883607,0.53911406,0.5464221,0.44530684,0.7779759,0.5349102,0.5360811,0.33538517,0.5035513,0.581198,0.50810206,0.3533403,0.4513371,0.4921783,0.5502189,0.5300084,0.5536913,0.47936365,0.5006552,0.46912858,0.5194373,0.5494325,0.44526777,0.55535835,0.4506316,0.45971504,0.50571686,0.54979575,0.46822926,0.5443395,0.45746544,0.5492676,0.5194373,0.45746544,0.5673536,0.5673018,0.46430492,0.5333862,0.43529028,0.5460841,0.5186296,0.61858165,0.62476087,0.41008496,0.43455848,0.45550552,0.38664365,0.5261229,0.49592692
2025-11-16,0,-3.2798026989038145,1.872380957718531,-2.1947872947792098,0.49955896,0.55433905,0.633757,0.5529149,0.63063693,0.73279,0.588441,0.5504604,0.6355042,0.59852326,0.67678076,0.67313313,0.76983356,0.5529149,0.5501378,0.50571686,0.39987317,0.50571686,0.5574395,0.5531903,0.53754246,0.46187222,0.52245724,0.5494325,0.45008838,0.5851663,0.5507653,0.4501205,0.5536913,0.6996794,0.5507653,0.5494325,0.5501378,0.45478728,0.5360811,0.60686654,0.55981094,0.5501378,0.57710856,0.5052813,0.549046,0.5507653,0.65903455,0.6712486,0.60009533,0.7012705,0.56694764,0.61534345,0.60210073,0.58807355
2025-11-17,1,-3.2640552620736027,1.7424358934867803,0.80538963103698,0.64675087,0.5431806,0.7101391,0.5402446,0.50104827,0.41809955,0.53790295,0.4463908,0.5153427,0.55088,0.48904806,0.45797685,0.62412924,0.5242348,0.5079448,0.45134798,0.5550458,0.45089203,0.5312167,0.50428337,0.5333222,0.51732874,0.5536913,0.5194373,0.5269023,0.45609188,0.5131442,0.5472507,0.5043323,0.6146382,0.4657086,0.5192879,0.5402446,0.4921783,0.45349035,0.5214623,0.60413265,0.462975,0.56573486,0.46254995,0.4854297,0.48857033,0.48005232,0.6604706,0.52785975,0.5688226,0.62307376,0.55258614,0.5872317,0.51236707
2025-11-18,0,-4.7956074646618845,0.0208560724705764,-1.52387739374434,0.54207397,0.46912858,0.76223904,0.52365285,0.5577314,0.66664505,0.6057006,0.51004755,0.46154514,0.5198792,0.5739208,0.502629,0.582528,0.4921783,0.5079448,0.53517383,0.5250757,0.51259005,0.499671,0.45349035,0.5477223,0.5367032,0.5286865,0.47475642,0.5459499,0.50182104,0.53418076,0.46865198,0.52162236,0.374624,0.52353245,0.4921783,0.4999386,0.5487089,0.51332766,0.6329032,0.535769,0.5050408,0.48915756,0.46254995,0.52245724,0.50123584,0.62657064,0.503971,0.5874135,0.4500583,0.6684437,0.54799104,0.5824887,0.45585048
2025-11-19,0,-6.143003626404163,1.7378997318413518,-5.5209816891895,0.34610397,0.4962376,0.73999155,0.5545857,0.45702788,0.68852437,0.544084,0.5344989,0.575415,0.513108,0.5445927,0.5920409,0.61024266,0.5520096,0.46516228,0.5489322,0.5570352,0.5552531,0.5827859,0.5388018,0.5236906,0.5194373,0.5286865,0.44959065,0.5581024,0.6260503,0.5131442,0.4921783,0.4490609,0.6590214,0.49167022,0.5501378,0.5288334,0.45414636,0.50571686,0.5383102,0.67429596,0.5472507,0.49584368,0.5010947,0.46126482,0.50123584,0.48300192,0.5174997,0.5219589,0.4607577,0.60446656,0.53637713,0.4729103,0.5446154
2025-11-20,0,-7.223098129324926,0.9897048198644034,-1.75568265742415,0.6798096,0.55433905,0.38519886,0.5529149,0.51602846,0.75273573,0.58177257,0.5504604,0.5493179,0.5315526,0.6358447,0.57683194,0.60868174,0.5529149,0.5501378,0.44690654,0.39803046,0.45936984,0.49914375,0.5531903,0.54799294,0.4515426,0.5360358,0.5494325,0.5070644,0.63155556,0.5507653,0.5383483,0.51011103,0.593069,0.5507653,0.5464221,0.5501378,0.5383483,0.5504604,0.60582703,0.60689044,0.5501378,0.49344522,0.4967651,0.549046,0.5507653,0.6940564,0.70569247,0.5896077,0.6821108,0.66585195,0.5420852,0.4559842,0.5889997
2025-11-21,0,-1.932617237478052,0.574609648520971,-0.45881272465222,0.7261654,0.5194373,0.5198125,0.5545857,0.49233463,0.54991025,0.4239888,0.54377896,0.45691857,0.5063512,0.49589387,0.36448437,0.60269195,0.52195895,0.48762694,0.5501378,0.5250757,0.5128721,0.5500316,0.5451395,0.54717684,0.5430912,0.5286865,0.5235156,0.5360811,0.47334102,0.5131442,0.4583667,0.5444383,0.4430081,0.46298733,0.5086656,0.4501205,0.5325796,0.51332766,0.39966062,0.41430292,0.46074003,0.43520907,0.50860393,0.46126482,0.50123584,0.58369064,0.54993165,0.5692447,0.511801,0.56929094,0.5806352,0.4810988,0.6156448
2025-11-22,1,-0.0852029400219028,3.9201541145457774,2.43675070874857,0.48547754,0.44959065,0.5740869,0.4704089,0.43569615,0.6118334,0.5183718,0.4925998,0.62884754,0.49046677,0.47224393,0.5913334,0.5005439,0.474192,0.45207188,0.4547881,0.524015,0.45206428,0.43667996,0.44662553,0.5466718,0.5283627,0.5286865,0.46750543,0.55535835,0.5263201,0.46912858,0.5089455,0.50215745,0.4940747,0.45595622,0.5550524,0.4949089,0.45730475,0.5333222,0.4616524,0.53156835,0.5431352,0.511342,0.48756498,0.5537589,0.50123584,0.5824656,0.48595423,0.61206955,0.5227789,0.6247507,0.5502668,0.55275416,0.43050292
2025-11-23,1,-1.8106036685718128,2.7242707601981624,1.6788036787637,0.43150762,0.48542303,0.5707619,0.5353282,0.5004663,0.47930673,0.5101482,0.4672839,0.39031994,0.40377492,0.41320774,0.43135798,0.59863997,0.5340544,0.52328825,0.55317277,0.5248464,0.51259005,0.4670272,0.4474699,0.45887873,0.55446035,0.53754246,0.50518924,0.4921783,0.3813821,0.5478244,0.44269496,0.54863393,0.41470382,0.45414636,0.462975,0.45497733,0.55535835,0.51332766,0.39058733,0.66204494,0.4856502,0.4581285,0.43293163,0.5269082,0.49184123,0.38801464,0.4836682,0.37878406,0.48256817,0.31797054,0.59390485,0.48952585,0.517429
2025-11-24,0,-2.5044996261108468,0.2488181353831084,-1.05887043733438,0.33633387,0.45070344,0.54641193,0.5402446,0.46187404,0.3405291,0.5888655,0.51004755,0.62029773,0.56702334,0.5822251,0.4821463,0.4759373,0.474192,0.46516228,0.45134798,0.47709507,0.44611627,0.47204798,0.50428337,0.44269496,0.51732874,0.46074003,0.5194373,0.46851256,0.36141858,0.5478244,0.53958976,0.5549363,0.49203995,0.44720763,0.5501378,0.4745355,0.48340166,0.45349035,0.5817225,0.4115431,0.5536913,0.44176498,0.46611956,0.49870405,0.4475311,0.3970455,0.49395496,0.5137472,0.6139679,0.5446687,0.6054482,0.50979394,0.37530717
2025-11-25,1,-1.22434741973506,3.692148961762912,3.50217440422705,0.6833172,0.46630985,0.6376609,0.51556027,0.4738321,0.6227732,0.57859653,0.55078465,0.4864102,0.52331465,0.588004,0.52988935,0.62988585,0.54799294,0.48762694,0.4548623,0.5343432,0.44508436,0.47919622,0.44662553,0.46912858,0.49991888,0.5564018,0.5157146,0.52574426,0.5407218,0.5358835,0.5567199,0.4921783,0.5008866,0.5443395,0.47142413,0.4740327,0.48990396,0.51332766,0.5478904,0.60835236,0.50571686,0.5465852,0.5468833,0.51913744,0.50123584,0.54273134,0.5249585,0.5360963,0.44419885,0.6365055,0.43250337,0.47189483,0.52560127
2025-11-26,1,-0.436508886726703,1.6071690521212538,0.9349308992866799,0.490708,0.55433905,0.6469022,0.5529149,0.4802462,0.68372536,0.53850627,0.5504604,0.53485173,0.51733893,0.6381726,0.60550773,0.73017585,0.5529149,0.5501378,0.47421473,0.5082637,0.45746544,0.49474248,0.5531903,0.5529024,0.52353245,0.5564018,0.5494325,0.5459499,0.7323302,0.5507653,0.4513371,0.5531903,0.6814675,0.5507653,0.4649919,0.5501378,0.5194373,0.5504604,0.54216135,0.6010943,0.5501378,0.5166557,0.5052813,0.549046,0.5507653,0.5918259,0.52878636,0.5718383,0.5778692,0.7009301,0.7425547,0.569838,0.67170936
2025-11-27,0,-1.2707910525504442,1.906568196043392,-0.48648838036231995,0.34077463,0.45789984,0.23683499,0.4518153,0.48320878,0.25299874,0.44410783,0.4672839,0.36148584,0.39470905,0.39584494,0.41249,0.3117201,0.4504497,0.44302946,0.47421473,0.45904422,0.49659172,0.46013474,0.4474699,0.5297236,0.4515426,0.4921783,0.45156178,0.46235844,0.46566963,0.4520744,0.45730475,0.4722779,0.46239087,0.47883746,0.44446996,0.4999386,0.45478728,0.44972438,0.5048204,0.37946314,0.4744518,0.50961727,0.49015835,0.46387368,0.5223702,0.4446017,0.45524734,0.38517538,0.47823685,0.5566245,0.2714514,0.4558311,0.49004558
2025-11-28,0,-0.812206125976077,0.3020495676637832,-0.097152822547,0.51461,0.49883607,0.39858618,0.4547881,0.4251909,0.49448162,0.5295103,0.48188064,0.47954094,0.4429295,0.48506963,0.33367556,0.3323646,0.45596904,0.4921783,0.48593965,0.45904422,0.45936984,0.5119403,0.5486618,0.4475311,0.4921783,0.5360358,0.47221917,0.46235844,0.45949948,0.4520744,0.4431805,0.51011103,0.3190496,0.51035446,0.4649919,0.44276875,0.45478728,0.48671347,0.39833227,0.34231377,0.4744518,0.42133936,0.51391995,0.46663043,0.5186296,0.39596823,0.46468002,0.5470931,0.4385372,0.5655379,0.45329174,0.36644545,0.5732888
2025-11-29,0,-0.5140142665914941,1.310252825179527,-0.48844658930887,0.3435672,0.53349626,0.5657137,0.52365285,0.5224538,0.52847004,0.40708742,0.5486618,0.63255936,0.49861732,0.3949285,0.6802337,0.5394955,0.5066535,0.55550075,0.5194373,0.4612707,0.45206428,0.58333886,0.5006552,0.5466718,0.5430912,0.46912858,0.46750543,0.45070344,0.42465416,0.5478244,0.53958976,0.52162236,0.45408538,0.44866362,0.45206428,0.54143035,0.5487089,0.45699826,0.5381458,0.4902668,0.46663043,0.5216217,0.49156046,0.5537589,0.50123584,0.5051029,0.41859493,0.5157646,0.38612607,0.42740092,0.48402387,0.41138986,0.38138562
2025-11-30,0,-7.509712194276304,0.0630611215906192,-4.6134215573855695,0.36654294,0.46430492,0.57562464,0.5278465,0.42671216,0.41513664,0.5762005,0.46227893,0.3837782,0.44906622,0.519275,0.45327318,0.36029163,0.45730475,0.44302946,0.45070344,0.45904422,0.49659172,0.41215137,0.44690654,0.5128721,0.5402446,0.5412766,0.45156178,0.44662553,0.3447604,0.4520744,0.51919776,0.46912858,0.35128835,0.51035446,0.4921783,0.4740327,0.5431806,0.44690713,0.425208,0.47211972,0.4744518,0.52923393,0.5161842,0.44508436,0.51556027,0.4105116,0.4291069,0.34838513,0.3555312,0.27200583,0.4255087,0.48490605,0.41969916
2025-12-01,1,-0.1178405242400491,6.745954395516965,5.6241004017146805,0.3646406,0.50938874,0.3198463,0.4711582,0.5232087,0.48161012,0.5124613,0.5240701,0.49266124,0.33018386,0.5601552,0.43031415,0.4586052,0.474192,0.5079448,0.44526777,0.5550458,0.51259005,0.39455637,0.4474699,0.4418306,0.4921783,0.4470409,0.44820067,0.45699826,0.58107156,0.4553981,0.442185,0.5549363,0.56096745,0.4921783,0.44446996,0.4999386,0.5325796,0.45349035,0.5949152,0.55649275,0.5030856,0.46686438,0.5076652,0.5269082,0.50571686,0.4334341,0.4211212,0.57837766,0.4678676,0.46811485,0.3637128,0.4389839,0.558303
2025-12-02,1,-0.3156341927386604,3.0980775060067893,2.33034776016145,0.43420357,0.55432606,0.48990533,0.5194373,0.5529689,0.64048964,0.38171184,0.46227893,0.58906215,0.4871725,0.44171998,0.43446994,0.51374096,0.474192,0.5043323,0.48593965,0.5576388,0.44508436,0.40043,0.47018105,0.462975,0.5367032,0.5128721,0.5360811,0.50571686,0.52448505,0.46430492,0.51919776,0.50215745,0.3094961,0.49167022,0.5550524,0.4999386,0.5360811,0.51332766,0.512536,0.45058367,0.5192879,0.45623517,0.5945765,0.4854297,0.47883746,0.67940414,0.6013795,0.48057327,0.49399906,0.370491,0.45057133,0.50560415,0.41027784
2025-12-03,0,-2.7572975885040187,0.6933526505608658,-1.4575262088996601,0.6407316,0.5359717,0.47637612,0.4518153,0.52668154,0.4911615,0.49882177,0.49635178,0.5761589,0.45852888,0.46805567,0.5673586,0.6059909,0.5111131,0.45730475,0.5043323,0.46401644,0.45089203,0.43568656,0.45349035,0.48857033,0.45206428,0.54227555,0.5402446,0.44566908,0.5763086,0.54979575,0.52131945,0.5536913,0.48258683,0.49167022,0.46865198,0.5492676,0.45206428,0.5431806,0.5468255,0.61515474,0.4921783,0.48787326,0.4491531,0.5454914,0.5186296,0.52696675,0.49685195,0.46133482,0.4770421,0.54372555,0.4149925,0.46457347,0.602539
2025-12-04,0,-4.466371983462102,0.6649357222700485,-3.0298870064162,0.6242634,0.50571686,0.5214181,0.5278465,0.47106597,0.43191242,0.4643668,0.45766127,0.5255367,0.4594552,0.34820604,0.4100243,0.50858337,0.45596904,0.45365044,0.5529024,0.49186194,0.48200053,0.5387517,0.45206428,0.44526777,0.46912858,0.4657086,0.5477223,0.45349035,0.34078464,0.4461286,0.4501205,0.4500619,0.46881902,0.5472507,0.5464221,0.5064721,0.45746544,0.44467664,0.44458595,0.46438953,0.4744518,0.5075469,0.48482034,0.46387368,0.47826257,0.35259324,0.39671737,0.46819386,0.43870494,0.5062134,0.47958592,0.45290557,0.37986565
2025-12-05,0,-0.4735585793218064,1.0688554565073944,-0.10444269910222001,0.62057966,0.468186,0.5966386,0.5545857,0.6379767,0.70002294,0.4874615,0.54377896,0.47396606,0.5587461,0.53349406,0.48889706,0.54487365,0.5260159,0.5079448,0.50571686,0.49911642,0.5128721,0.5052161,0.50428337,0.52353245,0.5367032,0.49294648,0.55078465,0.5053221,0.55822533,0.5381294,0.55092514,0.50215745,0.7182168,0.5484364,0.5360811,0.5504604,0.462975,0.51332766,0.42608768,0.6054812,0.46912858,0.5175566,0.5970152,0.47883746,0.45589983,0.68357503,0.5585045,0.56173444,0.5254744,0.47409186,0.5677121,0.55688256,0.53835434
2025-12-06,1,-1.7151682918861642,2.7883074320587875,1.28989870207887,0.4998172,0.4962376,0.75225407,0.52365285,0.56198305,0.5317577,0.4255312,0.5486618,0.5552008,0.44777706,0.37634242,0.5789045,0.40829092,0.53754246,0.5079448,0.48110786,0.5338296,0.51556027,0.50377417,0.55550075,0.44526777,0.5389313,0.53073126,0.5360811,0.541854,0.46011153,0.49053472,0.5192879,0.50215745,0.62405396,0.49167022,0.48225585,0.52353245,0.5487089,0.45699826,0.41610584,0.59982777,0.5050408,0.5331847,0.5565075,0.5269082,0.50123584,0.41316766,0.4686703,0.4199709,0.5019391,0.46669295,0.43076575,0.5117421,0.4741326
2025-12-07,1,-0.870314593663313,2.071252636050104,0.26407844119581997,0.35997683,0.45789984,0.29630965,0.47883746,0.38548252,0.32457727,0.38370606,0.46227893,0.39251333,0.4991771,0.45748636,0.40860993,0.5428193,0.5360811,0.48225585,0.51894116,0.45904422,0.50571686,0.49046698,0.47475642,0.47883746,0.49086103,0.47926217,0.5297236,0.46235844,0.3937455,0.4520744,0.53212,0.47475642,0.6089881,0.5263203,0.4921783,0.4999386,0.5431806,0.44972438,0.42124394,0.5698701,0.4744518,0.46575204,0.47537953,0.46387368,0.5223702,0.46840107,0.30675787,0.5458188,0.42862907,0.27144864,0.3327945,0.5221573,0.36500037
2025-12-08,1,-1.2594544652464452,4.270791457331196,2.2306581769779896,0.61688405,0.5431806,0.4761519,0.4711582,0.41981742,0.49996865,0.53670514,0.54377896,0.42822853,0.5670831,0.4711439,0.58140725,0.4772839,0.48205787,0.5079448,0.5431806,0.50282776,0.46912858,0.5983605,0.45388302,0.54717684,0.5389313,0.46105236,0.53494865,0.55011594,0.5223301,0.5478244,0.45651045,0.45070344,0.4884282,0.4921783,0.5501378,0.5288334,0.48340166,0.45349035,0.5487404,0.5492743,0.4856502,0.5573281,0.45677248,0.4854297,0.48857033,0.5945427,0.48458868,0.38043034,0.6129968,0.47652084,0.64064777,0.6003279,0.50983304
2025-12-09,0,-1.2110853540756117,1.920608228727648,-0.71841233904618,0.61641294,0.53349626,0.5558537,0.5360811,0.47748852,0.570904,0.53498006,0.5018996,0.52698493,0.55891734,0.58325267,0.543866,0.55273664,0.51723695,0.55550075,0.47855097,0.5345675,0.55391985,0.49369305,0.47018105,0.48060906,0.52496135,0.5286865,0.53494865,0.53418076,0.66996527,0.45344248,0.49840188,0.52162236,0.4263922,0.5143334,0.46115202,0.54799294,0.5487089,0.51332766,0.589971,0.49988845,0.44938254,0.5368729,0.5523241,0.5537589,0.50123584,0.6068124,0.46173003,0.5452298,0.54891574,0.5125308,0.3876184,0.5282092,0.51017034
2025-12-10,1,-3.0395111103662726,1.6593870333603318,0.53976543938289,0.58315074,0.5286745,0.52018154,0.5545857,0.4772865,0.5082757,0.5163617,0.4463908,0.56493866,0.5383516,0.53971976,0.50789607,0.49037576,0.5260159,0.5079448,0.45376635,0.5545751,0.4921783,0.55064094,0.44662553,0.44847143,0.52496135,0.44959065,0.5194373,0.46235844,0.55125594,0.5131442,0.55092514,0.5192879,0.44215354,0.45206428,0.5501378,0.50571686,0.45414636,0.5402446,0.45668942,0.46257704,0.47142413,0.5175566,0.5121903,0.5000279,0.50123584,0.52437896,0.49673462,0.5852901,0.47030455,0.55068386,0.57751596,0.4498661,0.43730322
2025-12-11,0,-3.333814608449231,0.2597544535830762,-2.4565606595954,0.39541137,0.45789984,0.3107235,0.5402446,0.47222304,0.38706487,0.34057575,0.5531903,0.34767714,0.49209738,0.43856636,0.31612304,0.43395945,0.45596904,0.44302946,0.49322796,0.5262645,0.5295525,0.39470142,0.4474699,0.44720763,0.45286512,0.44644207,0.47221917,0.5466718,0.3977467,0.4520744,0.52353245,0.4500619,0.38438722,0.5472507,0.5464221,0.44276875,0.45478728,0.5433322,0.43484956,0.47590852,0.5225642,0.43601692,0.5781089,0.44508436,0.47120366,0.30439436,0.42313784,0.38262334,0.4796951,0.31553602,0.35489824,0.3525312,0.46374592
2025-12-12,0,-0.5577047030385164,0.4047810822707123,-0.03147775451217,0.5203784,0.55433905,0.52767754,0.44588482,0.54480326,0.62643737,0.5823501,0.5426794,0.49357527,0.64894557,0.5879049,0.4465655,0.540624,0.45887873,0.5360811,0.51556027,0.4737234,0.45730475,0.4445538,0.50428337,0.46074003,0.49086103,0.5510537,0.5128721,0.52574426,0.48786628,0.4657086,0.45414636,0.47883746,0.45337057,0.51035446,0.5043323,0.49870405,0.45746544,0.48671347,0.3922957,0.49266893,0.49322796,0.46507686,0.55043715,0.46663043,0.5186296,0.3789124,0.41512802,0.5443761,0.47489494,0.3593889,0.4572177,0.5165642,0.5561017
2025-12-13,0,-2.9950381514891733,0.2571933251312183,-2.31815182233915,0.62895405,0.55158657,0.5912987,0.44636267,0.5898901,0.75958925,0.50986785,0.55078465,0.677565,0.5490132,0.50313693,0.55829024,0.6888951,0.50571686,0.5550524,0.51556027,0.5518463,0.5536913,0.51696116,0.5006552,0.5529024,0.5519672,0.5564018,0.5389313,0.5581024,0.74035835,0.46105236,0.5567199,0.54979575,0.6477799,0.51035446,0.55032253,0.46430492,0.5492676,0.5431806,0.588066,0.6846365,0.5567199,0.47673035,0.568795,0.4657086,0.5186296,0.6459274,0.5289293,0.5909369,0.5744032,0.68680954,0.5732574,0.56987524,0.5856247
2025-12-14,0,-3.49164337886784,2.110300789636064,-1.99324771490597,0.49152693,0.55433905,0.6476067,0.5529149,0.4536106,0.5774416,0.59068257,0.5504604,0.5437301,0.5921635,0.5511046,0.65026283,0.6572378,0.5529149,0.5501378,0.5333222,0.3989043,0.5522912,0.49492884,0.5531903,0.46912858,0.4515426,0.48775083,0.5494325,0.45349035,0.3946714,0.5507653,0.50571686,0.5518331,0.5689852,0.5507653,0.5494325,0.5501378,0.45478728,0.5360811,0.47216457,0.6406118,0.5501378,0.4803398,0.568889,0.549046,0.5507653,0.63262165,0.5713127,0.67433256,0.66802883,0.598752,0.62495136,0.4654561,0.6379933
2025-12-15,1,-1.3583121355114631,1.997568712887066,1.64246601605556,0.47927025,0.50938874,0.6272535,0.5527079,0.42786887,0.5163311,0.48421955,0.46227893,0.44047737,0.5403008,0.40442285,0.5935077,0.37266412,0.5242348,0.5079448,0.5269023,0.59524155,0.5402446,0.5706562,0.50428337,0.45093235,0.51732874,0.46912858,0.5235156,0.45887873,0.5818626,0.5478244,0.51919776,0.45070344,0.4905822,0.44720763,0.5083375,0.46131858,0.45036304,0.45349035,0.44756004,0.6067101,0.46074003,0.58004224,0.51041263,0.5240846,0.53212,0.5476875,0.441403,0.49264544,0.53762233,0.5922257,0.65001154,0.49132368,0.6116697
2025-12-16,0,-2.944499571115732,2.8082867186599096,-1.8612119227458201,0.41129193,0.45789984,0.34559053,0.445667,0.42918664,0.39716858,0.41516656,0.49013937,0.41305918,0.5496958,0.45304352,0.5841567,0.40599474,0.5389419,0.5440043,0.4921783,0.5610663,0.44457155,0.4603509,0.48818666,0.52245724,0.5367032,0.5194373,0.55391985,0.44546166,0.4079564,0.47142413,0.55092514,0.4722779,0.50177985,0.48495108,0.49139655,0.4999386,0.5498188,0.44467664,0.42707416,0.5283109,0.4744518,0.42845163,0.46611956,0.5460841,0.47120366,0.479126,0.610165,0.46665722,0.4446789,0.54587257,0.34038088,0.5217876,0.39501086
2025-12-17,0,-2.101168245892728,3.6816982259919593,-0.84631567748879,0.33675814,0.45008838,0.5386553,0.5333222,0.40968376,0.38404855,0.3695288,0.4585274,0.56187785,0.3706909,0.3827825,0.4587212,0.38958767,0.45596904,0.44302946,0.51894116,0.54864573,0.5454914,0.46031007,0.5388018,0.45887873,0.54799294,0.5194373,0.48968866,0.5111131,0.31381673,0.4520744,0.47041845,0.5536913,0.44091457,0.45896274,0.5086656,0.50571686,0.55471444,0.5460841,0.39073053,0.3900089,0.462975,0.48787326,0.40245458,0.47142413,0.51556027,0.40382588,0.39018044,0.54546624,0.5012999,0.44282156,0.38754562,0.45967978,0.39673176
2025-12-18,1,-0.4760929986054573,4.441205925783883,3.01834539651766,0.4370694,0.45789984,0.38000408,0.5278465,0.5772036,0.53818893,0.64217854,0.5426794,0.5310391,0.6233525,0.505445,0.56161684,0.37949288,0.4504497,0.5194373,0.45134798,0.4653937,0.45936984,0.4562845,0.48225585,0.49322796,0.48671347,0.5412766,0.5510537,0.5070644,0.47386637,0.45730475,0.53958976,0.4722779,0.3625872,0.45070344,0.48464113,0.4547881,0.5089455,0.5433322,0.49922895,0.5745197,0.4744518,0.45965338,0.49157324,0.44508436,0.47120366,0.34035784,0.43980217,0.4548165,0.58167845,0.4276809,0.52073395,0.4386914,0.40498507
2025-12-19,1,-0.387853341303892,0.4936119753888122,0.25378227881089,0.54859453,0.49283513,0.6149262,0.49650952,0.46292713,0.75315636,0.49491084,0.48188064,0.4092762,0.57047045,0.5372535,0.575605,0.6576554,0.5324432,0.5079448,0.48593965,0.5009211,0.51259005,0.46483913,0.54227555,0.5423572,0.52353245,0.44444025,0.46750543,0.5581024,0.68991435,0.46235844,0.5402446,0.4921783,0.3847274,0.5443395,0.54227555,0.5464221,0.47855097,0.48080122,0.39910433,0.5225125,0.5050408,0.43378234,0.5010947,0.5269082,0.50123584,0.49169275,0.61505413,0.4652602,0.5198387,0.52575797,0.521547,0.5531861,0.5650866
2025-12-20,1,-0.8648109541143318,0.8125147867349164,0.33664070202197,0.5544119,0.55158657,0.46832418,0.4518153,0.58511984,0.52961874,0.5794124,0.51004755,0.5112364,0.54681236,0.45640436,0.49041995,0.38020042,0.5359717,0.53212,0.55078465,0.4355942,0.5295525,0.52687645,0.5006552,0.44720763,0.4515426,0.47926217,0.4501205,0.45070344,0.3982155,0.48225585,0.46817046,0.44292444,0.4724454,0.49167022,0.52598196,0.5064721,0.51556027,0.44690713,0.6355624,0.5807253,0.52952796,0.5273297,0.4958769,0.46387368,0.5186296,0.50194865,0.3952686,0.5840694,0.39616686,0.37995863,0.45371917,0.46434265,0.60037935
2025-12-21,0,-0.859616643347769,2.152832178528961,-0.04294909267388,0.5087423,0.50571686,0.320265,0.44636267,0.45048422,0.39533103,0.5045534,0.53926665,0.4999218,0.4940856,0.53292,0.39907008,0.711654,0.52195895,0.46074003,0.51894116,0.48320952,0.4921783,0.5145,0.44866362,0.54323703,0.5444383,0.5128721,0.45156178,0.55011594,0.41547742,0.46912858,0.4982599,0.5518331,0.57979566,0.45414636,0.54323703,0.5288334,0.4949089,0.5085716,0.45570716,0.5039847,0.5192879,0.5024611,0.4972917,0.45595622,0.4924008,0.48163286,0.4955764,0.41858724,0.51780444,0.5026154,0.5352263,0.5453514,0.46738628
2025-12-22,0,-2.304472491634744,0.3595504884680305,-1.28876996356668,0.34983745,0.44346792,0.40731055,0.54799294,0.5413909,0.39017177,0.36458087,0.4925998,0.5014205,0.4500756,0.41272932,0.41690156,0.4277776,0.5066535,0.48762694,0.54799294,0.5027282,0.44391084,0.40543675,0.50428337,0.46074003,0.446651,0.5286865,0.53754246,0.44546166,0.27771544,0.5383483,0.4583667,0.5111131,0.45186996,0.45286512,0.4929641,0.5504604,0.5492676,0.45349035,0.45330203,0.4191184,0.4479442,0.47879058,0.5241557,0.4921783,0.4475311,0.4384579,0.43221506,0.5476647,0.3624123,0.52446634,0.46294108,0.4341855,0.44264427
2025-12-23,1,-1.2259650058416092,0.6424805089055559,0.20947114928907,0.6581913,0.52631307,0.66111296,0.5545857,0.5596751,0.4580843,0.58739156,0.5018996,0.6296226,0.5299704,0.58969575,0.50366765,0.54193926,0.5260159,0.48762694,0.44474578,0.5250757,0.55391985,0.56075627,0.44662553,0.45093235,0.49086103,0.46074003,0.4849173,0.5459499,0.5565856,0.4921783,0.53212,0.50215745,0.4254652,0.45206428,0.5454914,0.4949089,0.5138514,0.51332766,0.58765805,0.53000635,0.55360156,0.4562525,0.46254995,0.45971504,0.50123584,0.59591854,0.51014394,0.5701552,0.49841315,0.5150974,0.6212557,0.5259052,0.5131042
2025-12-24,0,-0.8415999877675097,1.0476420889313711,-0.5079409544226701,0.5374907,0.45789984,0.33856195,0.5278465,0.44154617,0.3534825,0.38253373,0.46227893,0.44223252,0.36576048,0.43683806,0.39895946,0.23969758,0.5242348,0.44302946,0.5360811,0.5380337,0.50571686,0.5250802,0.479013,0.5529024,0.55446035,0.5128721,0.46912858,0.46851256,0.36600533,0.4916918,0.55092514,0.4722779,0.34480637,0.49167022,0.44446996,0.45497733,0.45478728,0.5085716,0.3297458,0.447611,0.5412766,0.43414032,0.45492068,0.5518331,0.44508436,0.36960936,0.4355369,0.42886588,0.44300312,0.3406881,0.46220574,0.52327746,0.4397903
2025-12-25,1,-0.6558441408754665,2.650123964286053,0.16528557328896,0.65229464,0.5359717,0.5482648,0.5062292,0.49632806,0.49393374,0.5083346,0.5276412,0.52576816,0.39979967,0.61895865,0.4807684,0.4664767,0.474192,0.48762694,0.5360811,0.4690636,0.5531903,0.50072736,0.5554478,0.45134798,0.5062292,0.5464221,0.46750543,0.44552797,0.5877418,0.46235844,0.4583667,0.4490609,0.5272839,0.47883746,0.5548877,0.4999386,0.541854,0.51332766,0.5508931,0.42893597,0.5472507,0.4108095,0.45792484,0.46126482,0.49817988,0.45411572,0.68898016,0.60543,0.4959423,0.578372,0.65270364,0.5055255,0.5481159
2025-12-26,1,-0.1334420752145451,0.7008041521701843,0.57912850251953,0.53355604,0.47855097,0.5245528,0.5353282,0.5107115,0.385777,0.5372504,0.47846,0.5483513,0.46816987,0.4752621,0.44855586,0.58001286,0.474192,0.5079448,0.462975,0.5570352,0.44611627,0.54110605,0.5389313,0.4475311,0.5430912,0.53754246,0.5522798,0.5494325,0.48750684,0.48450896,0.55332696,0.52162236,0.6629526,0.49167022,0.52598196,0.45497733,0.4461286,0.51332766,0.5700263,0.42983195,0.4856502,0.44578627,0.52119094,0.5269082,0.49184123,0.40073475,0.43478513,0.56077915,0.52993613,0.57933366,0.44519278,0.41875705,0.45104283
2025-12-27,1,-0.5042563103329418,0.2406605719151754,0.08610604018155,0.68694365,0.55432606,0.48942292,0.52365285,0.4733854,0.6448936,0.5007551,0.49635178,0.57755315,0.5873137,0.6290833,0.63316077,0.40875456,0.5520096,0.5079448,0.53517383,0.5250757,0.51556027,0.44981745,0.5006552,0.5228966,0.45681033,0.5564018,0.5016943,0.55535835,0.64664555,0.5131442,0.52131945,0.52162236,0.6245691,0.5143334,0.54875743,0.4999386,0.5487089,0.45699826,0.5677258,0.55285007,0.46430492,0.48519325,0.50856173,0.5269082,0.5269952,0.53185046,0.4450979,0.4588719,0.5614502,0.5996071,0.5319008,0.5269599,0.409395
2025-12-28,0,-1.311778001556273,2.7512238102904933,-0.8169240631806599,0.38364363,0.44866362,0.20234524,0.5278465,0.44325945,0.5903576,0.4327425,0.46227893,0.39075455,0.37819362,0.5302976,0.4089512,0.37412184,0.5260159,0.44302946,0.45070344,0.41232312,0.49659172,0.4409538,0.44690654,0.5520677,0.4515426,0.44644207,0.45156178,0.44391084,0.5179223,0.4520744,0.46713904,0.5340544,0.42801493,0.46627396,0.5494325,0.4999386,0.45478728,0.5085716,0.44692466,0.32802618,0.44409546,0.42714202,0.56697315,0.46663043,0.47120366,0.41998637,0.44047987,0.35662505,0.4392843,0.47750998,0.4491211,0.40192983,0.4026362
2025-12-29,1,-0.4497522815188095,2.4490639140507304,1.42085407306048,0.5082231,0.45070344,0.40213782,0.52365285,0.47504056,0.5104098,0.5231755,0.46227893,0.4084368,0.54245764,0.53683406,0.5364602,0.65932286,0.5066535,0.5079448,0.5489322,0.5550458,0.51259005,0.48054463,0.50428337,0.44662553,0.51732874,0.5536913,0.46750543,0.44552797,0.6056527,0.49053472,0.51919776,0.45070344,0.6388654,0.5484364,0.4929641,0.5504604,0.45036304,0.45349035,0.52849686,0.47887272,0.5050408,0.5011348,0.50860393,0.4854297,0.50571686,0.35156864,0.56586784,0.4598948,0.51092464,0.56793493,0.31283355,0.55043757,0.40318814
2025-12-30,0,-1.4061022687029558,0.8042455816397451,-0.9507280651887899,0.45358655,0.5523055,0.445932,0.445667,0.42834353,0.60405385,0.5463476,0.5018996,0.4474479,0.54944104,0.5479951,0.5707006,0.5786737,0.47083366,0.44302946,0.47855097,0.499678,0.45936984,0.48976833,0.55550075,0.52368975,0.4515426,0.44644207,0.46912858,0.52574426,0.45455614,0.4520744,0.55344856,0.44292444,0.4795369,0.51035446,0.45754948,0.5288334,0.45478728,0.44690713,0.41033548,0.59855753,0.4744518,0.5674729,0.5254187,0.5518331,0.5186296,0.53391016,0.48850694,0.40951297,0.50857925,0.48583978,0.47329754,0.5716778,0.61440384
2025-12-31,1,-0.1116332918723909,1.4399600624055764,1.3494889906895,0.35202166,0.5359717,0.28891504,0.44588482,0.42515835,0.51076746,0.5099532,0.49635178,0.4030523,0.39968804,0.53650004,0.58562887,0.44768825,0.4474699,0.5079448,0.4585274,0.51658386,0.55391985,0.5821099,0.5082679,0.50571686,0.5498188,0.50571686,0.44959065,0.5447572,0.50918186,0.5131442,0.4982599,0.4490609,0.5777555,0.45896274,0.44588482,0.5064721,0.5194373,0.5402446,0.5911025,0.5520822,0.5033707,0.5666349,0.50044316,0.46126482,0.49184123,0.4974801,0.43811345,0.45426676,0.5026888,0.34207165,0.4488211,0.36004937,0.54978347
2026-01-01,1,-0.5181851096152921,2.3613555076368016,1.29293647305218,0.50563717,0.55344856,0.54739314,0.4711582,0.55027676,0.5095677,0.54931545,0.51004755,0.5411082,0.555134,0.5345868,0.55239743,0.5794865,0.55160314,0.5079448,0.5529024,0.47219843,0.51259005,0.5802635,0.5554478,0.54717684,0.55446035,0.49294648,0.5522798,0.5070644,0.55254805,0.5131442,0.5026638,0.45971504,0.46264276,0.5402446,0.5464221,0.4745355,0.5383483,0.48080122,0.57428664,0.5844903,0.5050408,0.5258482,0.55475265,0.4939418,0.5280304,0.4929606,0.6194982,0.47675717,0.48561698,0.5286764,0.61519635,0.5038276,0.508966
2026-01-02,1,-0.7597195280007834,0.8255500176837788,0.7007768661281399,0.52548695,0.48542303,0.5529515,0.5444383,0.5737596,0.32976204,0.52472925,0.49635178,0.40749657,0.50696343,0.5340051,0.6074294,0.64173925,0.45664445,0.5079448,0.5502189,0.47782326,0.5128721,0.5636329,0.47018105,0.5423572,0.49086103,0.5286865,0.53494865,0.4957413,0.47013396,0.5131442,0.5333222,0.52162236,0.49694863,0.5143334,0.5548877,0.4999386,0.5128721,0.51332766,0.49672592,0.46509376,0.55360156,0.49487522,0.52119094,0.5000279,0.45589983,0.48725957,0.67889106,0.45942676,0.56062394,0.5782272,0.55794626,0.5636073,0.5234495
