tanggal,target_asli,wasit_low,wasit_high,wasit_target,model_gru_045,model_gru_032,model_gru_001,model_gru_038,model_gru_024,model_gru_030,model_gru_008,model_gru_028,model_gru_034,model_gru_020,model_gru_027,model_gru_012,model_gru_011,model_gru_042,model_gru_035,model_gru_004,model_gru_006,model_gru_018,model_gru_033,model_gru_050,model_gru_037,model_gru_007,model_gru_029,model_gru_005,model_gru_040,model_gru_002,model_gru_031,model_gru_003,model_gru_041,model_gru_022,model_gru_036,model_gru_048,model_gru_009,model_gru_015,model_gru_019,model_gru_017,model_gru_039,model_gru_046,model_gru_043,model_gru_014,model_gru_026,model_gru_010,model_gru_023,model_gru_025,model_gru_044,model_gru_049,model_gru_013,model_gru_016,model_gru_047,model_gru_021
2026-01-03,1.0,-1.1034116873888166e-05,1.2957897739232105,0.99005111234531,0.5414031,0.56259143,0.58201903,0.51241744,0.57476854,0.5122354,0.54904765,0.52044773,0.43152928,0.5317374,0.485645,0.5297974,0.53120285,0.5371262,0.464257,0.52653134,0.5045532,0.49535003,0.5079412,0.5198198,0.50222343,0.51052296,0.47584528,0.52169025,0.5281658,0.5068236,0.49257874,0.53332967,0.5249114,0.54290324,0.5221879,0.50323087,0.4692816,0.45336327,0.5270615,0.47115967,0.5248427,0.46046096,0.4407187,0.4464005,0.5155036,0.3955184,0.46687016,0.45256367,0.50600463,0.47336355,0.46929002,0.49281764,0.48617762,0.41949436
2026-01-04,1.0,-0.0163020432437238,3.4990375212865805,2.5137383113592904,0.49934837,0.4491106,0.45056808,0.5151399,0.38262552,0.43448803,0.43735176,0.4672661,0.39920568,0.45715666,0.395343,0.4645536,0.4627146,0.45969358,0.4730254,0.42755967,0.4009226,0.48440388,0.47329673,0.48273373,0.40277523,0.5052952,0.3872488,0.43692926,0.45770696,0.49332693,0.41283125,0.44772032,0.45648208,0.48165447,0.4313739,0.4891822,0.41633677,0.40453017,0.46342137,0.4520559,0.47919935,0.43791488,0.4449918,0.42139316,0.4767983,0.36351943,0.40173495,0.45055318,0.4808238,0.48351398,0.47943735,0.42583194,0.3772607,0.445628
2026-01-05,0.0,-2.805643002547868,0.6210504435895601,-0.11912093706725,0.50448143,0.47509542,0.5297464,0.538366,0.53069776,0.44982585,0.54363996,0.5064847,0.512117,0.5405684,0.5474293,0.525726,0.5446363,0.5352703,0.4690291,0.5161621,0.52947223,0.5585349,0.56794155,0.52536756,0.5111251,0.5593124,0.5060471,0.5065328,0.5730558,0.55205333,0.4886579,0.5561694,0.56556576,0.55501544,0.46421704,0.6184993,0.50132173,0.5449183,0.5894278,0.58572,0.527068,0.507393,0.5511658,0.50969654,0.6080902,0.50265616,0.46705997,0.4986823,0.62909216,0.5511247,0.5682351,0.4417993,0.43364367,0.539897
2026-01-06,0.0,-3.3322591363202543,0.0,-2.57567322610848,0.4688761,0.44486296,0.4766508,0.45040938,0.37250894,0.40591803,0.53614396,0.49359548,0.37775782,0.4922917,0.51919264,0.47176954,0.46286547,0.5511864,0.3928063,0.5307881,0.5394321,0.51241004,0.49871305,0.48711595,0.52852345,0.47809452,0.5334353,0.47864562,0.55760944,0.5015482,0.4989693,0.53939617,0.5099614,0.48167008,0.45752314,0.54310775,0.49999297,0.5326113,0.54948467,0.5571545,0.4846189,0.45384786,0.507151,0.49430284,0.52381855,0.4564955,0.5028348,0.4282572,0.5564227,0.48412254,0.50259167,0.4317764,0.450656,0.48639795
2026-01-07,0.0,-2.2728618434127457,0.3538121107200562,-0.28955845252425,0.4212933,0.36123458,0.35701782,0.34659547,0.33515787,0.33411235,0.37927896,0.43091142,0.41205892,0.3587929,0.40968713,0.38834947,0.36413795,0.40233502,0.4131524,0.38621116,0.3859744,0.41419816,0.35193604,0.42787284,0.3696154,0.40644333,0.42125317,0.36259288,0.43340835,0.40796015,0.43729886,0.39078984,0.3579776,0.3614001,0.4178073,0.39519632,0.4744798,0.39754936,0.38055837,0.44910637,0.3875059,0.42554256,0.42290267,0.44012952,0.40194055,0.32389146,0.39077485,0.33652714,0.3766912,0.40569776,0.37167335,0.3930284,0.32393846,0.36170545
2026-01-08,0.0,-1.5546458976333632,1.0727762843917097,-0.50479560758538,0.46564144,0.43374753,0.45815194,0.43443373,0.48899126,0.44018817,0.43771416,0.4857747,0.5441339,0.4361643,0.4955114,0.4346622,0.4546123,0.45626694,0.4971632,0.4585692,0.4431288,0.49104798,0.40597218,0.46264446,0.42540902,0.4174756,0.39289293,0.41617823,0.43587157,0.44309756,0.4318931,0.44815516,0.41244522,0.4150124,0.42584655,0.44116625,0.46176872,0.4355214,0.43403858,0.43511716,0.42770487,0.43742555,0.45207033,0.46587208,0.44287845,0.4495706,0.42091894,0.39718464,0.41621152,0.41766176,0.39864346,0.42853653,0.3859726,0.44074643
2026-01-09,0.0,-0.2621224213731839,0.2101908007801602,-0.15079553615388,0.51914966,0.5257841,0.543139,0.51020217,0.54659927,0.5341698,0.51761574,0.52716076,0.5096481,0.5207246,0.5423877,0.50872576,0.5303218,0.4944715,0.469794,0.513191,0.4952044,0.5141922,0.481111,0.4916891,0.4928924,0.4819981,0.44138914,0.49050176,0.47367907,0.49147815,0.47264758,0.49184632,0.49617156,0.49466398,0.48259184,0.4950062,0.46477085,0.4563867,0.4924729,0.45137197,0.48612845,0.47189695,0.45477694,0.4649924,0.48863214,0.46965954,0.4540676,0.45363128,0.46277952,0.45490843,0.44382,0.48218,0.4628789,0.47199604
2026-01-10,1.0,-0.2973322532852666,0.8572537712954149,0.56077122089449,0.5078855,0.52716494,0.5294734,0.4938633,0.5216864,0.45756176,0.49263695,0.49322662,0.41496003,0.4968377,0.44779354,0.49777064,0.4829667,0.48743623,0.43673056,0.47474036,0.44373134,0.4740922,0.4635362,0.4823675,0.45360628,0.48976165,0.4343525,0.47565064,0.46231452,0.4687138,0.46595562,0.4757905,0.47139406,0.47912344,0.4695892,0.44155234,0.4336041,0.42319164,0.47172594,0.42850897,0.46726018,0.45587316,0.4116407,0.41874093,0.45991755,0.36248207,0.4303188,0.4284807,0.4568402,0.43738425,0.42646182,0.4824107,0.43277547,0.39097953
2026-01-11,1.0,-0.9773731181856038,1.641480167142524,0.3099670437196,0.47142628,0.44045082,0.42719597,0.5117101,0.40302464,0.3921553,0.38961184,0.4416405,0.4189857,0.4347746,0.38850066,0.44189632,0.43019465,0.41906926,0.47724587,0.3973912,0.36283258,0.46686333,0.43998095,0.45310235,0.37912056,0.48167694,0.3425703,0.40785813,0.41283485,0.46058673,0.3838081,0.41177225,0.41844097,0.43165615,0.36673343,0.44503012,0.38863954,0.40785766,0.43140882,0.4169294,0.41645843,0.43237814,0.40865993,0.3989933,0.42715478,0.362956,0.3669485,0.43273875,0.4427085,0.44976243,0.44347298,0.42426652,0.34430668,0.43820754
2026-01-12,1.0,-0.2780977827798945,5.538202782590246,4.4116152506374195,0.5029072,0.49582863,0.5310851,0.53248364,0.5145108,0.41684288,0.52189815,0.49903384,0.5252244,0.5216112,0.49843842,0.52162284,0.52612674,0.51812637,0.4014767,0.500696,0.5122834,0.5426212,0.56242913,0.51325697,0.49338228,0.5646239,0.5080506,0.48126507,0.56271017,0.53146875,0.4975466,0.55381,0.5582356,0.52809495,0.44622695,0.57855356,0.49778417,0.55970275,0.58204645,0.5807995,0.49753067,0.51438534,0.5100809,0.507403,0.5817742,0.49682078,0.45438254,0.44736704,0.6172181,0.5156624,0.5384324,0.45527074,0.42592108,0.49642885
2026-01-13,1.0,-0.8998378795943168,2.5971353259389565,1.59884232879441,0.48362428,0.48163643,0.49596187,0.4525213,0.3341182,0.37497324,0.5366362,0.5116021,0.35496992,0.4848237,0.43359813,0.48120874,0.45868102,0.55891234,0.34064108,0.5263729,0.5462856,0.4986415,0.5135299,0.49005073,0.5174972,0.510598,0.57112,0.46611178,0.56278324,0.49501774,0.5427129,0.550678,0.5176051,0.48167008,0.48497316,0.50532657,0.51337975,0.5517222,0.5486187,0.5754566,0.4801565,0.47405308,0.48054627,0.50835353,0.5118173,0.43081734,0.5081806,0.39419025,0.55875427,0.45392418,0.49209693,0.46423337,0.45473045,0.4465036
2026-01-14,0.0,-1.8922271938918416,0.2488449100884681,-1.39907134975526,0.4617512,0.37129018,0.36646,0.34191722,0.30707547,0.29412907,0.39390662,0.44483653,0.388375,0.34760755,0.30218458,0.40324488,0.35625753,0.42901656,0.39554816,0.38911578,0.41705045,0.40339294,0.35961753,0.45227262,0.35779,0.4396365,0.4656472,0.3442631,0.4668449,0.42835316,0.45658615,0.41468826,0.35675964,0.3621346,0.46806023,0.36270726,0.5148785,0.41251576,0.38379544,0.4811386,0.39325002,0.4253355,0.39757746,0.46969226,0.40780345,0.29072434,0.40560532,0.31869772,0.38362247,0.3779479,0.3595795,0.40231642,0.3218409,0.35077468
2026-01-15,0.0,-1.381119389587807,0.2785412233210071,-0.05635195827788,0.49499097,0.44222638,0.47538847,0.42713976,0.5257308,0.43044,0.461807,0.49866936,0.56178737,0.44167718,0.46129987,0.4502967,0.45993555,0.49119416,0.493013,0.473553,0.47034717,0.48633537,0.4288241,0.4934783,0.42825308,0.42389354,0.41260403,0.42313468,0.48656577,0.47215194,0.4324855,0.4702746,0.4292979,0.42669192,0.46316093,0.42989472,0.49979636,0.44885588,0.46272075,0.46308655,0.44689882,0.42404726,0.4582616,0.48709196,0.47611806,0.4292299,0.44978398,0.38846242,0.452842,0.42995492,0.40693378,0.42584068,0.3976304,0.45237243
2026-01-16,0.0,-0.5554537567508967,0.0925883422519423,-0.42283516305703994,0.49815813,0.4883525,0.5102188,0.46649593,0.49503386,0.49256706,0.4764152,0.4992186,0.4703324,0.48505145,0.4431662,0.48010403,0.48490402,0.48652366,0.4052517,0.47074616,0.4503284,0.4799892,0.45611516,0.48312047,0.44021738,0.44020212,0.401298,0.45346552,0.46901998,0.47262254,0.43799546,0.47031754,0.46858495,0.45288032,0.45596218,0.44466808,0.4516977,0.4267993,0.4823973,0.43409523,0.45505503,0.43346423,0.420805,0.4427608,0.47279716,0.43220732,0.43908757,0.40277347,0.46358296,0.4354142,0.4113813,0.44490984,0.42404804,0.42385125
2026-01-17,0.0,-1.6236256924072985,0.4020901490341921,-1.56196681906746,0.4743542,0.4821928,0.44523904,0.45393804,0.42407915,0.3677624,0.40560612,0.45933193,0.33836216,0.43073377,0.31583977,0.45672566,0.40155664,0.4336455,0.3752868,0.4102972,0.38245702,0.4180509,0.3951899,0.44976246,0.36847433,0.44418538,0.3824704,0.39477986,0.41686684,0.42528695,0.41994202,0.43170297,0.40097734,0.38635892,0.4221918,0.36994657,0.40579244,0.39277282,0.43131122,0.39597252,0.3851461,0.42420688,0.34287062,0.39292789,0.40269443,0.31197336,0.3803574,0.34767413,0.41567534,0.3728666,0.36163467,0.45544592,0.3585892,0.33786124
2026-01-18,0.0,-1.899947518848207,0.0,-1.11876297516868,0.48348624,0.45093322,0.44494677,0.50326836,0.404708,0.36691025,0.40044132,0.4475726,0.40638107,0.41970447,0.34651688,0.45248917,0.42764935,0.4339715,0.4482361,0.40548158,0.3846885,0.46241894,0.44734165,0.46423194,0.37950686,0.48660257,0.35250658,0.4228478,0.44099483,0.46632662,0.39019644,0.4335345,0.4357247,0.43079358,0.38683346,0.44902703,0.39261627,0.42040384,0.45868835,0.43861288,0.42061138,0.43078876,0.4016507,0.4122315,0.4395888,0.38631538,0.3729336,0.41350323,0.46565437,0.4319317,0.43887043,0.42453772,0.34032664,0.44026184
2026-01-19,0.0,-5.246978898931191,0.2576806941691226,-4.64390422167479,0.49946854,0.4839372,0.5158028,0.5192702,0.45292228,0.39214164,0.5088361,0.49316138,0.47976726,0.4895451,0.4590711,0.5151671,0.5058304,0.51682067,0.40172154,0.49101108,0.51290745,0.528954,0.5512223,0.50536007,0.48316103,0.56324625,0.50402135,0.47571334,0.5526664,0.51866794,0.4971852,0.5439213,0.54752624,0.50631773,0.4509219,0.5693636,0.48488772,0.5482301,0.5743761,0.58183414,0.48062435,0.50952286,0.5001157,0.5060118,0.56328857,0.5098962,0.45100954,0.43788725,0.609848,0.48350674,0.5224785,0.45213798,0.40441433,0.4994287
2026-01-20,1.0,-1.3252195936066165,2.3982379516605765,1.15478706304071,0.4716082,0.48114812,0.48625886,0.46085083,0.39314768,0.39260033,0.51726925,0.51575714,0.36406335,0.4604365,0.4955406,0.47868228,0.44811362,0.55231404,0.39661783,0.5049602,0.5428016,0.49977693,0.5084062,0.48071817,0.5229709,0.51565796,0.5659535,0.4707469,0.5414331,0.47991246,0.5476888,0.54080766,0.5090324,0.46841374,0.47481865,0.490951,0.4965349,0.5514784,0.53982544,0.56424916,0.45740628,0.49227378,0.4736135,0.5031703,0.49566308,0.46508068,0.5069782,0.39853922,0.5497966,0.43423396,0.4782717,0.47239062,0.45335436,0.4435111
2026-01-21,1.0,-1.055647800890784,1.0068893671474084,0.11724197832196,0.4792038,0.4281031,0.3810175,0.39271915,0.27537078,0.31292397,0.40272716,0.506455,0.37924287,0.3549264,0.3274464,0.4247712,0.38267654,0.42826885,0.4651793,0.4054313,0.46827495,0.4248584,0.37628138,0.45337427,0.38069037,0.48675466,0.5218071,0.3902194,0.45137915,0.43190578,0.5182157,0.42533734,0.35923335,0.37136143,0.5216566,0.3598246,0.51147395,0.451303,0.37859184,0.52768487,0.38355342,0.4657625,0.43699935,0.5058039,0.39520803,0.34478104,0.42737183,0.3404872,0.36809593,0.3620073,0.3771576,0.48296148,0.3703971,0.3742726
2026-01-22,1.0,-1.101752305676707,1.842376566032697,0.04531147192842,0.5140083,0.48967788,0.5522491,0.4496557,0.34360284,0.43454635,0.48619717,0.54582113,0.55180085,0.4580192,0.44990787,0.47632527,0.5346973,0.50722575,0.5521086,0.4647921,0.50642014,0.53449297,0.47936267,0.4984648,0.4661437,0.49147716,0.47372904,0.47841337,0.49055126,0.48029628,0.49551904,0.49093124,0.45662925,0.46746433,0.4979643,0.43847248,0.49565974,0.484819,0.47167978,0.46698976,0.47464684,0.5075336,0.4812029,0.49104056,0.4995162,0.48821792,0.46602684,0.4239078,0.47205207,0.42810327,0.41754153,0.47703648,0.43011692,0.46263036
2026-01-23,0.0,-0.490238466981747,0.3977892013224022,-0.4193141802223,0.48850006,0.48591143,0.49677587,0.46196023,0.377449,0.44187164,0.42840278,0.48761427,0.39404923,0.4388983,0.37896743,0.46191016,0.4530315,0.4718187,0.39818427,0.43189222,0.42586678,0.46923494,0.44281557,0.47782555,0.41897225,0.45348436,0.4062849,0.41086695,0.42383823,0.4420132,0.44292763,0.44910324,0.42877847,0.42755723,0.41880646,0.3854635,0.44955614,0.41776684,0.43919685,0.4062556,0.42252514,0.46344241,0.3861435,0.42855477,0.43275377,0.4370324,0.4206956,0.3848061,0.42143762,0.40763205,0.36859834,0.46106365,0.39353207,0.39023462
2026-01-24,0.0,-3.594932371792415,0.1050606704614573,-2.9053123136142,0.50663775,0.54065806,0.5312092,0.48891848,0.46624026,0.47521147,0.4688407,0.4947632,0.4181974,0.47293827,0.4120876,0.49046957,0.47382125,0.49047038,0.47684827,0.4663433,0.44923037,0.46329528,0.45386142,0.49243936,0.45380446,0.48817796,0.44628316,0.46443674,0.4655609,0.47381487,0.46998826,0.48225167,0.46002293,0.47629702,0.46094128,0.41715002,0.446917,0.4297818,0.47140676,0.43463528,0.4593127,0.45332333,0.3992338,0.42677823,0.45594752,0.41495806,0.42450234,0.41552454,0.45208642,0.42081174,0.40835476,0.48679957,0.43032557,0.39562193
2026-01-25,1.0,-0.185621960308787,2.495014068373878,1.91611910276511,0.48257396,0.46422663,0.45419955,0.5161487,0.33021024,0.42068478,0.40211558,0.46088517,0.45081574,0.441837,0.37030235,0.45427227,0.45946592,0.44176248,0.50275904,0.4127631,0.39398584,0.47617137,0.46792665,0.4715801,0.406404,0.4969588,0.37231255,0.4346224,0.43817574,0.48180225,0.4061666,0.43189007,0.44131917,0.45637098,0.39119744,0.45263165,0.40465733,0.41868538,0.45002392,0.43975574,0.445996,0.44097996,0.419815,0.41493878,0.44829658,0.4338101,0.3826751,0.44321996,0.4662633,0.45958075,0.45289984,0.43517616,0.36378354,0.4634121
2026-01-26,1.0,-1.1873087152492503,1.3224214903428275,1.01682728080736,0.51628757,0.52018374,0.56498516,0.5254745,0.47537544,0.4539938,0.5382015,0.5264142,0.51525354,0.5271819,0.51762193,0.53900605,0.54923934,0.5443836,0.41826227,0.5175996,0.54168904,0.5561334,0.58577675,0.5250091,0.53055257,0.5961145,0.56884384,0.5048118,0.5724351,0.54776824,0.5485991,0.5723797,0.59052694,0.5584266,0.49492082,0.5880355,0.50464517,0.55889654,0.59495544,0.61044914,0.5292689,0.5303936,0.5358716,0.52785784,0.6022552,0.5644423,0.4707563,0.47063258,0.63966346,0.52281547,0.5484626,0.47133732,0.4530061,0.50409126
2026-01-27,1.0,-0.4675901000357612,1.5012792389185134,0.055995524061579996,0.45816594,0.45291656,0.45987502,0.44693524,0.23191725,0.32432833,0.47699144,0.49429503,0.28639054,0.45622882,0.34950024,0.46654826,0.427194,0.5266116,0.3437447,0.48625213,0.51629657,0.46984947,0.48822707,0.47482866,0.49026257,0.50480956,0.557123,0.41620922,0.51490736,0.48010033,0.5226022,0.5107747,0.48367825,0.44617626,0.45602593,0.44958052,0.49586278,0.52640724,0.49954236,0.54879034,0.4488768,0.4818229,0.43630338,0.4921807,0.47428653,0.39185578,0.49779516,0.38209462,0.5267252,0.43386483,0.46585366,0.454383,0.41697276,0.39302692
2026-01-28,0.0,-6.85529666102751,0.0537481570946035,-5.34743771871527,0.4273301,0.38132012,0.3685298,0.35294366,0.21930586,0.31422725,0.3502174,0.43007684,0.41005123,0.34357563,0.28490967,0.39271012,0.34644273,0.40418136,0.4166957,0.38617915,0.39514816,0.4082944,0.35612825,0.43163434,0.37285832,0.41991448,0.43299815,0.33600974,0.42983538,0.40456903,0.443423,0.3973865,0.35059583,0.3499431,0.41042832,0.342428,0.4842667,0.41667742,0.37362128,0.45147765,0.37070146,0.4408566,0.38680646,0.45050958,0.3920262,0.32300097,0.39485472,0.31218442,0.36883003,0.3772743,0.354412,0.4122703,0.3287076,0.33278793
2026-01-29,0.0,-4.262211400662109,0.1010591817045415,-0.46139268457584,0.48471805,0.4614575,0.5002438,0.4504561,0.59476,0.5210985,0.4503187,0.49471375,0.60480344,0.45733595,0.553054,0.4558754,0.485942,0.4905917,0.5148465,0.4846631,0.47600156,0.50283444,0.4491707,0.48723048,0.47474772,0.4328291,0.414035,0.44326067,0.47270188,0.46933728,0.44489276,0.47545546,0.45381883,0.454682,0.43753535,0.44649667,0.4885281,0.45341107,0.46010885,0.44904658,0.4669021,0.4494729,0.46071428,0.48041406,0.46933845,0.49228376,0.45180795,0.40486997,0.44352582,0.43428242,0.4180714,0.43551326,0.43014663,0.44417542
2026-01-30,0.0,-10.687206618224804,0.0113095249164806,-6.774794341998951,0.5216079,0.5339177,0.54989845,0.5102972,0.45437354,0.5852343,0.5154085,0.535153,0.487313,0.52193284,0.4920487,0.51198435,0.544103,0.51177377,0.45468584,0.5145978,0.5059523,0.50970185,0.5012295,0.49440667,0.51348746,0.49462718,0.48338237,0.50738347,0.4736351,0.50135607,0.5071524,0.49114147,0.51298714,0.5109939,0.5151327,0.47474912,0.46526453,0.4391155,0.49070707,0.4743324,0.50424886,0.4651863,0.47185925,0.47504017,0.48207644,0.4637292,0.47775862,0.4491938,0.4709575,0.45123246,0.45836854,0.48363644,0.49450174,0.4303924
2026-01-31,0.0,-3.938696800406052,0.863546113467827,-2.27726489856116,0.53219044,0.56429017,0.5383637,0.5135929,0.6376115,0.49944046,0.503159,0.5436524,0.45109704,0.50909334,0.46384197,0.5248255,0.52386147,0.48716968,0.5030241,0.4847364,0.48118976,0.48561648,0.48536208,0.48996732,0.48016125,0.54440755,0.51673007,0.5033948,0.4646205,0.4961029,0.5260945,0.4832877,0.48593846,0.48641533,0.54384774,0.42788237,0.45355242,0.4407588,0.47237036,0.46243638,0.47542414,0.49215865,0.43552667,0.4530766,0.46726772,0.38255382,0.45476,0.43673202,0.4610046,0.43258134,0.4398725,0.5246831,0.4688485,0.39736143
2026-02-01,1.0,-3.119835438665125,3.060198351476538,2.27411528626167,0.5358633,0.51570493,0.5495347,0.5444126,0.4941115,0.4963617,0.4980689,0.525607,0.5088939,0.49316382,0.5049903,0.51159763,0.5479407,0.49620655,0.54872555,0.47426254,0.4732334,0.53893167,0.53044415,0.49580082,0.4923534,0.5801414,0.5018352,0.5325495,0.46388033,0.53700656,0.50426763,0.4761676,0.5205525,0.5391586,0.51463354,0.50694066,0.41456473,0.43977877,0.48520017,0.5151756,0.51041055,0.48252243,0.5188689,0.46927387,0.50650406,0.4629261,0.44909385,0.5184905,0.51123,0.4904287,0.5117409,0.4800415,0.4511069,0.496019
2026-02-02,0.0,-7.642104534469948,0.5676112222477969,-3.84284248395607,0.52017254,0.5278469,0.5842414,0.60333467,0.6146578,0.54563993,0.57048714,0.5571729,0.6031159,0.58704233,0.66141856,0.5608873,0.63523644,0.5469436,0.60964197,0.54677385,0.58242965,0.60434526,0.6134456,0.5247521,0.609822,0.6276163,0.5802849,0.58301854,0.5414744,0.5957239,0.5518347,0.5493718,0.6071777,0.60131574,0.49815503,0.6424311,0.49353585,0.5755365,0.5716944,0.6045116,0.52541655,0.5732812,0.61758626,0.54344434,0.608974,0.61796516,0.5103447,0.58231616,0.60911113,0.5677421,0.6062711,0.5080247,0.49359804,0.5997846
2026-02-03,0.0,-5.259585515710379,1.5730275820078157,-3.4976698782899196,0.4868458,0.5205648,0.57399166,0.5173203,0.55447483,0.5721017,0.5882456,0.5401297,0.514901,0.5645332,0.69696254,0.5162016,0.5761243,0.58382756,0.57564914,0.5821657,0.5996239,0.5943476,0.5703341,0.5010376,0.6438299,0.5454049,0.6064287,0.5809056,0.559462,0.56145126,0.56653893,0.572362,0.5974086,0.57244366,0.47975856,0.601232,0.5098861,0.584123,0.57456017,0.56970465,0.505354,0.5321171,0.5925873,0.5218475,0.5604399,0.61064404,0.54938626,0.52360386,0.5719029,0.5296266,0.5508773,0.49444398,0.5520369,0.5394241
2026-02-04,0.0,-16.00450322534592,0.2393743258151393,-15.10256005239137,0.44544184,0.42117867,0.41594812,0.40109235,0.36722586,0.4103155,0.4069075,0.45813066,0.49386564,0.40809205,0.44038582,0.4143998,0.43671232,0.41443545,0.49794143,0.42782152,0.44223216,0.444111,0.39945614,0.4407323,0.44152108,0.45707923,0.48972642,0.41143584,0.42795962,0.4557801,0.4940387,0.3989309,0.39980504,0.42214495,0.4474844,0.42631713,0.4923032,0.43424815,0.37105492,0.48237792,0.39869863,0.46913603,0.48583615,0.47205883,0.40537813,0.4235737,0.4334886,0.39289373,0.3596453,0.41556087,0.40895,0.45747763,0.39264172,0.3867158
2026-02-05,1.0,-4.735834595599437,13.150348287520094,11.50475938253494,0.5015906,0.5115122,0.551496,0.48936895,0.40469888,0.54642475,0.50189084,0.53802836,0.6405581,0.5352646,0.47118625,0.47727513,0.57379514,0.48607108,0.60671115,0.52308166,0.52006257,0.5405996,0.49040517,0.48959756,0.5274841,0.48277575,0.4736181,0.49759007,0.46779445,0.51032484,0.49795154,0.48150143,0.48405224,0.5035903,0.48131454,0.5060593,0.4925918,0.487732,0.45675564,0.4745622,0.47592953,0.49600166,0.5263636,0.50199914,0.48553333,0.54351264,0.48537883,0.4755285,0.4395084,0.4550164,0.4621622,0.49419364,0.48329264,0.47691432
2026-02-06,0.0,-4.759026535276252,1.5601742287139533,-1.84588543043171,0.555593,0.6100564,0.60912085,0.57253337,0.62141925,0.6053738,0.5778453,0.60070807,0.5549397,0.601365,0.6262079,0.548665,0.64049375,0.52120185,0.5939157,0.5716548,0.5857069,0.5551699,0.5626451,0.4967647,0.58444124,0.5711109,0.58306,0.574551,0.46347612,0.5473982,0.5949661,0.5094934,0.5543744,0.5695455,0.5980661,0.5367631,0.46354705,0.48584524,0.48434833,0.53615534,0.5175444,0.51985866,0.5434584,0.5213499,0.4940838,0.5547726,0.53262776,0.52326083,0.4656265,0.4661073,0.50786155,0.5788064,0.5824519,0.51744807
2026-02-07,1.0,-0.5809650305263264,4.213696757563659,1.49122057058759,0.59699017,0.5990304,0.6143133,0.56159043,0.49050772,0.5009383,0.57325464,0.5924419,0.53373116,0.59229064,0.49452257,0.57411546,0.6354721,0.52756864,0.5687615,0.52752995,0.55316645,0.5371667,0.55740196,0.5285603,0.55082595,0.6133252,0.59692115,0.5778436,0.50663525,0.568878,0.5620415,0.526055,0.53484344,0.5528067,0.59710515,0.4984197,0.49899662,0.4919977,0.48548928,0.4919914,0.51939565,0.5601637,0.4890358,0.47961563,0.5292477,0.4511046,0.5027284,0.5245793,0.4867638,0.47770092,0.47919285,0.56181467,0.54293054,0.44535863
2026-02-08,0.0,-2.9176963380010603,1.584345492892396,-0.27391234992863,0.55950344,0.56819993,0.6009577,0.6107182,0.60912865,0.57136863,0.550401,0.5487992,0.6188026,0.604301,0.5971328,0.5406098,0.63179934,0.5399133,0.63274384,0.55081165,0.5101044,0.576575,0.6145776,0.5553065,0.5591948,0.5659532,0.4590703,0.61713445,0.540762,0.594279,0.47858554,0.52759475,0.5771426,0.60848504,0.4978264,0.5862641,0.48264346,0.51135874,0.53274524,0.5265716,0.57223123,0.5031064,0.5906954,0.48179933,0.5817753,0.53194827,0.5110777,0.59473515,0.5525674,0.6051454,0.5935082,0.528955,0.54822975,0.5487616
2026-02-09,0.0,-3.39025349593671,0.5539250873769405,-1.86610196327817,0.49980208,0.49957454,0.5438979,0.6066842,0.6075098,0.5386388,0.55250984,0.51948124,0.6037723,0.6126077,0.6128367,0.53266627,0.635507,0.54277956,0.6146747,0.552153,0.5483794,0.5733601,0.6166233,0.5350716,0.5866403,0.5553721,0.48255363,0.58542824,0.56318146,0.58854693,0.46866286,0.542645,0.5798697,0.58280814,0.43234506,0.64701533,0.51229405,0.5732214,0.56326276,0.5732609,0.5400586,0.5256922,0.6241972,0.50818604,0.6042612,0.5831918,0.5194674,0.57772964,0.6077675,0.59577453,0.6244088,0.47453845,0.52230763,0.5873047
2026-02-10,0.0,-4.585278862567116,0.6538448941890566,-2.58802069394735,0.43869957,0.48238912,0.5140504,0.498006,0.6342237,0.53599304,0.5562899,0.49702725,0.5182405,0.58228636,0.6707246,0.47262084,0.5742107,0.56873554,0.5506176,0.55390465,0.5478732,0.5502173,0.5703201,0.48593262,0.6210827,0.4686788,0.5073737,0.56403184,0.5518422,0.51790327,0.50989157,0.5510212,0.56211805,0.52909505,0.40195554,0.5994548,0.48255074,0.55641025,0.5697091,0.5188942,0.50857013,0.49333918,0.57321703,0.47261894,0.53507674,0.57641554,0.5476547,0.4948569,0.57433575,0.54335696,0.54911,0.44999632,0.56600344,0.536315
2026-02-11,0.0,-2.972249464152869,1.96031106384466,-1.21534529376775,0.39321256,0.3614404,0.32705036,0.37007,0.2862307,0.29332754,0.35529196,0.40902022,0.42245382,0.38338125,0.31978244,0.36299598,0.39008522,0.38437954,0.44620588,0.36968428,0.38474643,0.38807085,0.3672494,0.41782552,0.37067035,0.40129796,0.40141174,0.35522997,0.3897296,0.39342982,0.43826878,0.37669227,0.34476778,0.3438653,0.37040597,0.38535097,0.46462175,0.38826564,0.3401375,0.41522294,0.37188798,0.44307894,0.4073741,0.4228748,0.34876052,0.3248852,0.40441456,0.35162756,0.33437136,0.39338723,0.36210626,0.40278035,0.3685958,0.35249606
2026-02-12,1.0,-0.604960215239433,4.731163617752057,3.8217689464747804,0.4683766,0.47341827,0.5001964,0.48596922,0.3780754,0.46509346,0.49937838,0.5140134,0.6164766,0.49660465,0.4178884,0.45085984,0.564449,0.48885208,0.59200084,0.49291652,0.5005116,0.51629543,0.49080423,0.48432198,0.49720842,0.4526939,0.43671578,0.4883155,0.45529675,0.474381,0.47960407,0.4794412,0.46157187,0.4626471,0.44117448,0.48331776,0.47994953,0.45606917,0.45554426,0.44330376,0.492647,0.474952,0.5155118,0.4812867,0.46634126,0.4892622,0.48845375,0.4690037,0.44026285,0.44852972,0.44501597,0.44861582,0.49396008,0.48393908
2026-02-13,1.0,-0.1800063269473243,2.447581356134977,1.39750124276553,0.52341837,0.53288937,0.5023083,0.55822474,0.58401024,0.56903213,0.5249014,0.54046696,0.5862129,0.5410594,0.57460195,0.5100606,0.5727106,0.4883622,0.5501076,0.51443905,0.5256773,0.5060632,0.5233731,0.49810842,0.5173881,0.49301565,0.4537331,0.5010598,0.45570597,0.49589053,0.4813331,0.48115408,0.47805038,0.46903896,0.4892391,0.48463583,0.48265624,0.46141252,0.459251,0.46385676,0.48716238,0.46999043,0.47211796,0.48453858,0.4632849,0.51203436,0.5041107,0.48565274,0.43273526,0.45507804,0.44593963,0.50640494,0.53562033,0.5234146
2026-02-14,0.0,-2.645504711208068,1.6477659463885772,-1.42855729250263,0.5416665,0.55877066,0.5501052,0.56123,0.56019,0.62351775,0.5409679,0.526139,0.5543098,0.5649842,0.52140325,0.5347794,0.5698244,0.51005805,0.5606708,0.5123839,0.51201123,0.5011099,0.5460554,0.50958335,0.528753,0.50667596,0.45323023,0.5369346,0.50204384,0.5022016,0.47002912,0.5041299,0.49765903,0.5010722,0.49863806,0.5018213,0.46805122,0.47079086,0.489743,0.45961303,0.5032025,0.46642122,0.45291784,0.4454222,0.49544626,0.4511878,0.50037944,0.49964464,0.4819342,0.46851808,0.4653327,0.5122417,0.5529202,0.4655664
2026-02-15,1.0,-2.260446511600404,1.862599881289157,0.08691232444626,0.5440975,0.5118058,0.53048795,0.58671486,0.5227663,0.6037998,0.53502345,0.5111571,0.55634886,0.541271,0.5192661,0.51614267,0.5666543,0.52004164,0.596696,0.4973137,0.49751285,0.53547025,0.5889438,0.53105533,0.5347866,0.53700376,0.42351845,0.55471694,0.52769506,0.5383267,0.4402136,0.508012,0.53527445,0.55670476,0.48077646,0.5702637,0.45583487,0.46217045,0.52150786,0.50137305,0.5571533,0.46158436,0.5288205,0.46124452,0.54244554,0.49994254,0.49914518,0.5658185,0.53651726,0.54158396,0.5458346,0.4651875,0.53717905,0.52993155
2026-02-16,0.0,-3.352555883087443,0.505409124389142,-2.03665579406587,0.50653553,0.47795293,0.525162,0.56994176,0.53139204,0.5854452,0.5648409,0.5138971,0.54724437,0.56646234,0.58702946,0.52748483,0.5765586,0.55090606,0.5452714,0.5296082,0.5595023,0.5592696,0.6142486,0.52864283,0.5778078,0.56109697,0.507891,0.5424734,0.5670753,0.551535,0.49337032,0.54972464,0.57321966,0.56285715,0.47466037,0.6425176,0.49853587,0.5424161,0.578732,0.59098536,0.5543351,0.50859815,0.5964728,0.5102978,0.5980711,0.5735781,0.5223161,0.57076865,0.6261502,0.55020154,0.592044,0.4522353,0.5252186,0.57039094
2026-02-17,0.0,-2.4496642014363355,1.4306787044892144,-1.55644352091181,0.43976772,0.43633974,0.43799984,0.49476022,0.4728182,0.50099534,0.506109,0.48667434,0.42531386,0.5028956,0.5616389,0.455192,0.4701902,0.5238294,0.50035626,0.49925855,0.5387352,0.5020589,0.51968974,0.4685399,0.5673918,0.46041068,0.49484247,0.4741967,0.5104709,0.47336525,0.4781471,0.5075316,0.47909036,0.45248443,0.4128948,0.53494114,0.46732557,0.5329574,0.51284564,0.5303633,0.4641212,0.4705808,0.5046305,0.47661614,0.48247913,0.49837098,0.5379328,0.4741489,0.52299553,0.46940604,0.50163704,0.4442227,0.5133078,0.49844772
2026-02-18,1.0,-1.255451777113379,1.28420598647584,0.8132980025301699,0.43344685,0.40243283,0.3988527,0.42012516,0.44318363,0.48843178,0.4295267,0.46336192,0.5411637,0.41363034,0.5355235,0.40814766,0.4458676,0.447431,0.5499181,0.43063068,0.46575603,0.46247968,0.42889613,0.44493166,0.48050532,0.42800367,0.43442956,0.4467392,0.4535484,0.42544654,0.46087423,0.43035913,0.40556988,0.41027173,0.42256087,0.46366334,0.47570756,0.43615448,0.41320783,0.46133664,0.43978423,0.4636425,0.49453953,0.45859045,0.42106268,0.46589535,0.46093896,0.42896965,0.39130956,0.4319445,0.41372406,0.42796716,0.46121085,0.4399741
2026-02-19,1.0,-1.0857079427830478,1.943069414572261,1.50536371114734,0.473695,0.45274502,0.48049584,0.48148844,0.47126997,0.5363895,0.47921327,0.50001806,0.64026827,0.455332,0.5403687,0.4432024,0.5224536,0.48481217,0.58708274,0.46404785,0.4886987,0.5167529,0.48021665,0.47728845,0.50661445,0.44439548,0.41650653,0.47200325,0.44642767,0.45409766,0.45717344,0.46394295,0.44592154,0.45154724,0.43505102,0.4678096,0.47193193,0.44547793,0.44442585,0.434008,0.48609158,0.47072047,0.5012757,0.4704909,0.4500442,0.5599758,0.4854912,0.47188973,0.4240411,0.43477,0.4225781,0.44312838,0.4954729,0.48453763
2026-02-20,0.0,-0.7160534804912205,0.992834960165793,-0.0648254669127,0.51267636,0.5216543,0.5238408,0.5391633,0.5396809,0.5818804,0.5240444,0.5231462,0.5282755,0.5109559,0.5391127,0.4977717,0.5448194,0.49581507,0.54233193,0.49802667,0.50581163,0.5120247,0.51707685,0.4960521,0.529584,0.4825986,0.44003296,0.49701157,0.46176028,0.4845347,0.4710329,0.48297876,0.4835424,0.48357955,0.4679247,0.4763375,0.47307935,0.45198148,0.47721958,0.44144243,0.50161064,0.47519457,0.47388935,0.46363595,0.47056592,0.49146506,0.5001,0.5009522,0.44656846,0.45032892,0.44469923,0.48349968,0.53425753,0.47499427
2026-02-21,0.0,-1.1629244993436465,0.3950499382663779,-0.49038830436894,0.5393357,0.5688687,0.5954513,0.5509187,0.6408827,0.6362766,0.59031457,0.53561634,0.55888855,0.5585632,0.60612965,0.5371932,0.58572215,0.54748136,0.57753426,0.5310257,0.528117,0.5245923,0.5613174,0.5242386,0.57632023,0.5266498,0.494602,0.575084,0.52124846,0.5191377,0.509565,0.5289169,0.5399186,0.5620821,0.52569854,0.5102955,0.47586012,0.45284688,0.52398646,0.4678936,0.569126,0.47539234,0.5003123,0.4523491,0.5208372,0.48552525,0.52622503,0.54431343,0.5062007,0.49666038,0.4948737,0.49787334,0.58566767,0.479127
2026-02-22,0.0,-5.7105873247959416,0.061273234869289,-4.5168571216361695,0.48096254,0.4361384,0.43880624,0.54462045,0.39087817,0.5280004,0.43729022,0.45644152,0.517531,0.47800684,0.4322372,0.45163438,0.48859274,0.44638178,0.5522586,0.41447458,0.38894388,0.49136886,0.49905035,0.4712813,0.44611225,0.4858086,0.35781318,0.4531253,0.4294425,0.48673233,0.39336464,0.42594048,0.44123045,0.46615186,0.3897889,0.47147015,0.40696174,0.3982564,0.4408384,0.4304334,0.48595467,0.42832175,0.4657904,0.40847638,0.45658967,0.44004205,0.4339654,0.51008505,0.46103975,0.49163496,0.48547512,0.41740847,0.44919756,0.47711483
2026-02-23,0.0,-3.3750194448440185,0.5717506033005045,-0.92899530772159,0.48841086,0.47968507,0.5217978,0.569062,0.5905271,0.5515374,0.538107,0.4994991,0.5945753,0.5664753,0.58861846,0.518737,0.5695939,0.5193521,0.52152866,0.5041311,0.5202315,0.5589803,0.5956228,0.51069593,0.55242586,0.5473054,0.484144,0.51535106,0.5488611,0.54370344,0.48007742,0.53807354,0.5573399,0.5421442,0.42683035,0.6081427,0.48585486,0.54885656,0.57475054,0.570431,0.52425575,0.5081666,0.55638176,0.5007071,0.5861993,0.57494897,0.49692377,0.52576125,0.61125535,0.54608524,0.570207,0.44522268,0.49635124,0.5497024
2026-02-24,1.0,-0.2264256533189348,8.854439329968457,5.95405427658225,0.5006355,0.51981425,0.53936994,0.5108712,0.52043384,0.6186372,0.5954728,0.5613991,0.48176202,0.563995,0.6631544,0.51207906,0.5510868,0.5921972,0.4680147,0.5694216,0.6039067,0.55875623,0.5808408,0.50375605,0.623736,0.53553426,0.6098714,0.56116325,0.5773541,0.5281425,0.58555174,0.58447695,0.57030064,0.5396727,0.51879704,0.5844195,0.51350605,0.5782318,0.57880133,0.61185443,0.53338766,0.49960002,0.5703988,0.5346347,0.55148256,0.58587235,0.561342,0.48352075,0.5813759,0.5066203,0.54784095,0.49860576,0.5707973,0.54096293
2026-02-25,0.0,-2.212985969224209,1.2743650556327168,-0.7423789136971399,0.43419358,0.38781953,0.36864758,0.359774,0.3925162,0.382161,0.3824329,0.4599743,0.3761914,0.38369498,0.43224454,0.4006967,0.3952119,0.39001334,0.39710087,0.36154285,0.3953498,0.41277742,0.38946626,0.42790487,0.3653492,0.46121055,0.47188365,0.3435718,0.41481614,0.405764,0.48873714,0.39063787,0.35348135,0.35486057,0.44988605,0.35845235,0.48143378,0.41504002,0.35391155,0.45641658,0.38872266,0.48032913,0.37118116,0.44516164,0.38822567,0.29307714,0.4139351,0.33484352,0.36880615,0.3959183,0.36194733,0.4372768,0.3477806,0.3404895
2026-02-26,0.0,-3.883761500990005,1.0782850607873191,-2.41930350949816,0.5034982,0.43481737,0.5185292,0.4434537,0.68258244,0.5111932,0.4913644,0.49000964,0.5246667,0.47014156,0.5694527,0.45603922,0.50290805,0.5208666,0.49679783,0.48162,0.4775384,0.5145203,0.4584943,0.5071051,0.47164223,0.449459,0.43154722,0.43502784,0.4827189,0.4848608,0.4463203,0.49612027,0.45018002,0.46997377,0.44123128,0.46975866,0.5036602,0.44203016,0.4640377,0.44506207,0.48998994,0.45624346,0.46175903,0.47774708,0.4883122,0.4399007,0.4667803,0.43391752,0.4532001,0.44426942,0.4072452,0.40767074,0.4314326,0.4535057
2026-02-27,1.0,-4.410417959707872,2.8257067221701617,1.65784521278679,0.4870386,0.4880389,0.48789233,0.478761,0.5497077,0.47283888,0.46589783,0.48187825,0.4537051,0.4891228,0.48495254,0.46575722,0.4796173,0.47005525,0.3958965,0.46969238,0.4328842,0.46098173,0.46147257,0.48666006,0.44748807,0.43198475,0.39232552,0.4146618,0.44600436,0.47064227,0.4308939,0.44734222,0.4524963,0.44572514,0.41935736,0.43218577,0.4622945,0.41794497,0.45878753,0.42075878,0.46032736,0.43150264,0.40022126,0.4404535,0.45771328,0.39421588,0.45242718,0.4091509,0.43809244,0.4474876,0.40633398,0.44667873,0.4307853,0.42648685
2026-02-28,0.0,-2.9044997804029205,1.8150982971874488,-1.8031259656580398,0.49872297,0.5345615,0.50664425,0.49843505,0.60058886,0.40653518,0.4726102,0.49260858,0.41387704,0.49375963,0.43412808,0.49036458,0.48004347,0.46940142,0.45305985,0.46742463,0.44399738,0.453641,0.4563549,0.47481737,0.44701555,0.47374943,0.428679,0.44888276,0.45430484,0.46980602,0.45980635,0.4666486,0.45570943,0.4568214,0.4628694,0.43152457,0.43202087,0.4261178,0.46045712,0.4369569,0.45104408,0.43650112,0.38557273,0.42541704,0.44750413,0.36961138,0.4352342,0.4152315,0.44595444,0.42273533,0.4158952,0.4843637,0.4475335,0.39991006
2026-03-01,1.0,-0.7894989925937487,6.360355547815784,4.53783925294239,0.5341979,0.50173455,0.5245344,0.5450443,0.50393975,0.40446645,0.5042776,0.5051819,0.46255174,0.48168114,0.47298285,0.5087623,0.52870226,0.4917672,0.50559056,0.47073972,0.47248936,0.5134832,0.5278424,0.50495124,0.47977045,0.55247647,0.4586075,0.49933642,0.4934091,0.52792066,0.46215445,0.48610234,0.5135212,0.5284918,0.4850223,0.5255131,0.43155032,0.44093785,0.50143296,0.4964808,0.52000725,0.46853068,0.47535184,0.45811406,0.51361215,0.44964734,0.44570944,0.50640893,0.51881456,0.49566332,0.50548184,0.4521213,0.4469698,0.5001343
2026-03-02,0.0,-3.9594747610371,0.6199248838570028,-0.71745873014225,0.51016456,0.4862244,0.54677933,0.56473356,0.55914384,0.42974955,0.56551945,0.5127693,0.5047466,0.5451071,0.58866394,0.5335777,0.5737849,0.542457,0.51161927,0.53936136,0.5565917,0.5657966,0.5938117,0.5276032,0.5553587,0.57164884,0.5154467,0.53476,0.5641074,0.5625333,0.4996356,0.55106634,0.58114237,0.5692951,0.47443077,0.631073,0.49744523,0.548561,0.57954395,0.5948821,0.53959286,0.5152065,0.57292056,0.51784384,0.59833145,0.5459719,0.49704638,0.54728097,0.6231296,0.5514025,0.5866166,0.45844358,0.47186163,0.5745496
2026-03-03,1.0,-1.3820962903124856,8.027455989242164,6.14182153169307,0.48135975,0.45813626,0.4855826,0.4859679,0.50498456,0.40645978,0.5518157,0.5029567,0.4209726,0.4909532,0.57603157,0.48447534,0.48299205,0.5467497,0.49589914,0.5454738,0.5647967,0.5211874,0.5120092,0.49105248,0.57070553,0.48969287,0.54077315,0.49053892,0.55645597,0.5126284,0.49465373,0.53946656,0.51339847,0.48495388,0.46403563,0.5580156,0.5056711,0.55206645,0.5424825,0.56482756,0.47999278,0.46792832,0.5242124,0.5074962,0.5239856,0.5015064,0.5251025,0.47071853,0.54699683,0.4768793,0.5122553,0.45067027,0.4853125,0.50346994
2026-03-04,0.0,-2.821020795945082,1.2192053743756146,-2.47446597423505,0.44791502,0.40554538,0.39379844,0.40490508,0.40599898,0.371688,0.42109427,0.46054754,0.48544028,0.39108044,0.46673805,0.41714105,0.41395125,0.42318147,0.5001843,0.4448871,0.44990876,0.4412301,0.3982448,0.4451602,0.44118375,0.42044207,0.43641135,0.4099043,0.46689692,0.43724117,0.44606465,0.4153714,0.39071453,0.3941015,0.44588506,0.45291033,0.4933512,0.4453387,0.40559742,0.48504692,0.4131318,0.44112965,0.4774471,0.4697674,0.4263181,0.40532586,0.43568295,0.38936862,0.38645792,0.42599204,0.41554523,0.44083238,0.3959095,0.41679218
2026-03-05,0.0,-4.5392127574983085,0.7438125736692865,-3.9956470714459797,0.51738197,0.4476868,0.5488027,0.48248902,0.546703,0.5350431,0.5431342,0.51137906,0.6389453,0.50404537,0.6035353,0.48017377,0.56466585,0.54508525,0.56804377,0.5335102,0.5259496,0.5432028,0.49351478,0.5170875,0.5459701,0.4386135,0.42478946,0.5255219,0.53364867,0.5144787,0.43849328,0.5190432,0.51045066,0.51852894,0.4729114,0.56127113,0.50831485,0.46147192,0.509285,0.46839574,0.5409266,0.4459859,0.53816956,0.48657265,0.52394915,0.55910295,0.4965039,0.49979493,0.4874853,0.489828,0.46825957,0.4113392,0.4956653,0.5138225
2026-03-06,0.0,-1.7756022914303182,0.6395511619463872,-1.2574095363267301,0.4897565,0.46448338,0.4542691,0.49786258,0.45034298,0.44335425,0.47143522,0.4800682,0.40975395,0.475872,0.4063589,0.45954943,0.46067673,0.46409342,0.4100686,0.47886676,0.44193134,0.44871777,0.44874665,0.47942048,0.46061966,0.4153102,0.3673656,0.43196347,0.44658357,0.46389225,0.40832058,0.4436429,0.44455063,0.42653596,0.4356424,0.44748312,0.45353457,0.41024944,0.45841944,0.42916304,0.4537755,0.40848678,0.4273527,0.44112924,0.4367393,0.38358605,0.45689836,0.4274281,0.4231061,0.4401627,0.42101714,0.44685295,0.44258437,0.4237389
2026-03-07,0.0,-2.475145432709657,1.383559453117739,-1.9390687162494198,0.5208596,0.5450718,0.48252016,0.53916055,0.52244854,0.42201346,0.4912074,0.5160945,0.44724214,0.48577896,0.4022532,0.5006385,0.47791418,0.45604834,0.52570003,0.48538792,0.48024777,0.4480105,0.4588088,0.47077653,0.47089916,0.48419127,0.43087947,0.4641367,0.46411502,0.4730288,0.45764735,0.46985638,0.44657207,0.43805894,0.51067084,0.4513165,0.43154243,0.45618543,0.46785218,0.4675941,0.44328082,0.43604425,0.40775332,0.44795272,0.44409195,0.38693234,0.45064873,0.43647292,0.43495202,0.40593925,0.43125924,0.52569836,0.4796158,0.44387054
2026-03-08,1.0,-0.2264609976019943,5.234800906841167,3.6624606413519203,0.5438175,0.51967907,0.5108498,0.5731889,0.4613333,0.43036467,0.5046113,0.5197699,0.5227641,0.47758737,0.44713265,0.5074155,0.5276373,0.46913916,0.5524438,0.46574,0.48905963,0.5042564,0.5402025,0.49318597,0.4845439,0.5629372,0.43539286,0.506466,0.49873412,0.51685715,0.45365402,0.48146418,0.50269926,0.5009836,0.50168306,0.54404086,0.41806084,0.48441368,0.5079508,0.5040549,0.4990624,0.48284882,0.47420508,0.4617388,0.49919152,0.48288006,0.45681518,0.5033449,0.50327826,0.47427124,0.5082578,0.5031044,0.46647808,0.5293516
2026-03-09,1.0,-0.0595657622511543,4.7721200905096905,2.19182259322737,0.53792316,0.5158948,0.55438524,0.56328297,0.5053869,0.4576873,0.57973397,0.53816396,0.50384885,0.52559006,0.54906684,0.5460354,0.5666925,0.5458645,0.5033648,0.526237,0.5786202,0.5585187,0.6071571,0.52725714,0.5511392,0.6141615,0.5634497,0.53406626,0.58062017,0.5541311,0.538464,0.57157475,0.58464605,0.55580896,0.5307251,0.63714325,0.50355476,0.58203745,0.5965273,0.6195255,0.5348352,0.54530233,0.56813955,0.53351986,0.5950108,0.5673582,0.51194435,0.5114451,0.62371737,0.51264834,0.5720347,0.5051151,0.49977288,0.5509072
2026-03-10,1.0,-1.3974807089141863,1.9429698707499123,0.34712343910404,0.459313,0.43537772,0.4693596,0.44050288,0.43031275,0.400672,0.5241552,0.47480145,0.38645768,0.45230725,0.5650633,0.45730498,0.44301698,0.5391097,0.4473233,0.48566124,0.5123891,0.4876821,0.5053898,0.47296065,0.51444453,0.49798754,0.5377548,0.45412126,0.52936363,0.48226357,0.5098039,0.5173989,0.49358505,0.4627313,0.44978756,0.51436377,0.4840636,0.5321502,0.5287671,0.5233563,0.46209484,0.48377788,0.47311142,0.47428605,0.48897076,0.46988285,0.51793057,0.41881448,0.5421094,0.43508872,0.47699946,0.44074547,0.46213725,0.43736976
2026-03-11,1.0,-1.4146086291443931,0.8626650807096057,0.49665710490482,0.42057478,0.3487802,0.3473077,0.32659373,0.33780313,0.2954931,0.37268463,0.3956544,0.43976974,0.3048811,0.39232227,0.3657814,0.32448596,0.4069949,0.43536404,0.357386,0.377714,0.38163856,0.3479456,0.4330333,0.3559734,0.40874484,0.41730547,0.33630845,0.42694864,0.40315643,0.43002695,0.38836795,0.33987907,0.3523195,0.40004006,0.35776857,0.48222092,0.3883848,0.37248644,0.42813227,0.37990844,0.42329636,0.39946696,0.43738675,0.37983215,0.34968865,0.40545526,0.3319236,0.3568654,0.36028853,0.34516764,0.38015082,0.33262435,0.34407473
2026-03-12,1.0,-0.2204399116290244,4.66998166585422,0.54945542723691,0.44301197,0.4161444,0.44230184,0.3985601,0.38429648,0.41266143,0.42669123,0.45659733,0.6053157,0.3829367,0.4293638,0.40622815,0.4308554,0.44880807,0.51244915,0.4123946,0.41646048,0.4659434,0.4094791,0.46046147,0.40140095,0.40208617,0.38131607,0.40361115,0.42823848,0.43647847,0.4194232,0.43035558,0.39691135,0.3957311,0.39401078,0.39451724,0.46413258,0.4134046,0.42738292,0.40623948,0.42726016,0.42755356,0.43604508,0.44912943,0.42985797,0.47488257,0.43234247,0.39332148,0.41438216,0.3935749,0.3748867,0.3978908,0.39459097,0.43712795
2026-03-13,1.0,-0.8679884863168766,0.5313925981233819,0.39671661995195,0.4936516,0.49756244,0.4853887,0.49258786,0.57456833,0.57663035,0.48169374,0.49835497,0.56040424,0.4791057,0.55769753,0.4810871,0.48463342,0.4680515,0.4783762,0.47783548,0.46762797,0.48059225,0.4627154,0.47925317,0.45861843,0.4429498,0.40324005,0.46079788,0.4477473,0.47296897,0.43658894,0.46334106,0.45223653,0.43797687,0.44007114,0.4506592,0.463564,0.4343345,0.46524087,0.43459272,0.44938627,0.43463412,0.4263651,0.45550266,0.44808474,0.4974902,0.45149252,0.43662885,0.43130934,0.42499003,0.41414484,0.4582792,0.46753424,0.47496158
2026-03-14,1.0,-0.4971194669176769,2.7521118258249966,2.2264632539767697,0.52975774,0.5360867,0.5525259,0.51489687,0.599821,0.62064815,0.5444089,0.50293785,0.5349678,0.53145826,0.5393385,0.52203524,0.52400315,0.51822627,0.50306904,0.51254267,0.4906995,0.49060857,0.51019156,0.5037487,0.5079874,0.48384464,0.4351374,0.53306496,0.50685835,0.49935853,0.45908123,0.5089931,0.5019448,0.5077229,0.49221838,0.49420604,0.4549639,0.44113013,0.5073221,0.46041027,0.5058391,0.43343773,0.4449192,0.43975505,0.49062765,0.43998045,0.47619504,0.4718155,0.48861724,0.45994392,0.4664678,0.47436485,0.5161566,0.4523945
2026-03-15,1.0,-0.7510495504428638,2.834983752673985,2.8023922724339,0.4974941,0.46102986,0.4544221,0.52613544,0.46069068,0.5075416,0.45628875,0.46883374,0.49704933,0.4657082,0.44591016,0.47297275,0.4767038,0.44787154,0.5305834,0.43401083,0.40894544,0.48729017,0.49912736,0.47211152,0.43836492,0.5056591,0.38131163,0.4620577,0.45399702,0.49088207,0.41106522,0.44185862,0.46208373,0.47616735,0.4277347,0.506289,0.40631142,0.4151571,0.4721974,0.4493712,0.47227713,0.44239187,0.45293227,0.42204744,0.46986264,0.42635646,0.42044863,0.47431472,0.48183376,0.47858995,0.48959756,0.4359478,0.4240162,0.47960752
2026-03-16,0.0,-2.0036296540385794,1.4784143608709337,-1.3109719098401,0.50045764,0.46331197,0.5121099,0.54004586,0.51987433,0.49297068,0.5423978,0.49029624,0.54739106,0.5297048,0.5345533,0.5188825,0.5382865,0.5195105,0.49402857,0.5120696,0.52244794,0.5476179,0.57293284,0.5128924,0.51707435,0.54683566,0.48405442,0.50291353,0.56126267,0.5382702,0.46947882,0.54384756,0.5477152,0.52764827,0.44586474,0.6154865,0.49327704,0.5446966,0.57784355,0.5755206,0.5039545,0.49885133,0.5432187,0.49910432,0.5805901,0.5341812,0.47459093,0.49531,0.6125437,0.52648383,0.5654222,0.4370312,0.45863667,0.54474854
2026-03-17,0.0,-4.722676776099764,1.027026486406988,-3.66932210131126,0.4481123,0.4346359,0.48145843,0.43089345,0.4804418,0.46745515,0.54456437,0.46735865,0.43984115,0.4911602,0.58383983,0.45814973,0.4708808,0.550095,0.4122835,0.5214319,0.50854003,0.5101217,0.51669556,0.4762675,0.53886676,0.4609871,0.5031617,0.48104286,0.5523949,0.48550007,0.49194777,0.5328627,0.51693237,0.48189056,0.41914302,0.5465942,0.48371357,0.5236689,0.56130916,0.51737434,0.48163888,0.45483354,0.50108886,0.46580082,0.51527226,0.48469296,0.51208806,0.42478827,0.56739223,0.48345816,0.50255215,0.4080726,0.47550392,0.4815105
2026-03-18,0.0,-3.5039173275140683,0.5141396621286475,-1.86515148503324,0.38612822,0.3170219,0.30581543,0.30177346,0.28445104,0.275663,0.33900338,0.37118292,0.34831268,0.30426145,0.3038912,0.34329453,0.3008745,0.3673362,0.35927,0.33056733,0.32178625,0.35834503,0.3137337,0.40343672,0.31135735,0.37556103,0.3722641,0.29791114,0.38076815,0.36467883,0.4080567,0.3540232,0.3083705,0.31135228,0.3574644,0.33054772,0.45035908,0.34938508,0.33770162,0.39695722,0.3435765,0.3991661,0.36119112,0.40543786,0.34056768,0.27746066,0.37039375,0.29650497,0.3350598,0.35683298,0.32966518,0.3488913,0.28909406,0.30836973
2026-03-19,1.0,-0.7780799816612974,2.034083591546361,0.82701551029787,0.4523853,0.42555115,0.4314326,0.41651893,0.3408761,0.40882522,0.436495,0.4776286,0.52274233,0.40636232,0.36465645,0.41769356,0.43662882,0.43332344,0.50006515,0.43668652,0.42687905,0.46869156,0.39120817,0.45021424,0.39739552,0.4165208,0.39522308,0.39577642,0.40768456,0.43020037,0.43702176,0.4308274,0.38053212,0.38409862,0.41519997,0.39795342,0.45447668,0.41836417,0.41602597,0.4245344,0.40613595,0.42828593,0.44125652,0.4662722,0.4175037,0.41480577,0.4253283,0.387034,0.39976647,0.38720316,0.38681987,0.41603613,0.3868566,0.43221596
2026-03-20,0.0,-2.788906697213871,0.8335660718799336,-2.28457635345591,0.5066311,0.5270995,0.54453164,0.50150675,0.62904567,0.61218256,0.5234737,0.5268464,0.5961478,0.515117,0.6334046,0.50469637,0.5505973,0.4792816,0.5006805,0.50149685,0.48749322,0.517172,0.49554545,0.4791254,0.48433676,0.48364043,0.43826717,0.49904114,0.45206088,0.47936326,0.47957808,0.47821793,0.48714712,0.48006588,0.46601763,0.47892463,0.45080402,0.45250598,0.4796775,0.43846238,0.4752521,0.47865003,0.4482208,0.45999467,0.47781223,0.52466553,0.46587268,0.45501977,0.45794648,0.44552252,0.44030195,0.47983155,0.47717398,0.5057199
2026-03-21,0.0,-2.285796529836224,0.9684357865715006,-1.54871102583228,0.5323099,0.5589174,0.5248417,0.5211528,0.471073,0.5742344,0.5117393,0.51511806,0.43743905,0.5141746,0.43110517,0.5237131,0.49298933,0.48055223,0.4538028,0.49697524,0.4737791,0.48011622,0.478461,0.48867905,0.47132793,0.51179117,0.45368043,0.4849311,0.46010798,0.4797144,0.47728595,0.48297393,0.46448353,0.47512364,0.49231428,0.45813787,0.45598477,0.45080727,0.46740514,0.45123473,0.45058787,0.46595442,0.41402024,0.44760314,0.4564425,0.38177085,0.45520377,0.43757322,0.44217953,0.4365775,0.43260583,0.51845175,0.46957943,0.40187466
2026-03-22,1.0,-0.6116903266512465,5.6690446989619305,4.39293795760913,0.53535825,0.5178237,0.53499895,0.5491786,0.5576192,0.5417217,0.5082187,0.5043189,0.5030472,0.49993122,0.46305698,0.5087993,0.52017945,0.48602235,0.54634655,0.4775419,0.4661124,0.52419335,0.53348845,0.5006017,0.4793131,0.54964936,0.43463147,0.5109137,0.48598182,0.5206564,0.45401764,0.47912574,0.50702876,0.5315108,0.47414315,0.53199786,0.4289212,0.4612911,0.49793994,0.49633044,0.49650118,0.46755686,0.48521906,0.4576129,0.50658035,0.4509059,0.45392418,0.512099,0.51296824,0.49877155,0.51124394,0.47696447,0.45456314,0.50342596
2026-03-23,0.0,-2.8370447535003325,0.6936466743575167,-0.49441937848232,0.5190683,0.511155,0.5595525,0.5639209,0.52537936,0.5503188,0.5704856,0.5296591,0.5557345,0.5539519,0.56173605,0.5436947,0.5724525,0.5421352,0.5132965,0.5333602,0.564795,0.5684185,0.5996289,0.52160054,0.5604562,0.59686995,0.54380846,0.5324544,0.5579839,0.5565033,0.52469945,0.5518867,0.5813538,0.5720939,0.4889964,0.63343644,0.49826097,0.5653522,0.5789878,0.5994636,0.51733375,0.5389436,0.57389,0.5256244,0.5923483,0.56507623,0.50481445,0.53968585,0.6185345,0.53828055,0.5783801,0.48458016,0.48145604,0.5710451
2026-03-24,1.0,-0.2110315745629718,2.061120567309429,1.09913296166372,0.48303,0.46830678,0.5101393,0.46232134,0.55798405,0.49785027,0.56378275,0.50452536,0.4044748,0.5037274,0.5731908,0.48435768,0.48337078,0.5622398,0.4435138,0.5426696,0.5642768,0.5252882,0.5258461,0.49150705,0.5618288,0.50915366,0.56531197,0.49020353,0.55935913,0.51122177,0.52385503,0.5509628,0.529728,0.5023741,0.47213763,0.5567361,0.50811595,0.5537609,0.5531692,0.558098,0.47730616,0.48341703,0.5231099,0.50266975,0.52214265,0.4913138,0.528707,0.46444228,0.5603791,0.47598207,0.50627685,0.45393717,0.4863896,0.49011362
2026-03-25,0.0,-4.565336071719171,0.1404884265798962,-3.5909633570084103,0.42444393,0.37646404,0.36048305,0.35044742,0.32955578,0.346243,0.38036087,0.42117974,0.41322264,0.34590244,0.36063772,0.3832479,0.34859815,0.39025074,0.41362298,0.3835887,0.39184535,0.39172328,0.36362413,0.4285982,0.3679118,0.4128004,0.42686278,0.33569315,0.42592594,0.40588865,0.44129962,0.38201842,0.3491434,0.35670885,0.4134134,0.37647855,0.4820055,0.41031763,0.3673764,0.4489629,0.36860415,0.4334921,0.407007,0.44453782,0.38473126,0.32090136,0.40990654,0.34010047,0.359657,0.38925445,0.3673898,0.41354585,0.3352893,0.354726
2026-03-26,0.0,-4.871239218808765,0.5199166258470169,-3.56922158369555,0.46726152,0.44063306,0.4874742,0.42984283,0.36846557,0.46587238,0.46142197,0.47723067,0.5715232,0.43889633,0.43943784,0.4338343,0.46765593,0.4707843,0.5058173,0.45962125,0.45138687,0.4878652,0.43527442,0.47454748,0.44207418,0.41694695,0.3888365,0.4184739,0.45745173,0.45511156,0.42605677,0.46162948,0.43161106,0.43367314,0.4117526,0.45022613,0.47487327,0.44194075,0.44959596,0.42409644,0.44347125,0.44426903,0.45150542,0.46087486,0.45660415,0.45412403,0.44826227,0.41989282,0.43256503,0.42788315,0.40324327,0.41787508,0.4128009,0.44700325
2026-03-27,0.0,-0.7181416115788807,1.3189195337271922,-0.045562612816689996,0.50022024,0.5075489,0.5058296,0.49985054,0.5490596,0.5350147,0.5015507,0.505875,0.48214358,0.4928406,0.49710464,0.4849573,0.49581555,0.48063162,0.44895113,0.49184966,0.4786179,0.480504,0.47226042,0.48000777,0.4714656,0.45890102,0.42720562,0.45833248,0.44928345,0.4747619,0.4618788,0.46975708,0.47163376,0.46306628,0.46323818,0.4638872,0.45497635,0.42949027,0.4693126,0.4459055,0.4593775,0.44460124,0.43737492,0.4569056,0.4515553,0.44752455,0.4631017,0.4447854,0.44015908,0.43386328,0.4284083,0.468801,0.46761078,0.4638121
2026-03-28,0.0,-2.096379300293392,1.1287423259119642,-0.55307285227093,0.53569865,0.5708522,0.5334935,0.5310731,0.45917854,0.5108248,0.533443,0.53821164,0.467955,0.5120189,0.46580616,0.5252577,0.51752317,0.48743567,0.50820434,0.50164217,0.5028263,0.47935966,0.4927586,0.48799315,0.48687744,0.5296587,0.494499,0.50176835,0.47360665,0.49320883,0.51168853,0.4903971,0.4856559,0.48954386,0.54066896,0.46363872,0.44899073,0.45567498,0.47973567,0.478025,0.4696341,0.47156534,0.43577102,0.46064657,0.46626619,0.38532087,0.47275308,0.45936516,0.45848522,0.43076813,0.44966805,0.5334984,0.49599192,0.43635714
2026-03-29,1.0,-0.3191529519440012,3.217911676238679,1.18433741341851,0.5387614,0.5135841,0.51224303,0.5602291,0.48273307,0.5013973,0.49882907,0.51624054,0.5169553,0.496752,0.4747902,0.507268,0.52900314,0.47233197,0.56178594,0.46378008,0.4681281,0.5179207,0.53094494,0.4962241,0.46797714,0.5630942,0.4410399,0.50477195,0.47822174,0.5232335,0.45824984,0.4739469,0.49313843,0.50616056,0.48274446,0.53121066,0.42832166,0.4691297,0.4881449,0.4911492,0.48076153,0.4854841,0.48477697,0.45797715,0.49807316,0.44445062,0.44818228,0.5117232,0.4968898,0.49580687,0.51084983,0.4911091,0.4513844,0.5110578
2026-03-30,1.0,-1.203851237464208,2.647560748731761,2.2018799448928,0.518237,0.50658697,0.54601187,0.57255703,0.48691258,0.5072852,0.5626493,0.5250467,0.5440697,0.55453783,0.5570989,0.5397003,0.5760725,0.5336449,0.534358,0.5263711,0.55987203,0.5676633,0.59750617,0.52147156,0.5403798,0.58700395,0.5294795,0.5344039,0.5595459,0.557166,0.5108259,0.55131423,0.56951827,0.55227405,0.47964877,0.6346421,0.49885228,0.576158,0.57834786,0.59872687,0.502191,0.53526616,0.56983733,0.5187185,0.5875781,0.54671395,0.49817717,0.5236764,0.6127692,0.534838,0.5807316,0.48869067,0.48170432,0.5594856
2026-03-31,0.0,-1.038892344052111,1.4906687970918635,-0.25009104050785,0.48318902,0.48477072,0.5113961,0.48168167,0.51160353,0.48488906,0.5665613,0.5104869,0.43717572,0.5161156,0.5828808,0.48538247,0.5027482,0.5623603,0.48359844,0.5453406,0.5678219,0.5302416,0.5397735,0.49181235,0.5677643,0.50759995,0.5555742,0.50471675,0.56449145,0.5146677,0.52763116,0.55520463,0.53436595,0.5062435,0.47045735,0.5721957,0.50437164,0.57088906,0.5604839,0.5623726,0.4799737,0.48949564,0.52699244,0.5057613,0.52618694,0.5085225,0.53756315,0.4532212,0.55971247,0.47958514,0.5184777,0.47357708,0.51283437,0.494496
2026-04-01,0.0,-3.5898214190886004,0.7888768699343407,-1.7952884972726302,0.41858846,0.3686685,0.38817918,0.34110337,0.39367685,0.37951156,0.40479645,0.4153588,0.4490406,0.36360717,0.4567731,0.38501832,0.3903123,0.4255679,0.44642863,0.37798297,0.39320984,0.41703635,0.38533035,0.43438885,0.39345926,0.42369574,0.43518206,0.37656835,0.43814117,0.41637975,0.45646963,0.39880636,0.3821486,0.39246738,0.4076323,0.409334,0.47903478,0.3946264,0.38792962,0.42590398,0.4024402,0.45098346,0.42667907,0.42744097,0.40268093,0.36273724,0.41462916,0.3572481,0.38921863,0.40309715,0.37081078,0.38458648,0.3547873,0.3596146
2026-04-02,1.0,-0.9310345462976756,0.6977336600851188,0.09309289814481,0.43390423,0.39970425,0.42934722,0.39303192,0.35777685,0.4000119,0.4219126,0.4427419,0.5575769,0.3877449,0.41161877,0.39589134,0.42185065,0.4530872,0.490885,0.41320443,0.4056509,0.46180052,0.3925704,0.45906657,0.39431083,0.40027145,0.3769642,0.3805616,0.40728518,0.4258476,0.41992968,0.42814225,0.3879847,0.3916123,0.37885654,0.38459337,0.462031,0.39367545,0.40951607,0.39340177,0.4113927,0.42479634,0.43324924,0.4410518,0.41003653,0.4501264,0.41965562,0.386481,0.39724332,0.39419588,0.36237925,0.38456646,0.37482533,0.4197851
2026-04-03,1.0,-0.2817254804715582,0.8899818293891699,0.50068357818153,0.46680713,0.4780121,0.49580064,0.46616244,0.5346007,0.5143722,0.4818566,0.48060322,0.5435393,0.46828058,0.54915994,0.45973814,0.4956311,0.4671407,0.46688986,0.45667583,0.4397833,0.47931978,0.45138606,0.46767333,0.4445184,0.43883815,0.4047195,0.4459238,0.4235738,0.4599603,0.44720542,0.44965774,0.4532167,0.43940175,0.41154382,0.42808658,0.43981,0.40342617,0.45314708,0.4073708,0.44832644,0.43694016,0.42618006,0.43293244,0.44318485,0.4682854,0.43785846,0.43370345,0.43689528,0.42279747,0.40258896,0.42407095,0.4396615,0.45410308
2026-04-04,1.0,-1.0286840046867105,2.6911994689837204,2.5435266920256003,0.47042283,0.5035416,0.47509286,0.47707585,0.42059243,0.47315723,0.45482635,0.46623147,0.44104344,0.46866935,0.4196756,0.47206473,0.45854872,0.44218525,0.42704138,0.437141,0.408518,0.4437412,0.43733102,0.45683402,0.41883695,0.45603025,0.39501098,0.4320315,0.4132377,0.4407024,0.4376414,0.43776459,0.4283682,0.41486177,0.40669143,0.39589214,0.41657445,0.3995254,0.43342805,0.39458972,0.41454056,0.43606752,0.37035626,0.40275306,0.4151949,0.36389935,0.4114387,0.4055055,0.42134914,0.41061422,0.38933596,0.4554626,0.4161612,0.3876024
2026-04-05,0.0,-1.0691977687944882,1.890179245633778,-0.26183614615228,0.5014739,0.48491967,0.49794474,0.5314531,0.49843648,0.46616232,0.4765868,0.46838304,0.5017567,0.4721058,0.47293997,0.4867589,0.4936823,0.46404195,0.5119933,0.45012137,0.42806834,0.49897748,0.504673,0.48593825,0.45564842,0.51269877,0.39226443,0.4742964,0.45857826,0.4967218,0.4225162,0.45940468,0.4837514,0.4873249,0.41001698,0.49490142,0.41851783,0.42951035,0.47787118,0.4584702,0.4726328,0.4471449,0.44935098,0.43568566,0.4766732,0.44182166,0.41943106,0.49078017,0.49387774,0.48240387,0.48330656,0.4303081,0.41705742,0.48293906
2026-04-06,1.0,-1.6424493359381724,5.519671456759278,4.36296819458189,0.51035124,0.4839096,0.54451746,0.5373689,0.5025267,0.47622797,0.5660824,0.4976541,0.54909575,0.5344302,0.5675562,0.5342012,0.54922694,0.5356793,0.46553484,0.5287871,0.5376973,0.553328,0.58186316,0.5230925,0.5408786,0.5635435,0.51682884,0.5067078,0.5645444,0.5442325,0.49573994,0.55342466,0.5731274,0.5440386,0.458165,0.6107069,0.50868183,0.5423623,0.578234,0.5869675,0.5181797,0.50681573,0.54628587,0.5120222,0.59004414,0.536738,0.48066777,0.5217336,0.62831205,0.5313429,0.5640123,0.43678564,0.4560177,0.54636765
2026-04-07,0.0,-1.706523399151994,1.2885551127836603,-1.19487428550878,0.4619886,0.45581943,0.484059,0.45195147,0.5179587,0.44271293,0.5460775,0.48246682,0.38911557,0.48702577,0.5339279,0.47024825,0.4554623,0.54019403,0.40767893,0.52883685,0.5327024,0.4968868,0.5093912,0.48014688,0.5457545,0.47404712,0.5238947,0.46071932,0.54280496,0.48703122,0.5023825,0.5255011,0.5065505,0.47238755,0.44142842,0.52248085,0.49405354,0.5325494,0.5362986,0.55118984,0.47064453,0.45313564,0.49669117,0.4913436,0.5025316,0.4551384,0.5174585,0.44133553,0.54951864,0.46647227,0.5032686,0.4348086,0.4647657,0.46924713
2026-04-08,1.0,-0.8533997908560655,2.877945053615174,1.0052591375903501,0.4504417,0.3664574,0.36886758,0.35926986,0.44050887,0.3844679,0.41274753,0.4383767,0.45757633,0.36497554,0.412832,0.4043626,0.3723507,0.42102998,0.4523876,0.40388048,0.42135063,0.41665167,0.36212975,0.44380328,0.40070367,0.4188952,0.44055983,0.36453253,0.45344537,0.4229359,0.4370525,0.4084175,0.36306015,0.36343837,0.43943286,0.40111032,0.49974948,0.40584105,0.38498813,0.46758115,0.39296138,0.42050985,0.43820164,0.46106118,0.40476942,0.34934908,0.41436073,0.36953864,0.38080242,0.39114076,0.3740261,0.3897263,0.3539591,0.38099223
2026-04-09,1.0,-0.5052864477540784,2.2670130358455296,1.62314383904955,0.44817504,0.4151119,0.4909309,0.41215476,0.54271317,0.51159215,0.46418092,0.45904225,0.60653293,0.43737757,0.51695454,0.42441916,0.47558787,0.47931907,0.50028366,0.45627764,0.42728728,0.48869,0.43967563,0.46945095,0.4487953,0.3912135,0.3608654,0.43307137,0.45436552,0.43850425,0.41263083,0.44993982,0.44212466,0.42818478,0.3883335,0.43730855,0.45389453,0.4150577,0.45642343,0.40666258,0.45437974,0.42662215,0.46004975,0.4389202,0.4592585,0.49535692,0.44346374,0.42279193,0.4535899,0.44055066,0.41170597,0.38338724,0.40386763,0.45544925
2026-04-10,1.0,-0.6181254373030582,1.1274869409978634,0.11021476555086,0.45951253,0.44073778,0.46549514,0.44236022,0.4836876,0.47463104,0.45582047,0.45204476,0.41442242,0.431274,0.40995714,0.44228005,0.43869156,0.45632485,0.38201514,0.42881116,0.39770794,0.45047042,0.4165529,0.46095487,0.4252051,0.41610456,0.36766097,0.40619802,0.4110613,0.4321008,0.41368523,0.43807888,0.43309605,0.416562,0.38593572,0.39722955,0.43064138,0.37126514,0.44096524,0.37901723,0.43225643,0.42235696,0.3940507,0.41070452,0.42234442,0.40469196,0.41296807,0.4095307,0.4192809,0.41349068,0.37693265,0.39111662,0.39699954,0.38995743
2026-04-11,0.0,-3.5354388720204737,0.1287176844358215,-3.20254620862258,0.47079614,0.48525235,0.48242596,0.46458077,0.5152991,0.4448419,0.47171447,0.45396793,0.43001112,0.44833204,0.4078415,0.46534023,0.44078,0.4589227,0.43696648,0.44406518,0.40139323,0.4397737,0.42225572,0.46686634,0.4256435,0.44520953,0.38998497,0.4352906,0.43155417,0.44316906,0.42938817,0.45003822,0.43635285,0.42498866,0.40825427,0.39118403,0.42241773,0.3835401,0.4552142,0.39423904,0.44016185,0.41976747,0.38622394,0.3986002,0.4292235,0.36418045,0.40745637,0.41918603,0.4383675,0.41415325,0.39984864,0.4252804,0.40545353,0.39273024
2026-04-12,1.0,-0.2462565811769431,5.7128853293594055,5.06726764555671,0.48053065,0.4478123,0.46519735,0.510108,0.44508302,0.42863604,0.457193,0.44663778,0.51212424,0.4433451,0.41406733,0.4617929,0.45988467,0.44975612,0.4871355,0.42960992,0.39384106,0.48469692,0.4707841,0.47231388,0.4280731,0.48364422,0.35901198,0.45095572,0.44399932,0.48198298,0.39724803,0.43955034,0.46196765,0.46202907,0.38488808,0.46528646,0.4051986,0.39968964,0.46743807,0.43777665,0.46992496,0.42273483,0.43964124,0.41815007,0.46484518,0.43594962,0.39732957,0.48197925,0.48309577,0.47903696,0.47150794,0.3992383,0.3828716,0.48772565
