tanggal,target_asli,wasit_low,wasit_high,wasit_target,model_xgb_019,model_xgb_034,model_xgb_037,model_xgb_050,model_xgb_007,model_xgb_020,model_xgb_048,model_xgb_022,model_xgb_009,model_xgb_008,model_xgb_049,model_xgb_011,model_xgb_035,model_xgb_024,model_xgb_040,model_xgb_047,model_xgb_004,model_xgb_030,model_xgb_002,model_xgb_006,model_xgb_018,model_xgb_041,model_xgb_031,model_xgb_045,model_xgb_038,model_xgb_016,model_xgb_032,model_xgb_021,model_xgb_027,model_xgb_044,model_xgb_012,model_xgb_042,model_xgb_003,model_xgb_014,model_xgb_015,model_xgb_005,model_xgb_013,model_xgb_029,model_xgb_023,model_xgb_026,model_xgb_028,model_xgb_039,model_xgb_046,model_xgb_001,model_xgb_017,model_xgb_025,model_xgb_010,model_xgb_043,model_xgb_033,model_xgb_036
2025-09-25,1,-0.3441133437682889,1.190659576674615,0.59364982695478,0.5591623,0.47052637,0.5369936,0.47974977,0.5606608,0.5285233,0.51734114,0.5177228,0.50047916,0.4795319,0.62933946,0.47419873,0.533486,0.5451003,0.54228276,0.6320464,0.5611024,0.46368584,0.5365479,0.57316256,0.53327245,0.48510295,0.5072287,0.510795,0.51972306,0.56591094,0.54539454,0.50045544,0.58898103,0.5878074,0.53755546,0.52696913,0.53723973,0.5230755,0.57995963,0.48767218,0.5966482,0.6364574,0.5156118,0.5289856,0.5029292,0.4944091,0.5189934,0.5041064,0.51716506,0.53461957,0.5864879,0.5470866,0.4883597,0.49886978
2025-09-26,0,-0.52952953138212,0.0915731903978601,-0.00694091932618392,0.53911024,0.4875702,0.5330682,0.536506,0.47890612,0.49506903,0.51734114,0.5177228,0.49629146,0.5264194,0.55692637,0.5305734,0.533486,0.50989443,0.56991583,0.54652756,0.5368436,0.52634895,0.51516426,0.5078846,0.4622122,0.51375395,0.48698574,0.5560033,0.5726313,0.56012994,0.458084,0.47517833,0.5157127,0.50836706,0.53144366,0.4398911,0.5532768,0.51058435,0.6181137,0.5189823,0.47228596,0.5065386,0.5220118,0.5326051,0.5270132,0.45942217,0.48152056,0.50367266,0.5467691,0.47194728,0.4636005,0.49940977,0.4691648,0.42924184
2025-09-27,1,-0.4075027126504267,2.4454579062341457,2.2797220643522302,0.6112221,0.49544388,0.4729418,0.4909805,0.5067889,0.50963604,0.51734114,0.5252607,0.55273706,0.4795319,0.45500734,0.5302943,0.47031748,0.5269216,0.42254573,0.47709256,0.3774815,0.48195022,0.51516426,0.46115303,0.53707576,0.51375395,0.5454372,0.54978013,0.6534518,0.51965874,0.5114364,0.4630063,0.5320052,0.46939722,0.45480782,0.5020625,0.5407419,0.5156455,0.42587832,0.48949358,0.5402165,0.52844876,0.5156118,0.46362418,0.5479629,0.55362403,0.4883597,0.5166714,0.525655,0.46428087,0.4751065,0.4640529,0.49391833,0.4234555
2025-09-28,1,-0.539325100910744,1.9739438733178485,1.89695620345703,0.3984286,0.4875702,0.52745926,0.45838046,0.5290396,0.49638778,0.4681587,0.4626901,0.48272163,0.48126087,0.5039512,0.5043566,0.46956953,0.4799121,0.52743405,0.44973946,0.5271638,0.46431017,0.48091722,0.36310756,0.53327245,0.48510295,0.45759836,0.47508332,0.40098643,0.48794252,0.4408024,0.50953794,0.4156494,0.5156329,0.4216342,0.4026992,0.46350202,0.45210248,0.5052553,0.51412654,0.3611272,0.53975075,0.50416213,0.49442983,0.52792615,0.47733244,0.5189934,0.49050748,0.5049585,0.5017864,0.50554264,0.47644764,0.49940097,0.5731461
2025-09-29,0,-1.4589877796575488,0.4190592799016273,-0.23036354107678,0.474164,0.51385385,0.5330682,0.5285652,0.5294635,0.5285233,0.49506903,0.5333325,0.48411605,0.5350183,0.45413047,0.4629644,0.5216807,0.558584,0.49022004,0.54897684,0.42308724,0.4691648,0.46204856,0.6046763,0.5180266,0.51375395,0.51001877,0.47006902,0.40552965,0.4908404,0.43062183,0.5237453,0.71562886,0.4852838,0.6291133,0.57839495,0.5498492,0.56221443,0.5541923,0.48956224,0.55409807,0.42453775,0.5251209,0.4671689,0.52712715,0.6613803,0.5189934,0.5223182,0.42030707,0.60140204,0.5611569,0.4873432,0.5091999,0.531701
2025-09-30,1,-0.0721529610857708,3.954283068166354,3.90866760019979,0.39175558,0.52679235,0.46656772,0.47209972,0.38824192,0.53305966,0.5079327,0.48333782,0.5592903,0.5110672,0.465244,0.5304239,0.5079327,0.4213718,0.36787447,0.56081903,0.5113579,0.5228712,0.48973945,0.46459848,0.5109467,0.51375395,0.46099105,0.56350565,0.40828332,0.47996184,0.5311945,0.5182103,0.43893352,0.46199083,0.52417994,0.46918756,0.42291194,0.5329656,0.42972142,0.5094965,0.4736629,0.38664922,0.5321307,0.49708867,0.46186697,0.5374005,0.46204856,0.48855612,0.4222626,0.5337222,0.49360967,0.4696166,0.48424208,0.4775655
2025-10-01,1,-0.266538148620893,2.0258682820382137,1.61790488991379,0.37969357,0.46644405,0.49201757,0.46394387,0.3994231,0.46212855,0.53616613,0.51346517,0.51745725,0.5264194,0.5543284,0.51055825,0.5302591,0.4614543,0.5271295,0.496795,0.4572377,0.46431017,0.5135117,0.46863827,0.46206728,0.4645832,0.53954387,0.4023781,0.49155486,0.41105166,0.50962824,0.4630063,0.43982822,0.39672375,0.5077826,0.4987582,0.43338272,0.46547118,0.39319405,0.5201429,0.41346437,0.33781782,0.5251209,0.46785337,0.44057393,0.36966747,0.5189934,0.47503495,0.46054792,0.5456314,0.43382722,0.49473932,0.5091999,0.4465537
2025-10-02,1,-1.0685417835820217,2.754106024473794,1.4027586512955799,0.5741861,0.52002144,0.5369936,0.47974977,0.45482087,0.46212855,0.51734114,0.5177228,0.5556939,0.47884393,0.45886853,0.53591466,0.50916964,0.5146582,0.57679254,0.58673894,0.61203545,0.52634895,0.5220569,0.65510863,0.46206728,0.4979069,0.502688,0.5509807,0.47188228,0.5609227,0.54123175,0.50045544,0.42602453,0.48957103,0.54631877,0.6013301,0.5493005,0.5472109,0.50718546,0.48956224,0.5803011,0.60262406,0.47708324,0.47768041,0.5079142,0.6186572,0.5189934,0.42876363,0.48670948,0.48628077,0.56236494,0.5701221,0.5091999,0.5502465
2025-10-03,1,-0.5924314329892795,0.4636137462628792,0.12999597126279,0.39886823,0.5451087,0.5330682,0.43340015,0.4675112,0.4735228,0.5079327,0.46587798,0.51968175,0.4795319,0.5082907,0.54421985,0.5240852,0.48655787,0.37115568,0.3285911,0.4266493,0.5228712,0.48973945,0.52261174,0.5352971,0.4658347,0.45029372,0.51705414,0.49692684,0.4227841,0.44697952,0.52111304,0.5575376,0.5649935,0.47899923,0.5658609,0.51247436,0.4541978,0.5065551,0.48767218,0.47635955,0.520198,0.50416213,0.46792546,0.462713,0.55002546,0.5270102,0.5084521,0.51675427,0.539482,0.55956095,0.5114488,0.46597862,0.47193792
2025-10-04,1,-0.208566000839999,2.674426027441919,0.88770689789275,0.57954603,0.52761674,0.46656772,0.54254067,0.47579464,0.5285233,0.50426143,0.47503316,0.49297768,0.5110672,0.5968382,0.50550795,0.47031748,0.50290114,0.6286316,0.6310684,0.51561433,0.537499,0.53691095,0.60809284,0.4622122,0.51375395,0.5600042,0.5067274,0.6020324,0.5734319,0.5572248,0.50045544,0.613794,0.49780527,0.5578809,0.5571184,0.43655175,0.5472109,0.549092,0.48949358,0.64028335,0.5003284,0.5156118,0.46362418,0.57420623,0.5483504,0.53606325,0.50140077,0.5522877,0.58286387,0.58045727,0.5275352,0.535583,0.4484188
2025-10-05,1,-0.3230857828694738,2.17671113066462,0.9480412513902199,0.35394913,0.4875702,0.4729418,0.47974977,0.49373388,0.5285233,0.4688061,0.52853495,0.52021897,0.5133623,0.32217854,0.47569185,0.5247095,0.40802917,0.41952705,0.48555234,0.50030375,0.53416985,0.51516426,0.31490356,0.47226453,0.51375395,0.51851434,0.5035118,0.47842318,0.62252134,0.54670674,0.46492806,0.2997905,0.5020046,0.49858335,0.42712688,0.44891766,0.4580733,0.4305177,0.4880496,0.50570655,0.44301933,0.4867551,0.5356918,0.4636455,0.49084386,0.53606325,0.43764967,0.5147541,0.5215706,0.44448176,0.46055308,0.49391833,0.44499785
2025-10-06,0,-3.330685111655133,0.3742910155569617,-2.70398998328903,0.49812284,0.49022993,0.47296032,0.4693168,0.45592725,0.46212855,0.53616613,0.4667324,0.42681524,0.50064075,0.44091967,0.42039394,0.5234372,0.4449545,0.36715356,0.35945818,0.49452874,0.5228712,0.51516426,0.44192687,0.4805211,0.4702879,0.42420208,0.49157295,0.5434882,0.5853555,0.49192062,0.47517833,0.50394475,0.4812224,0.46709836,0.53744155,0.45809388,0.5382464,0.5267083,0.48091722,0.59187496,0.47922716,0.5220569,0.49442983,0.44325405,0.51386046,0.4617605,0.46911597,0.5185485,0.47743687,0.4470675,0.41154787,0.4635766,0.5165327
2025-10-07,1,-0.2201411793678948,2.333260792434189,1.61306511638574,0.42147937,0.551127,0.46656772,0.5022086,0.5581515,0.47381294,0.49506903,0.5177228,0.51448023,0.50064075,0.52486366,0.58090305,0.5079327,0.43521515,0.4067426,0.43477553,0.47861463,0.46292448,0.51516426,0.5148524,0.48821643,0.51375395,0.5460077,0.57928634,0.5121315,0.6469401,0.49066287,0.5298319,0.64222175,0.43508068,0.58156085,0.51140803,0.47664094,0.5250338,0.50547755,0.4880496,0.47534752,0.5327824,0.5156118,0.5356918,0.47691804,0.52448803,0.53606325,0.48574263,0.59006715,0.48040712,0.487026,0.46409082,0.535583,0.49887505
2025-10-08,0,-3.008597067424458,0.3698890851919945,-1.34190749805211,0.43389183,0.5288395,0.46507433,0.45174986,0.46133807,0.53305966,0.46318242,0.4735228,0.511476,0.50064075,0.5072024,0.46471995,0.46956953,0.53456104,0.3666853,0.4123994,0.46011275,0.5228712,0.4634718,0.4058423,0.46949753,0.5321307,0.43312153,0.4384829,0.40007836,0.4072158,0.43685797,0.48255256,0.2909436,0.38063538,0.47196352,0.46487406,0.43764442,0.42600423,0.38493907,0.4880496,0.46215516,0.37836102,0.51346517,0.5356918,0.47830904,0.36615786,0.5045526,0.52326804,0.40902257,0.47265962,0.4511308,0.44966796,0.49940097,0.507897
2025-10-09,0,-17.6277182522046,0.7269114167804523,-7.5859746128425,0.5849608,0.50484115,0.5369936,0.5131715,0.45208612,0.46212855,0.5157041,0.5274357,0.51775014,0.48421833,0.55888945,0.4743915,0.5247095,0.51707035,0.47474343,0.5509163,0.5481711,0.52998835,0.51516426,0.5490627,0.46206728,0.50392884,0.502688,0.5379912,0.46703875,0.36272842,0.5714458,0.5237453,0.48038778,0.48380056,0.3817997,0.3647927,0.5255661,0.4640384,0.47284734,0.4880496,0.51409435,0.5394896,0.5251209,0.49442983,0.51813424,0.5052358,0.48137653,0.4843709,0.45136064,0.4856088,0.44129646,0.48069277,0.5091999,0.5094081
2025-10-10,0,-2.890339279248347,0.484651577857261,-1.90687944931956,0.532158,0.5104565,0.49201757,0.47974977,0.46708488,0.5109467,0.53616613,0.53420156,0.48345003,0.5264194,0.51959467,0.51698035,0.5216807,0.45022053,0.58443797,0.47572243,0.5745874,0.4735228,0.4634718,0.57369614,0.5180266,0.49843162,0.46043742,0.56225276,0.5662129,0.5843197,0.51010066,0.49506903,0.57101285,0.53453386,0.57204455,0.57089317,0.4568286,0.43461388,0.5356101,0.48767218,0.50655854,0.5803244,0.50416213,0.5283557,0.49845922,0.4313994,0.46750933,0.52635634,0.4561758,0.5420676,0.47068235,0.5353633,0.4691648,0.5925943
2025-10-11,1,-0.9802927117345478,4.528400903294066,3.8252348118231296,0.37457728,0.46644405,0.5185518,0.4909805,0.43280792,0.47381294,0.5204488,0.52618974,0.48797265,0.50064075,0.5582692,0.5581035,0.47031748,0.50352836,0.5824061,0.63996696,0.5762833,0.48195022,0.53447616,0.6463823,0.4622122,0.51715255,0.5356205,0.5206712,0.54772615,0.5590585,0.4209653,0.47120008,0.41670367,0.52848434,0.5340173,0.559478,0.47110063,0.47247204,0.5569669,0.48949358,0.55912,0.60931796,0.47708324,0.4766683,0.51120704,0.5882634,0.5238259,0.55917203,0.588272,0.49078235,0.59161985,0.5193728,0.49940097,0.4781294
2025-10-12,1,-1.1745061084252042,0.8704356368070796,0.18007625079209,0.49403915,0.5150797,0.50426143,0.45070451,0.5179854,0.4688061,0.4688061,0.5177228,0.4917568,0.5280487,0.46941105,0.5170461,0.5216807,0.49233946,0.54734993,0.48882878,0.5434567,0.53416985,0.51516426,0.56640774,0.5180266,0.51375395,0.5054651,0.5148315,0.5393998,0.4817484,0.43002972,0.5334702,0.4196751,0.59115744,0.5680644,0.47709453,0.50337446,0.53117245,0.5096973,0.4880496,0.49626642,0.5392918,0.48933196,0.5117259,0.48273614,0.64431876,0.48137653,0.44876936,0.49202558,0.49113664,0.45723316,0.4879785,0.5091999,0.5828855
2025-10-13,0,-4.711312442321688,0.2116093030987897,-1.87377515517996,0.55607474,0.50451034,0.4721515,0.5120549,0.58884925,0.47381294,0.47252437,0.5333325,0.43393427,0.53416985,0.48898813,0.5405355,0.533486,0.5108007,0.6019809,0.52078277,0.37631115,0.5228712,0.48973945,0.5587005,0.53707576,0.48510295,0.45453614,0.50052434,0.53815037,0.7059854,0.49862483,0.50953794,0.61905354,0.5247679,0.5468321,0.5568766,0.49757665,0.50238097,0.42352667,0.48956224,0.4879567,0.5129412,0.4867551,0.5185518,0.5479485,0.4937433,0.52853495,0.4853841,0.47222847,0.5203266,0.45331907,0.5911653,0.5189673,0.5319809
2025-10-14,0,-2.566664967724689,0.5155400907710121,-2.02415028158518,0.47295484,0.4851932,0.48317635,0.4952872,0.537032,0.47503316,0.51734114,0.48091722,0.53646266,0.4795319,0.49643096,0.50129944,0.52853495,0.5099606,0.56921387,0.5960576,0.4653684,0.50916964,0.5134372,0.50331396,0.48821643,0.49843162,0.5415254,0.45329478,0.47424817,0.64596134,0.54349506,0.5237453,0.52643293,0.584555,0.47968948,0.57811034,0.5269586,0.48742214,0.5922435,0.5189823,0.6315085,0.4677085,0.50416213,0.5117259,0.5967527,0.48257488,0.49506903,0.5140057,0.36994815,0.51876956,0.49668345,0.50779706,0.5091999,0.48479414
2025-10-15,0,-3.058376431523026,1.094685114515793,-2.34668114929177,0.41449714,0.5164653,0.5330682,0.49136126,0.47427514,0.4967847,0.4735228,0.5234372,0.4281181,0.5280487,0.48869786,0.5221482,0.5240852,0.5082038,0.43947884,0.5276176,0.42983878,0.5324557,0.49506903,0.55936843,0.479189,0.4645832,0.42143118,0.53327465,0.3188948,0.472756,0.43964115,0.5334702,0.48999155,0.4948194,0.5123735,0.39170438,0.5144358,0.43115762,0.37728918,0.4704375,0.42657772,0.43717378,0.47296032,0.5283557,0.5089747,0.5384317,0.52853495,0.48800114,0.3737348,0.5435262,0.56446904,0.5210641,0.4635766,0.46942702
2025-10-16,0,-4.408417081217424,0.9618796655224868,-1.6425222998888802,0.49677992,0.51883286,0.4671689,0.51950073,0.3896233,0.53669333,0.5065109,0.46587798,0.49631554,0.48653382,0.54980236,0.46053427,0.46956953,0.49801627,0.5535422,0.44422978,0.5846263,0.46292335,0.4654844,0.44140524,0.53707576,0.50392884,0.48655805,0.46135592,0.4603876,0.49085873,0.5659916,0.4630063,0.5660488,0.5269423,0.45902348,0.39013645,0.41520238,0.504702,0.59614414,0.5201429,0.38886088,0.4424152,0.50416213,0.49442983,0.46557704,0.33829975,0.5238259,0.46922192,0.53311485,0.54970366,0.4383065,0.485329,0.46597862,0.5874277
2025-10-17,1,-0.1029170510670393,0.9978268247478684,0.70531298183406,0.553029,0.4512547,0.49201757,0.50360763,0.51387763,0.48091722,0.48594004,0.5304885,0.4961425,0.48126087,0.53069824,0.45300597,0.46956953,0.4582882,0.5045683,0.56970286,0.5117624,0.48195022,0.46204856,0.62942874,0.5220569,0.51375395,0.5299761,0.48967594,0.45202073,0.5183592,0.51814026,0.4759563,0.512011,0.48306638,0.46423298,0.44009036,0.47333667,0.5329656,0.5299568,0.5348418,0.5297913,0.42095307,0.52745926,0.5283557,0.440115,0.46751747,0.52853495,0.52041984,0.5068288,0.55817676,0.5390207,0.4936801,0.4883597,0.51785254
2025-10-18,1,-1.0142693413710018,2.0912056760379905,1.35088458148793,0.60230786,0.47113952,0.52745926,0.4477283,0.523789,0.46212855,0.46396938,0.50426143,0.5081277,0.50169814,0.47865927,0.51684344,0.52945817,0.4808203,0.53172845,0.59268624,0.5002851,0.48195022,0.46792546,0.464718,0.46206728,0.52745926,0.53787404,0.52951944,0.40184325,0.6114656,0.5783689,0.5298319,0.5874156,0.55924666,0.5578478,0.5696488,0.48024562,0.49995208,0.49005896,0.48949358,0.46373782,0.47288302,0.53416985,0.46785337,0.48212647,0.4480687,0.5189934,0.49751803,0.48930958,0.53769755,0.472269,0.44918737,0.5091999,0.5282161
2025-10-19,1,-1.1481607097963382,2.7801228437964185,1.7240633452995602,0.4507916,0.51385385,0.479189,0.45070451,0.49348596,0.46476167,0.47252437,0.4626901,0.54771566,0.53416985,0.45399043,0.5667186,0.47324967,0.50249034,0.5684213,0.43025476,0.55847967,0.46894687,0.5178701,0.46988073,0.53707576,0.4898828,0.4805894,0.5383702,0.53570473,0.43208203,0.45597488,0.4630063,0.44720057,0.44474652,0.5257175,0.4186208,0.47104466,0.5710512,0.50629205,0.5094965,0.574715,0.40808472,0.47876674,0.5289856,0.47402906,0.43683267,0.46362418,0.49302515,0.57465714,0.5320968,0.4855535,0.43300182,0.46765393,0.5704598
2025-10-20,0,-2.8059533472635247,3.089256235688936,-2.04222465741934,0.61352587,0.50451034,0.5369936,0.5612813,0.44004843,0.53382534,0.5157041,0.5333325,0.5607863,0.5078323,0.639437,0.51792914,0.533486,0.4512612,0.55915236,0.63303274,0.41439405,0.49432534,0.46204856,0.5480237,0.5220569,0.4979069,0.47750157,0.47998855,0.6507242,0.60741925,0.45683146,0.48584875,0.65944487,0.5196152,0.60339296,0.59610486,0.52985406,0.5095396,0.5489631,0.5189823,0.5300863,0.5076116,0.5203885,0.52618974,0.55643433,0.48747182,0.49584743,0.52681655,0.450084,0.55627435,0.4896143,0.5781905,0.49391833,0.5365125
2025-10-21,0,-1.5174713587774071,0.7966599900414673,-0.6765639759505201,0.35662737,0.5400877,0.5369552,0.4397232,0.5043003,0.5285233,0.51734114,0.5177228,0.53647155,0.4795319,0.45555133,0.4309218,0.4630063,0.44637826,0.49845093,0.37316504,0.5617134,0.49506903,0.4667324,0.5605791,0.4805211,0.4658347,0.5612449,0.45476228,0.5689343,0.60780966,0.56536776,0.5298319,0.39483318,0.48160496,0.5128741,0.47310063,0.50374377,0.5226037,0.5128344,0.5189823,0.56527436,0.5197867,0.5251209,0.5356918,0.47244868,0.4640271,0.46765393,0.5000066,0.52145976,0.590237,0.43551067,0.57513654,0.46597862,0.5107028
2025-10-22,1,-0.0627152136190072,3.405384453051488,2.30728409142147,0.5994373,0.51883733,0.46241772,0.53792614,0.5624856,0.5285233,0.51734114,0.52945817,0.55558693,0.50064075,0.48881403,0.47498685,0.5240852,0.43182525,0.53568053,0.40823305,0.4971966,0.5228712,0.48091722,0.52913606,0.5302591,0.4645832,0.50584865,0.4748694,0.61190605,0.41080824,0.5013063,0.53588265,0.49741846,0.5599195,0.56514484,0.50995684,0.4757178,0.4370293,0.40118983,0.4704375,0.58907187,0.5746539,0.47876674,0.52466893,0.41883707,0.37247032,0.49270037,0.50656843,0.5014831,0.4966991,0.49028778,0.54216117,0.5085457,0.51145726
2025-10-23,1,-0.3441382179239016,1.8244913094121948,0.8383413777914499,0.5488732,0.5586741,0.522814,0.5131715,0.47277722,0.5285233,0.53616613,0.5177228,0.45704263,0.5334702,0.57827646,0.44722795,0.5135117,0.5144307,0.5843881,0.5127741,0.52984667,0.49432534,0.4654844,0.501552,0.5274357,0.48510295,0.49256405,0.6124636,0.5105226,0.47708857,0.5411026,0.46949753,0.69894457,0.5419692,0.40827906,0.53585553,0.51220566,0.51058435,0.5033063,0.48956224,0.4576581,0.51538426,0.5220118,0.51145375,0.5733698,0.49336383,0.5045526,0.46257764,0.56996894,0.3981149,0.49937946,0.5201029,0.47687984,0.50281197
2025-10-24,1,-0.2995611858154419,0.8417256070459718,0.57613153607323,0.5786017,0.5091579,0.5369936,0.4909805,0.5330831,0.47744557,0.49506903,0.49963,0.5947227,0.5350183,0.5230238,0.5240223,0.46157303,0.5459107,0.45570627,0.54320073,0.41471803,0.47142795,0.5309472,0.71522766,0.49506903,0.4898828,0.44453582,0.5664027,0.4796331,0.7109661,0.64717585,0.50953794,0.5279418,0.42133522,0.5010486,0.45090008,0.55490416,0.54683787,0.5868433,0.5245927,0.56579083,0.5891108,0.5251209,0.49506903,0.49748778,0.6364269,0.5238259,0.49295306,0.55094534,0.51546204,0.52187616,0.49388012,0.48424208,0.48263413
2025-10-25,1,-0.3461720537538956,3.3647472997145496,2.57578960116831,0.48463023,0.51385385,0.52466893,0.47846046,0.5661028,0.49506903,0.53616613,0.4626901,0.48616952,0.48229188,0.43870425,0.46331453,0.49506903,0.46761712,0.46380392,0.46056432,0.59081364,0.537499,0.49137652,0.47633582,0.5135117,0.49506903,0.5096027,0.436582,0.44770378,0.40626356,0.47417638,0.47999787,0.57846373,0.38557613,0.54853296,0.45418495,0.5151873,0.5025898,0.4407903,0.4880496,0.49038923,0.49057162,0.50416213,0.46785337,0.5132375,0.3595953,0.5189934,0.4405064,0.53943944,0.51153266,0.546226,0.47225544,0.5091999,0.5762152
2025-10-26,0,-0.6387270581027968,1.5939069528884915,-0.39511646974532005,0.4663637,0.4572247,0.53474987,0.51077455,0.53875375,0.5285233,0.4688061,0.5324557,0.49479023,0.47884393,0.42684323,0.5132443,0.5247095,0.5124327,0.52418333,0.48940322,0.6100125,0.46292335,0.4634718,0.40813312,0.53327245,0.51375395,0.5191363,0.58453083,0.44021755,0.41312847,0.558505,0.48255256,0.5086512,0.43065602,0.39277172,0.48208097,0.40723026,0.49992043,0.42693928,0.5094965,0.5119306,0.52543116,0.5156118,0.52745926,0.4988759,0.41885647,0.46362418,0.57225484,0.506591,0.48261577,0.54231346,0.42359817,0.515392,0.45150778
2025-10-27,0,-1.6761273572246749,1.718899465982525,-1.06535589733105,0.6289997,0.4829884,0.5369936,0.4424362,0.49799085,0.5285233,0.5157041,0.48091722,0.4695089,0.47503316,0.5995943,0.46692133,0.5247095,0.5330369,0.6387534,0.54909474,0.47135866,0.479189,0.51516426,0.67785156,0.53327245,0.5350183,0.5300749,0.5618376,0.53469193,0.41588777,0.5685445,0.47140184,0.6719466,0.6279033,0.5189377,0.518376,0.5462809,0.5472109,0.59001315,0.48949358,0.6134752,0.5305365,0.5321307,0.5326051,0.48929784,0.6127904,0.48097175,0.46911597,0.5136156,0.5371014,0.56126887,0.5447726,0.5085457,0.5518776
2025-10-28,0,-3.3307678786883907,0.6579637299302911,-2.5814849578232,0.44265497,0.4846907,0.4693565,0.5313446,0.5419624,0.5285233,0.49137652,0.48728457,0.47097456,0.5264194,0.5641076,0.56596947,0.5274357,0.46539557,0.62260604,0.5364427,0.42981058,0.5228712,0.5309472,0.5534615,0.4805211,0.4658347,0.47120494,0.5218469,0.56119055,0.5893479,0.56596655,0.53096044,0.5766016,0.55191654,0.50830376,0.52018815,0.54438144,0.55990696,0.45818686,0.5109467,0.6489765,0.50731045,0.5251209,0.46765393,0.4885401,0.5528813,0.479189,0.5388612,0.4722583,0.5471212,0.5017258,0.50413626,0.535583,0.42589936
2025-10-29,0,-3.436778015926842,1.417547027047766,-1.55574958212031,0.6189201,0.466238,0.50337744,0.48211953,0.4973169,0.5109467,0.53616613,0.46949753,0.57027,0.50064075,0.51553494,0.52396125,0.5240852,0.45833832,0.5516079,0.5046347,0.43392256,0.46792546,0.53691095,0.4820773,0.5352971,0.48510295,0.52292764,0.4565872,0.52885985,0.4950719,0.5056938,0.53588265,0.5503418,0.43721277,0.47842762,0.60304993,0.50275433,0.5547708,0.51729727,0.4880496,0.5862885,0.5649192,0.47876674,0.5283557,0.46523947,0.60623413,0.5338358,0.5230654,0.56529284,0.51923597,0.4450448,0.484145,0.49506903,0.58881855
2025-10-30,1,-0.0439523593056338,2.612405301690459,1.17940590867665,0.41919196,0.45135704,0.4721515,0.5358675,0.41657016,0.5285233,0.52745926,0.52998835,0.47877708,0.50169814,0.51432043,0.50449026,0.4667324,0.5273682,0.52744406,0.34345075,0.56733835,0.49506903,0.5109467,0.5446463,0.48584875,0.51715255,0.46877152,0.48875672,0.4065071,0.41154736,0.5016974,0.5287699,0.5484821,0.4586056,0.49744317,0.5363041,0.4850779,0.43601537,0.40387973,0.52092445,0.5574284,0.5890367,0.48933196,0.5326051,0.49311465,0.5486468,0.48051083,0.4685543,0.4786094,0.5539134,0.4634187,0.5113518,0.5091999,0.55078095
2025-10-31,1,-0.1947007507488261,0.868851484242425,0.44613307556547,0.4773135,0.4656201,0.5162804,0.5285652,0.53287435,0.47381294,0.47120008,0.479189,0.5381435,0.48126087,0.48231268,0.47500128,0.49506903,0.41809943,0.5434486,0.37178978,0.60851973,0.47503316,0.50426143,0.5113395,0.48821643,0.5338358,0.46079808,0.562383,0.5393115,0.6415626,0.5332276,0.5287699,0.36033422,0.50269914,0.55511457,0.5678001,0.5419828,0.4632024,0.48903957,0.49963,0.62550634,0.515784,0.5251209,0.5283557,0.58616805,0.46204028,0.48152056,0.50578624,0.44260973,0.45682874,0.4661671,0.5030675,0.49116367,0.48744088
2025-11-01,1,-0.5709006702561248,1.0408224393311458,0.40118114648444,0.4116509,0.5326199,0.47608304,0.53603625,0.50229335,0.52618974,0.5157041,0.52618974,0.52470136,0.53475803,0.54152185,0.5494805,0.533486,0.5822278,0.58402467,0.54425174,0.5185146,0.5225204,0.50426143,0.5692669,0.47744557,0.49843162,0.51849234,0.4384001,0.5545873,0.63724315,0.5109016,0.5334702,0.57820976,0.43937108,0.594714,0.5234752,0.48003918,0.56514084,0.5494862,0.5094965,0.50912905,0.5903768,0.47434515,0.53668916,0.50897986,0.510357,0.51646835,0.52790713,0.53869754,0.53737783,0.5017777,0.56107235,0.49391833,0.42165208
2025-11-02,0,-4.850788261040966,0.1891810919726003,-3.64591983685811,0.38485366,0.45542002,0.5340552,0.50737566,0.46033594,0.47120008,0.5109467,0.4666593,0.49007648,0.5227096,0.4875023,0.5199274,0.47324967,0.4647143,0.37679878,0.41793594,0.35032693,0.522814,0.50426143,0.54930466,0.4805211,0.50337744,0.43459383,0.5206849,0.44660565,0.5232735,0.45467174,0.52745926,0.36909255,0.54966635,0.4477902,0.4726901,0.49458885,0.42807496,0.45842806,0.4880496,0.40897873,0.47247887,0.47490284,0.5289856,0.49577206,0.4184842,0.5045526,0.49076462,0.44122034,0.5197413,0.49560404,0.55724967,0.515392,0.45898575
2025-11-03,0,-7.436672769692137,0.6694930291794521,-4.88929906927473,0.55483997,0.50844425,0.50426143,0.45505294,0.5194588,0.5321203,0.5135117,0.48594004,0.4850574,0.48126087,0.58689994,0.4964999,0.5354833,0.4808562,0.5912144,0.5020843,0.4617582,0.52466893,0.48973945,0.56105256,0.53327245,0.51375395,0.51650965,0.49304792,0.5261424,0.47495368,0.53228545,0.48609462,0.34143963,0.5455436,0.5664482,0.58230335,0.48703054,0.55320257,0.5864678,0.5109467,0.58618546,0.5381861,0.48933196,0.46765393,0.53059953,0.61372304,0.48137653,0.4333691,0.51319826,0.51089656,0.57988954,0.42727342,0.5321203,0.5189017
2025-11-04,1,-2.5246968588525576,2.948804740606612,2.3254649315978,0.5009487,0.44327027,0.5109467,0.4708562,0.577212,0.47381294,0.5204488,0.50337744,0.4918007,0.48126087,0.5100039,0.44911137,0.4630063,0.5064804,0.5614349,0.5860787,0.49810812,0.46292448,0.4671689,0.57368124,0.53707576,0.49843162,0.4720057,0.4441598,0.53703755,0.5220004,0.5140996,0.4759563,0.41184282,0.5194082,0.5412294,0.48662212,0.5786265,0.492031,0.5806748,0.48956224,0.41142014,0.40739566,0.5251209,0.4671689,0.54860616,0.4622056,0.4883597,0.4608219,0.48642752,0.49951482,0.49636123,0.4614236,0.5189673,0.48943657
2025-11-05,0,-3.5110891751889515,0.302607105909816,-2.47452586464772,0.5850286,0.47240484,0.479189,0.5061345,0.48905444,0.4645832,0.5079327,0.5252607,0.54212666,0.5110672,0.54807556,0.4781743,0.47503316,0.54009676,0.5453861,0.4617551,0.45578575,0.4666593,0.5274169,0.6695201,0.48317635,0.4979069,0.5415254,0.4895278,0.5055081,0.51147264,0.55151945,0.5135117,0.5288805,0.44334462,0.51967245,0.36102277,0.5850405,0.5156455,0.45736548,0.5201429,0.42424843,0.5998835,0.47876674,0.5117259,0.5516249,0.5099531,0.51340514,0.50503266,0.55202264,0.53337526,0.5539228,0.538046,0.5091999,0.4723263
2025-11-06,1,-2.078946537748278,2.677620901741163,1.94748205542768,0.517174,0.48705417,0.5135117,0.45070451,0.49303025,0.4721515,0.532768,0.5252607,0.46412724,0.50169814,0.48988777,0.4527926,0.5247095,0.5124147,0.56635594,0.47658467,0.40912935,0.49137652,0.522814,0.35346553,0.53707576,0.48510295,0.45705616,0.49596867,0.54186165,0.509761,0.5343536,0.5287699,0.5749706,0.4944532,0.47712654,0.5432699,0.49701074,0.54499984,0.5059165,0.4704375,0.39176923,0.57683283,0.48933196,0.47608304,0.48561698,0.55005413,0.5099449,0.54939836,0.4879667,0.5007989,0.41358936,0.48105592,0.49391833,0.46494183
2025-11-07,0,-1.8410126383620848,0.0649494836015179,-0.9979464496075299,0.47937083,0.5288395,0.53096044,0.5641136,0.45103127,0.48091722,0.46535066,0.5304885,0.57522416,0.50426143,0.4825996,0.50630486,0.533486,0.46012935,0.65727895,0.5565405,0.5412763,0.48195022,0.48973945,0.6315945,0.52853495,0.4898828,0.4391757,0.44971332,0.44136667,0.53003275,0.52218366,0.50953794,0.6463584,0.5534863,0.5691855,0.3698127,0.55500877,0.49991876,0.56253,0.52466893,0.4675208,0.45997974,0.47434515,0.5283557,0.50757813,0.5715667,0.46750933,0.4654904,0.57892555,0.50732493,0.4454246,0.51094186,0.4883597,0.5207052
2025-11-08,1,-0.8963064514809734,3.063327979471352,2.32822313820756,0.5549569,0.4866862,0.52945817,0.5310753,0.43250555,0.52338535,0.5284833,0.52853495,0.5811165,0.5049163,0.4736591,0.49833527,0.533486,0.49323085,0.42019674,0.4720365,0.5078699,0.479189,0.4667324,0.6026691,0.4805211,0.51375395,0.48214504,0.5335845,0.36856446,0.47141936,0.528756,0.5298319,0.54412574,0.45969498,0.49982148,0.51475966,0.50224495,0.49092832,0.39942816,0.4880496,0.408088,0.40254605,0.47434515,0.46785337,0.48764455,0.5795736,0.4702879,0.50511837,0.5531264,0.56833935,0.5497947,0.4280476,0.49940097,0.48052755
2025-11-09,1,-0.4382460014504703,1.8422600800666027,1.22257015459849,0.48750553,0.4656201,0.46241772,0.4494258,0.43036485,0.4883597,0.47503316,0.4626901,0.5351501,0.47166902,0.418461,0.5504017,0.49506903,0.43535987,0.4654315,0.4352716,0.33319187,0.53096044,0.46507433,0.54688174,0.4805211,0.49963,0.51736665,0.39711738,0.43988034,0.51141375,0.46577355,0.49506903,0.4736781,0.4744733,0.50469035,0.44024223,0.41878647,0.44493666,0.5147598,0.48956224,0.41969666,0.39449805,0.47434515,0.49442983,0.42501372,0.6646233,0.5270102,0.5140057,0.55332714,0.40776312,0.48340717,0.47236243,0.48424208,0.46613458
2025-11-10,0,-3.391458552545304,1.3946758967764463,-2.82425458643332,0.53989506,0.4726186,0.47296032,0.48880103,0.5132843,0.5321203,0.47252437,0.53525937,0.51733553,0.48653382,0.5606826,0.5456358,0.5220569,0.5276207,0.5715957,0.458943,0.5900642,0.5324557,0.53691095,0.589728,0.53327245,0.47560236,0.5203654,0.42620623,0.53436327,0.43240255,0.46531534,0.49584743,0.49301657,0.48573586,0.6198925,0.49548566,0.43601167,0.48181525,0.47985357,0.4735228,0.5681472,0.5039946,0.5251209,0.46785337,0.5029122,0.56693023,0.5189934,0.53264475,0.42707643,0.5395607,0.5141058,0.5874524,0.5321203,0.4814471
2025-11-11,0,-2.2028374757372173,2.1828350537612544,-1.3723012931130298,0.45819038,0.5211823,0.5338358,0.48182046,0.48697048,0.5285233,0.51734114,0.5177228,0.5417139,0.4795319,0.44162488,0.5858149,0.5274357,0.5621953,0.694413,0.66745096,0.5533375,0.46292448,0.49506903,0.5506802,0.4688061,0.4979069,0.5137493,0.49267855,0.46247584,0.5582432,0.52758247,0.50045544,0.554014,0.50912267,0.6022025,0.60752845,0.48032647,0.47959393,0.45115498,0.4704375,0.53343254,0.5384172,0.47876674,0.5283557,0.49119428,0.4761798,0.53639984,0.5341958,0.4492474,0.48635605,0.5950682,0.5402297,0.5085457,0.4803168
2025-11-12,0,-3.660696950959446,2.3629439290450818,-1.94928961604392,0.5571587,0.4939894,0.5369936,0.46394387,0.44557506,0.4645832,0.49506903,0.47503316,0.51140875,0.5110672,0.50086063,0.50830406,0.4667324,0.4855465,0.48835683,0.54392546,0.52996093,0.537499,0.48091722,0.6606077,0.50916964,0.51375395,0.52847004,0.550949,0.35902864,0.5009806,0.5700255,0.53588265,0.44447884,0.43416968,0.4774922,0.5043384,0.52398944,0.46594048,0.48319894,0.4704375,0.54142636,0.5162012,0.5220118,0.5117259,0.41835606,0.53160614,0.49506903,0.47807452,0.48943275,0.506538,0.41784418,0.5281548,0.5091999,0.5248881
2025-11-13,0,-5.865841333583992,0.174385400953912,-5.249158454481051,0.4390436,0.4875702,0.52466893,0.47403544,0.53654534,0.53382534,0.49506903,0.4626901,0.4980946,0.47142795,0.5077725,0.48137796,0.533486,0.5635173,0.5489488,0.38913438,0.44129387,0.49432534,0.50916964,0.5619559,0.46206728,0.4645832,0.47750157,0.53034836,0.37765783,0.46340656,0.52262086,0.5287699,0.63001734,0.5224784,0.47060692,0.44998246,0.4832802,0.4844779,0.5295839,0.46507433,0.5279201,0.46610856,0.47434515,0.46362418,0.51517916,0.5099276,0.5189934,0.4781369,0.47849527,0.46574667,0.53351855,0.46891174,0.522814,0.48608533
2025-11-14,1,-0.0375464266076146,2.3535060352053194,1.0539439640716601,0.6222614,0.47067907,0.46241772,0.4821335,0.52274317,0.5135117,0.5065109,0.4666593,0.4619368,0.48126087,0.50061595,0.4759848,0.46157303,0.5357707,0.47092894,0.30599105,0.48879763,0.48776466,0.522814,0.46942678,0.46949753,0.49958846,0.45800835,0.39259365,0.42167965,0.51402044,0.47888333,0.5287699,0.5045303,0.38479432,0.51140517,0.41803193,0.43333742,0.504702,0.40003335,0.48956224,0.5124878,0.4831357,0.50416213,0.5109467,0.42983463,0.4770306,0.4617605,0.4755298,0.56983167,0.50977427,0.5226617,0.39860618,0.46597862,0.47053048
2025-11-15,0,-2.7474319947971986,1.0808644000753953,-1.40612904673639,0.57517684,0.5675698,0.48317635,0.5362958,0.5061675,0.5065109,0.4702879,0.479189,0.5099926,0.47120008,0.4556474,0.4849803,0.51346517,0.49764708,0.5723992,0.5307904,0.47832766,0.46894687,0.5365479,0.52090377,0.52849483,0.50426143,0.5201458,0.4835684,0.5317332,0.4968942,0.47770715,0.51346517,0.6570165,0.42120543,0.4841163,0.5179196,0.50343895,0.46668226,0.5065309,0.4880496,0.4833905,0.5002101,0.50416213,0.46785337,0.5451692,0.44263127,0.5189934,0.4914018,0.5853071,0.52124953,0.4497862,0.48612523,0.5085457,0.5101603
2025-11-16,0,-3.2798026989038145,1.872380957718531,-2.1947872947792098,0.6061855,0.50300187,0.53474987,0.52837306,0.48155183,0.50963604,0.4688061,0.52945817,0.5560278,0.50064075,0.4881228,0.50217474,0.5216807,0.44230828,0.5425821,0.53024083,0.43250716,0.5234372,0.53691095,0.43849882,0.47226453,0.4898828,0.45490736,0.56200856,0.58226377,0.55389166,0.50763506,0.5182103,0.65155727,0.5797925,0.49433064,0.5100818,0.45245564,0.49934122,0.4331066,0.4880496,0.50795615,0.5547033,0.5251209,0.49963,0.5576555,0.5841269,0.46362418,0.5053914,0.4746095,0.4952334,0.46966806,0.49518493,0.46765393,0.49802017
2025-11-17,1,-3.2640552620736027,1.7424358934867803,0.80538963103698,0.54478365,0.4875702,0.5369936,0.47980294,0.48244107,0.50963604,0.49058518,0.4667324,0.43190768,0.48421833,0.5785335,0.5114731,0.46157303,0.5085278,0.57313484,0.47617266,0.5411878,0.5228712,0.49240628,0.715337,0.53327245,0.4979069,0.45976332,0.54566556,0.4919356,0.5209133,0.61851686,0.5237453,0.5117585,0.6152994,0.56854475,0.5371483,0.5255954,0.4373048,0.5297539,0.52092445,0.60508984,0.5842258,0.5203885,0.5185518,0.5403557,0.6858943,0.5189934,0.5585065,0.57297146,0.48964387,0.59201103,0.45141038,0.49391833,0.5653656
2025-11-18,0,-4.7956074646618845,0.0208560724705764,-1.52387739374434,0.5163766,0.49667063,0.5369552,0.49887738,0.49353543,0.5330682,0.49058518,0.5135117,0.5294264,0.5264194,0.46904048,0.55562115,0.52853495,0.42578685,0.56632054,0.4255948,0.48746333,0.46368584,0.4634718,0.6272128,0.5109467,0.4645832,0.46184424,0.50753534,0.5457809,0.48518848,0.45683584,0.47517833,0.71143925,0.46849212,0.49731782,0.5576731,0.54549396,0.50722295,0.47658738,0.5245927,0.42979428,0.55134314,0.47876674,0.5326051,0.4742083,0.49696615,0.49506903,0.46800542,0.47519043,0.5894046,0.50144935,0.5112152,0.535583,0.5437488
2025-11-19,0,-6.143003626404163,1.7378997318413518,-5.5209816891895,0.5679608,0.5451087,0.5294408,0.4751308,0.5522425,0.4645832,0.5157041,0.4735228,0.56709903,0.50064075,0.5454014,0.50433433,0.5240852,0.5468078,0.48417014,0.47889483,0.3782638,0.48195022,0.46792546,0.54107577,0.5302591,0.49843162,0.57736605,0.54389244,0.47660196,0.42149284,0.49211395,0.53588265,0.58194494,0.51263803,0.48502588,0.5962459,0.5229532,0.5023763,0.5030182,0.4704375,0.5372273,0.50620586,0.47503316,0.5283557,0.4230858,0.6177719,0.48091722,0.451096,0.5112425,0.5166659,0.52052665,0.44645503,0.5091999,0.5011915
2025-11-20,0,-7.223098129324926,0.9897048198644034,-1.75568265742415,0.50501704,0.47565404,0.5109467,0.47003418,0.5285625,0.46360305,0.46318242,0.50337744,0.45770088,0.4694186,0.42603868,0.45484185,0.46757364,0.48599634,0.5348405,0.41244328,0.46123695,0.50337744,0.5109467,0.46942902,0.49584743,0.48510295,0.46996593,0.51271236,0.46324468,0.45209888,0.42638466,0.49953645,0.3460913,0.5203194,0.4537316,0.4478428,0.46834788,0.4357489,0.4949888,0.48767218,0.4640229,0.59284914,0.47434515,0.49442983,0.41732213,0.28420162,0.5238259,0.48161167,0.4212292,0.4857668,0.44115657,0.45833218,0.49940097,0.46457943
2025-11-21,0,-1.932617237478052,0.574609648520971,-0.45881272465222,0.5355663,0.5288395,0.50426143,0.502955,0.5568992,0.49958846,0.47252437,0.479189,0.526914,0.53416985,0.5008869,0.5145659,0.50916964,0.5581691,0.46284804,0.6225621,0.44426903,0.479189,0.49963,0.5666168,0.48594004,0.49843162,0.522236,0.5341549,0.5783728,0.5792555,0.5208227,0.50953794,0.42546123,0.4980973,0.439643,0.51874936,0.4515626,0.5593634,0.5576936,0.49950516,0.5106082,0.60837966,0.47434515,0.5283557,0.49186754,0.4253877,0.5180788,0.51087886,0.43285283,0.54304004,0.50579584,0.4968137,0.48424208,0.43194407
2025-11-22,1,-0.0852029400219028,3.9201541145457774,2.43675070874857,0.39877084,0.49667063,0.5315798,0.49632487,0.48030415,0.47381294,0.46535066,0.532768,0.5345005,0.48126087,0.51402783,0.5423609,0.47031748,0.48566383,0.6168451,0.591189,0.56675977,0.48195022,0.46792546,0.5729597,0.49584743,0.5220569,0.49827042,0.49341306,0.4953252,0.54665506,0.50899875,0.47517833,0.45427415,0.53898877,0.43613216,0.4780548,0.4859272,0.53796077,0.55167997,0.52092445,0.61140203,0.4430163,0.47434515,0.53668916,0.509917,0.6054374,0.5189934,0.5401751,0.5797561,0.59327453,0.61263424,0.58012193,0.48424208,0.58451414
2025-11-23,1,-1.8106036685718128,2.7242707601981624,1.6788036787637,0.46003532,0.48398483,0.5162804,0.48002645,0.50184256,0.47381294,0.46318242,0.4735228,0.55501664,0.53416985,0.4593805,0.54344904,0.46956953,0.5496538,0.51053405,0.5770666,0.42927498,0.49955878,0.5135117,0.49397707,0.4790361,0.4658347,0.4578097,0.46279442,0.46858487,0.5708266,0.56015503,0.46565098,0.45421225,0.43753922,0.53074425,0.57529366,0.42243406,0.48019427,0.4684019,0.51412654,0.4267931,0.43971792,0.48880538,0.5289856,0.5162178,0.49737564,0.51646835,0.44032934,0.4977297,0.4698438,0.46554574,0.5298425,0.46765393,0.47852117
2025-11-24,0,-2.5044996261108468,0.2488181353831084,-1.05887043733438,0.5582687,0.52002144,0.5369936,0.46682245,0.5358437,0.5354833,0.51734114,0.53525937,0.5225033,0.47503316,0.5940476,0.56788206,0.5247095,0.48526537,0.5978611,0.6433465,0.5719254,0.5228712,0.46436393,0.6082523,0.48594004,0.47560236,0.55454135,0.40498984,0.41118097,0.57509875,0.51851165,0.47517833,0.64298177,0.57938635,0.45950413,0.5331728,0.5746872,0.49785098,0.5309141,0.49950516,0.4475139,0.50681037,0.47876674,0.46765393,0.50397974,0.6573799,0.5270102,0.44792444,0.54506516,0.50198317,0.53157014,0.47950104,0.5091999,0.45375547
2025-11-25,1,-1.22434741973506,3.692148961762912,3.50217440422705,0.56634206,0.48686218,0.5027645,0.50334364,0.5318266,0.46792546,0.5135117,0.48091722,0.5798939,0.5110672,0.50437874,0.5342629,0.5274357,0.5375756,0.5482624,0.5285993,0.51184064,0.49506903,0.5309472,0.7214817,0.4805211,0.4658347,0.49655655,0.48264718,0.47365597,0.53578764,0.51815265,0.5298319,0.49934784,0.4372244,0.52672106,0.53019446,0.5371321,0.53717136,0.526775,0.4789594,0.6080201,0.53560525,0.50416213,0.5185518,0.58411837,0.47253183,0.53606325,0.5269839,0.40592465,0.48389855,0.5601569,0.49572822,0.535583,0.47779754
2025-11-26,1,-0.436508886726703,1.6071690521212538,0.9349308992866799,0.55035824,0.47067907,0.5369936,0.48211986,0.49695027,0.5321307,0.46396938,0.47503316,0.4634039,0.51346517,0.38264024,0.52346617,0.5240852,0.51316464,0.4320584,0.36859676,0.43851915,0.52556205,0.48091722,0.41427714,0.4688061,0.47744557,0.47624558,0.5307846,0.5827713,0.4302881,0.48055542,0.4630063,0.3920103,0.4684017,0.590403,0.4445847,0.4566009,0.4769153,0.49108374,0.4880496,0.47515765,0.47895804,0.52745926,0.46785337,0.48748025,0.38062388,0.5135117,0.5089371,0.4471509,0.4804985,0.4515373,0.41083527,0.4635766,0.4790143
2025-11-27,0,-1.2707910525504442,1.906568196043392,-0.48648838036231995,0.48680386,0.50176626,0.4729418,0.5092603,0.43946928,0.46360305,0.53447616,0.46436393,0.5012876,0.5134372,0.5108325,0.3968683,0.51154727,0.542227,0.46485162,0.47698906,0.51643205,0.479189,0.5220569,0.4785501,0.52849483,0.52745926,0.4429284,0.50703627,0.4579438,0.36718228,0.41423556,0.50426143,0.52250206,0.44611832,0.47124353,0.6096327,0.4801918,0.51869094,0.40087557,0.4704375,0.4340772,0.46477216,0.47434515,0.49442983,0.46090505,0.46513855,0.5135117,0.43487865,0.55942404,0.53077203,0.54344296,0.45492616,0.48424208,0.5801563
2025-11-28,0,-0.812206125976077,0.3020495676637832,-0.097152822547,0.47920555,0.51385385,0.46241772,0.49623838,0.46456662,0.52618974,0.4681587,0.5302591,0.5314303,0.47166902,0.5757038,0.46334288,0.47324967,0.46240976,0.5072809,0.46703708,0.39967057,0.48776466,0.522814,0.6396097,0.4688061,0.4658347,0.5123646,0.52699345,0.4624386,0.36065662,0.430097,0.47999787,0.34637365,0.4434824,0.4778199,0.47453174,0.48607063,0.504702,0.47497246,0.48767218,0.4996802,0.49071816,0.48880538,0.5109467,0.54696476,0.40337285,0.49137652,0.46604526,0.37719914,0.4691566,0.44025347,0.521519,0.48424208,0.44721413
2025-11-29,0,-0.5140142665914941,1.310252825179527,-0.48844658930887,0.5904476,0.5288395,0.46656772,0.5524429,0.46685836,0.50337744,0.49506903,0.52618974,0.48201758,0.4694186,0.5392898,0.51562613,0.49506903,0.50853443,0.41976616,0.49349868,0.48906437,0.479189,0.51516426,0.54725116,0.53327245,0.5204488,0.5191084,0.5007927,0.5444487,0.5280203,0.5456475,0.46565098,0.3477883,0.48213518,0.6169356,0.51315856,0.5150858,0.47527945,0.41167113,0.4880496,0.4647379,0.4708287,0.47434515,0.47253242,0.4450123,0.5034829,0.46362418,0.5402662,0.52343655,0.56376296,0.55538684,0.53575367,0.5085457,0.56501055
2025-11-30,0,-7.509712194276304,0.0630611215906192,-4.6134215573855695,0.44824004,0.4875702,0.53474987,0.47974977,0.49108627,0.46476167,0.5266112,0.5324557,0.46041054,0.48126087,0.3828826,0.5875129,0.46956953,0.50154483,0.47955647,0.46302637,0.44544956,0.46949753,0.49958846,0.26001567,0.5220569,0.48510295,0.45765305,0.50084454,0.41175884,0.40035093,0.54212165,0.48584875,0.555451,0.5324855,0.49967393,0.46099114,0.46853995,0.45692074,0.4372867,0.52092445,0.3985352,0.4633947,0.49584743,0.522814,0.47181955,0.41847712,0.51646835,0.52189445,0.45668802,0.48766133,0.51403713,0.4266536,0.48424208,0.51060927
2025-12-01,1,-0.1178405242400491,6.745954395516965,5.6241004017146805,0.5216475,0.4975059,0.5369936,0.4693168,0.56038034,0.5354833,0.49137652,0.50426143,0.46339643,0.5135117,0.6845897,0.4918169,0.5247095,0.49886996,0.6390121,0.5688283,0.52337587,0.52634895,0.49240628,0.39007875,0.53327245,0.522814,0.45692408,0.4940433,0.470985,0.5493155,0.5965561,0.5334702,0.70366967,0.47318336,0.46340284,0.4949113,0.4955593,0.5339502,0.52102953,0.5065109,0.5370333,0.4471927,0.48575726,0.53668916,0.50533074,0.49397933,0.4667324,0.46823075,0.5086111,0.49777526,0.5485204,0.4105356,0.5321203,0.5018984
2025-12-02,1,-0.3156341927386604,3.0980775060067893,2.33034776016145,0.4397195,0.5522773,0.5227515,0.5323671,0.5778559,0.4967847,0.5204488,0.532768,0.518874,0.48126087,0.54266137,0.5351893,0.4630063,0.51598233,0.6237994,0.51049703,0.4686739,0.46292448,0.5027645,0.6080435,0.5109467,0.47503316,0.5344185,0.5386924,0.4731258,0.6159386,0.48529598,0.47517833,0.5097434,0.5656359,0.52918965,0.49749455,0.5333217,0.5397581,0.61064476,0.4880496,0.53825617,0.5372867,0.5162804,0.5326051,0.49560094,0.4880113,0.53639984,0.563734,0.49578285,0.5387814,0.5958309,0.4827163,0.535583,0.49547
2025-12-03,0,-2.7572975885040187,0.6933526505608658,-1.4575262088996601,0.54270625,0.50303143,0.53474987,0.5311789,0.47940743,0.5109467,0.48190904,0.5252607,0.56356376,0.50064075,0.4769388,0.48817796,0.46757364,0.5680027,0.4798477,0.5196556,0.36065987,0.4666593,0.46507433,0.49826184,0.4645832,0.51375395,0.50481606,0.46528313,0.36551648,0.4546201,0.47275904,0.53588265,0.4685836,0.42974317,0.45452884,0.5548436,0.43723947,0.56210625,0.5147087,0.4880496,0.52651685,0.5601343,0.47876674,0.5317592,0.43077773,0.60465103,0.532624,0.5563742,0.49211892,0.5006328,0.52402914,0.5272474,0.46765393,0.4884612
2025-12-04,0,-4.466371983462102,0.6649357222700485,-3.0298870064162,0.47646108,0.48757455,0.52945817,0.5411588,0.5317318,0.53382534,0.532624,0.5252607,0.5363021,0.49506903,0.62027496,0.50659317,0.48255256,0.5680027,0.589487,0.47778153,0.34564352,0.4666593,0.5350183,0.45143396,0.5162804,0.48510295,0.5148234,0.45831028,0.44357282,0.4711385,0.4326774,0.5185518,0.49717465,0.5557466,0.52620953,0.47611773,0.5191756,0.44425943,0.40461206,0.5177525,0.4304822,0.5672512,0.48933196,0.49963,0.48513708,0.43779618,0.53606325,0.4997764,0.42442384,0.3981149,0.4951493,0.5675974,0.49391833,0.4762022
2025-12-05,0,-0.4735585793218064,1.0688554565073944,-0.10444269910222001,0.4550394,0.49765897,0.50426143,0.5085979,0.53249246,0.5338288,0.5350183,0.47503316,0.5117517,0.48126087,0.450663,0.45513877,0.5079327,0.53086144,0.56661004,0.5438373,0.4523051,0.537499,0.48973945,0.5071308,0.53707576,0.49843162,0.45029372,0.5534012,0.5251982,0.6563162,0.5260713,0.50953794,0.6129829,0.5125831,0.5036509,0.5037801,0.5416324,0.56740534,0.52974546,0.5378523,0.5343523,0.6147636,0.52945817,0.53668916,0.5830863,0.46697643,0.46750933,0.4687404,0.5158813,0.49541533,0.44710714,0.4809302,0.5189673,0.51986873
2025-12-06,1,-1.7151682918861642,2.7883074320587875,1.28989870207887,0.45837563,0.5104565,0.4883597,0.45996207,0.38905913,0.47381294,0.479189,0.50337744,0.56579685,0.48126087,0.58283186,0.4470671,0.5240852,0.4708101,0.6177986,0.59059995,0.45553255,0.48195022,0.50426143,0.53567094,0.4688061,0.49843162,0.46521357,0.4727762,0.55670875,0.43556005,0.43535462,0.52618974,0.4396393,0.5394268,0.5042821,0.4984306,0.46447453,0.4406618,0.62041694,0.48949358,0.49106643,0.44783124,0.5164962,0.53668916,0.502694,0.5799047,0.5294408,0.4957002,0.46102515,0.53854823,0.5385558,0.48772904,0.49940097,0.43806088
2025-12-07,1,-0.870314593663313,2.071252636050104,0.26407844119581997,0.57508427,0.42481342,0.47608304,0.4413209,0.4401112,0.5330682,0.53447616,0.49584743,0.49131867,0.48126087,0.35265112,0.41684094,0.46956953,0.47648856,0.5423321,0.37363526,0.4589903,0.46292335,0.46792546,0.4298528,0.5180266,0.48510295,0.41094616,0.46915486,0.4137972,0.3810691,0.43381634,0.46565098,0.35612136,0.49254495,0.481537,0.43237358,0.46519455,0.45888495,0.44071472,0.48956224,0.487284,0.5481313,0.4617605,0.46785337,0.47959563,0.48326853,0.4617605,0.46450678,0.4018137,0.42592767,0.4395571,0.43409944,0.49958846,0.47437498
2025-12-08,1,-1.2594544652464452,4.270791457331196,2.2306581769779896,0.51395077,0.53957903,0.49506903,0.5128796,0.5050383,0.46476167,0.47252437,0.47120008,0.46238646,0.5254192,0.42497814,0.56572074,0.5220569,0.53616405,0.7065007,0.5574539,0.5630737,0.479189,0.48973945,0.5758393,0.5180266,0.49843162,0.53468543,0.43525314,0.61719227,0.4835121,0.4999758,0.47570452,0.5967394,0.5148425,0.48352113,0.5045107,0.5413021,0.54805136,0.5867404,0.5378523,0.5230495,0.3978213,0.5203885,0.49963,0.5539587,0.60318035,0.48051083,0.53455037,0.54941076,0.48774117,0.54879916,0.5400426,0.5189673,0.48300818
2025-12-09,0,-1.2110853540756117,1.920608228727648,-0.71841233904618,0.6031992,0.45135704,0.50426143,0.5016734,0.5417315,0.50337744,0.5321307,0.51346517,0.5919684,0.50426143,0.5236379,0.5936538,0.5274357,0.5654273,0.42934337,0.5565041,0.40064648,0.522814,0.4667324,0.544697,0.4735228,0.4979069,0.50566244,0.5219501,0.5306022,0.4946497,0.47166917,0.50045544,0.48121858,0.5310478,0.6412021,0.4565861,0.5427612,0.53719515,0.5585487,0.5177525,0.50211805,0.4296309,0.48933196,0.479189,0.5407393,0.6214299,0.4883597,0.4608219,0.52798516,0.5159834,0.5017565,0.51221955,0.5091999,0.46329468
2025-12-10,1,-3.0395111103662726,1.6593870333603318,0.53976543938289,0.5257249,0.5444433,0.52829593,0.46185887,0.5217403,0.52338535,0.47252437,0.47503316,0.40233403,0.48126087,0.4926154,0.5080513,0.50294983,0.52009284,0.65782136,0.514657,0.51475626,0.5315798,0.5356918,0.55570704,0.46765393,0.51375395,0.47714165,0.47672394,0.56125957,0.49734372,0.4621379,0.48584875,0.55600363,0.4807422,0.5416662,0.53516096,0.5616081,0.48750508,0.5308663,0.4880496,0.47895974,0.42375374,0.5164962,0.46785337,0.4398549,0.4757041,0.48137653,0.50503266,0.43341628,0.45748103,0.57868147,0.5292586,0.49940097,0.42205626
2025-12-11,0,-3.333814608449231,0.2597544535830762,-2.4565606595954,0.46913958,0.47240484,0.4729418,0.49920875,0.46985728,0.5338288,0.5135117,0.5252607,0.5479021,0.48653382,0.5251859,0.44779402,0.48255256,0.47534493,0.48018318,0.40095696,0.40735924,0.46894687,0.48973945,0.5065691,0.4805211,0.48510295,0.48655805,0.47667062,0.31875783,0.49514693,0.45990276,0.46949753,0.4338376,0.43012777,0.4522411,0.36338037,0.41049555,0.45661712,0.50100076,0.48956224,0.39030105,0.516996,0.50416213,0.46436393,0.48972738,0.5854197,0.53606325,0.5411204,0.42886367,0.500364,0.48627046,0.456619,0.5189673,0.5388651
2025-12-12,0,-0.5577047030385164,0.4047810822707123,-0.03147775451217,0.46363202,0.51385385,0.5109467,0.46629754,0.45500195,0.49506903,0.50426143,0.4626901,0.52547204,0.4694186,0.5362626,0.46152925,0.47687984,0.5768082,0.5975071,0.4566883,0.4766741,0.537499,0.51516426,0.51444316,0.5099055,0.4658347,0.44438484,0.5134513,0.42833227,0.42615914,0.57203764,0.5298319,0.39527994,0.5320517,0.51184577,0.5169437,0.517416,0.4797788,0.4202002,0.5348418,0.49627808,0.43521568,0.5204488,0.46792546,0.5334637,0.5462676,0.46750933,0.47079846,0.5736293,0.4385128,0.5109971,0.5193601,0.537299,0.49519825
2025-12-13,0,-2.9950381514891733,0.2571933251312183,-2.31815182233915,0.50454104,0.54592866,0.5109467,0.50632906,0.56278294,0.46476167,0.4702879,0.4626901,0.52680045,0.48126087,0.3769116,0.4067048,0.52945817,0.5281577,0.47187942,0.57673657,0.51404566,0.52556205,0.52883893,0.61715895,0.5041379,0.4898828,0.5200024,0.48518994,0.45781347,0.42911536,0.511811,0.50953794,0.2829178,0.5158487,0.5372587,0.49754462,0.5610626,0.4818653,0.44931275,0.4880496,0.5494757,0.5258081,0.47434515,0.4721515,0.57383317,0.52774405,0.5189934,0.4713059,0.5633859,0.43935737,0.47587785,0.45675787,0.46765393,0.5270702
2025-12-14,0,-3.49164337886784,2.110300789636064,-1.99324771490597,0.33305687,0.49158794,0.4721515,0.5045595,0.45382595,0.5330682,0.52945817,0.4626901,0.51556486,0.48126087,0.5453401,0.45517686,0.46956953,0.44105163,0.37827983,0.4319521,0.4375671,0.46894687,0.50337744,0.50300467,0.479189,0.49843162,0.4602135,0.4696659,0.5525875,0.4308093,0.49527854,0.4759563,0.42263559,0.49461412,0.48789573,0.40181753,0.460391,0.549884,0.41290945,0.4880496,0.39606187,0.54875314,0.47434515,0.52745926,0.49731335,0.5493213,0.4883597,0.5281528,0.5499536,0.53785664,0.48976392,0.5319006,0.48424208,0.46260557
2025-12-15,1,-1.3583121355114631,1.997568712887066,1.64246601605556,0.48927698,0.5113209,0.5234372,0.50040287,0.5669362,0.47687984,0.4667324,0.49963,0.51919603,0.48126087,0.41442144,0.52999675,0.46956953,0.5228427,0.6115219,0.517805,0.61700433,0.5324557,0.4654844,0.45507526,0.49958846,0.4979069,0.5041971,0.49871686,0.50245386,0.4920068,0.45756125,0.50953794,0.6142304,0.53444695,0.40345806,0.56450987,0.48908284,0.49579856,0.40634125,0.5348418,0.5017873,0.44269192,0.5251209,0.5079327,0.5064755,0.5117769,0.5189934,0.5476086,0.55115557,0.43012097,0.4874895,0.43386528,0.5321203,0.5263918
2025-12-16,0,-2.944499571115732,2.8082867186599096,-1.8612119227458201,0.52109563,0.48264742,0.4688061,0.47540414,0.4201433,0.5321203,0.47252437,0.4688061,0.5702381,0.5135117,0.5364592,0.49858803,0.5079327,0.47060937,0.39475015,0.49626797,0.47208896,0.50916964,0.522814,0.4486019,0.4622122,0.4658347,0.4893315,0.44270837,0.4503492,0.4161885,0.5473834,0.46565098,0.57259256,0.4762263,0.537274,0.60148084,0.5492694,0.42496648,0.44430903,0.5348418,0.45984983,0.50614446,0.46074858,0.479189,0.43081865,0.6800311,0.4883597,0.45645925,0.39602777,0.43928963,0.5571807,0.49432382,0.479189,0.43509638
2025-12-17,0,-2.101168245892728,3.6816982259919593,-0.84631567748879,0.43455958,0.49368486,0.46241772,0.53697926,0.49418846,0.4721515,0.47608304,0.479189,0.47795513,0.5313694,0.54242325,0.42262945,0.5247095,0.5122856,0.6626393,0.4766288,0.46360695,0.49432534,0.50337744,0.5825294,0.46206728,0.48510295,0.55204606,0.4646796,0.5200647,0.48738417,0.39426264,0.53588265,0.4043918,0.56435245,0.46253362,0.5686664,0.44488278,0.46474716,0.5034799,0.48956224,0.5081702,0.5749902,0.5156118,0.4721515,0.4505075,0.43018502,0.5189934,0.57293516,0.58715934,0.48135984,0.50626683,0.52232486,0.49506903,0.48943657
2025-12-18,1,-0.4760929986054573,4.441205925783883,3.01834539651766,0.4105742,0.47240484,0.4688061,0.5093958,0.5378258,0.50963604,0.51734114,0.5252607,0.46822456,0.4694186,0.4620886,0.48063368,0.5247095,0.44756052,0.52409077,0.45679516,0.36911252,0.52634895,0.49240628,0.5758918,0.5317592,0.48510295,0.502688,0.5150229,0.47620937,0.5456954,0.51187694,0.52111304,0.52616894,0.4991661,0.41706905,0.5675271,0.5614118,0.5445547,0.41915065,0.4789594,0.5160952,0.5505767,0.48933196,0.5326051,0.52052003,0.46710896,0.48137653,0.55028087,0.4540619,0.4457137,0.5603218,0.5642299,0.49391833,0.5357933
2025-12-19,1,-0.387853341303892,0.4936119753888122,0.25378227881089,0.5829925,0.5214386,0.46507433,0.5285652,0.5566276,0.50426143,0.5284833,0.4735228,0.5338998,0.5049163,0.5625254,0.49401116,0.50916964,0.48471737,0.46903592,0.51576024,0.4842607,0.46894687,0.4688061,0.5685312,0.50426143,0.49843162,0.47624967,0.51355654,0.5325754,0.5713308,0.541167,0.50953794,0.555181,0.5463646,0.56527585,0.47579283,0.479282,0.52982503,0.5202635,0.5245927,0.4637515,0.5554249,0.50416213,0.46331954,0.5027265,0.46165118,0.5045526,0.4780834,0.46170157,0.5306738,0.46585634,0.44904944,0.5189673,0.4679101
2025-12-20,1,-0.8648109541143318,0.8125147867349164,0.33664070202197,0.50468916,0.47189438,0.4729418,0.47980294,0.49024844,0.46212855,0.5321307,0.5252607,0.50513315,0.50064075,0.52569205,0.4983227,0.533486,0.4851184,0.44372028,0.601083,0.4864692,0.5315798,0.53447616,0.5278809,0.48317635,0.51375395,0.5062597,0.4715837,0.63223547,0.43287462,0.44369322,0.50426143,0.5824744,0.48061004,0.42106995,0.60752785,0.4958272,0.4794504,0.42698592,0.53416985,0.4140131,0.637974,0.50416213,0.46362418,0.480627,0.5882998,0.5189934,0.5223182,0.5950519,0.56282586,0.42727357,0.5290726,0.49391833,0.58263093
2025-12-21,0,-0.859616643347769,2.152832178528961,-0.04294909267388,0.52555245,0.52648884,0.5340552,0.5075743,0.47943956,0.522814,0.53616613,0.479189,0.4714502,0.5133623,0.4519462,0.47815865,0.5247095,0.48518544,0.56921536,0.4854821,0.56979805,0.46292335,0.49958846,0.4498575,0.4805211,0.49843162,0.5818904,0.49658054,0.46337503,0.4685847,0.43407384,0.52745926,0.3862008,0.624909,0.43873924,0.4799273,0.45167056,0.53237617,0.4902001,0.48767218,0.4157562,0.60927224,0.47876674,0.46331954,0.535154,0.47205132,0.48097175,0.4413438,0.37743652,0.42381957,0.49347842,0.48021275,0.5091999,0.48766848
2025-12-22,0,-2.304472491634744,0.3595504884680305,-1.28876996356668,0.45455253,0.48938033,0.46656772,0.47747844,0.5739776,0.53305966,0.5313694,0.46587798,0.47066474,0.5334702,0.5378464,0.5140773,0.5220569,0.54194677,0.412025,0.46700454,0.48494792,0.46368584,0.48140156,0.5965973,0.5180266,0.5350183,0.46099105,0.46359834,0.44787833,0.5545232,0.43754712,0.49270037,0.40775087,0.4944518,0.3760577,0.42089114,0.42566055,0.46987632,0.42997605,0.47010848,0.45240107,0.46913192,0.5251209,0.49442983,0.46285763,0.5359053,0.5135117,0.45016274,0.4191122,0.5104646,0.4521323,0.49103293,0.48424208,0.45578262
2025-12-23,1,-1.2259650058416092,0.6424805089055559,0.20947114928907,0.42554557,0.5150797,0.49201757,0.44312313,0.56396216,0.53305966,0.47120008,0.50426143,0.493131,0.5264194,0.5299733,0.49747652,0.5274357,0.5194687,0.5832328,0.40018007,0.56663835,0.49506903,0.46368584,0.6862462,0.4805211,0.52123594,0.48403838,0.44442788,0.49454868,0.45174712,0.57331735,0.53096044,0.53081214,0.45139223,0.5360145,0.55014485,0.44823387,0.53374946,0.4244663,0.4880496,0.47677374,0.47454414,0.5251209,0.46785337,0.49481013,0.5966699,0.5189934,0.5338633,0.53907293,0.5029345,0.44543839,0.43061325,0.48424208,0.4777757
2025-12-24,0,-0.8415999877675097,1.0476420889313711,-0.5079409544226701,0.3941618,0.47067907,0.53474987,0.4811838,0.5288684,0.47381294,0.4667324,0.5252607,0.4469581,0.4694186,0.35709888,0.5831674,0.46157303,0.41564807,0.39290908,0.437889,0.35659882,0.4691648,0.46507433,0.40397793,0.50337744,0.49506903,0.44654098,0.42337298,0.44765812,0.30651957,0.40450165,0.4630063,0.34591085,0.47681704,0.41804305,0.35277998,0.44332495,0.4973427,0.42938513,0.48956224,0.3864498,0.40995383,0.46074858,0.52745926,0.51852894,0.29450506,0.47120008,0.43128958,0.42004272,0.46885824,0.45880887,0.4389736,0.52466893,0.47710115
2025-12-25,1,-0.6558441408754665,2.650123964286053,0.16528557328896,0.569747,0.52532977,0.46565098,0.4693168,0.5398806,0.52853495,0.46507433,0.46587798,0.53349054,0.5134372,0.48614517,0.5280506,0.51154727,0.43105167,0.4771184,0.57251674,0.538048,0.5228712,0.5365479,0.47731817,0.50916964,0.52745926,0.47403324,0.39802122,0.49007934,0.5346446,0.554793,0.52111304,0.41919214,0.5007737,0.46768722,0.40530965,0.5719068,0.504702,0.5504691,0.5094965,0.43083185,0.5275878,0.50416213,0.53023636,0.43812007,0.5034743,0.48097175,0.50081605,0.5223585,0.45006126,0.43663523,0.49512362,0.49940097,0.45137784
2025-12-26,1,-0.1334420752145451,0.7008041521701843,0.57912850251953,0.3547456,0.5288395,0.4693565,0.5125989,0.5666071,0.5354833,0.51734114,0.5177228,0.6012963,0.5110672,0.526539,0.47290862,0.52466893,0.4875695,0.5413759,0.62630045,0.5809474,0.5228712,0.5365479,0.5093673,0.47503316,0.49506903,0.48560023,0.6097852,0.58418834,0.46889392,0.37188283,0.46492806,0.58517176,0.45907182,0.50280976,0.5466866,0.534088,0.5009178,0.4642464,0.4704375,0.45901954,0.60293627,0.50416213,0.53668916,0.5255307,0.6650754,0.46750933,0.53431827,0.49340853,0.5300933,0.51320004,0.5160298,0.515392,0.46305388
2025-12-27,1,-0.5042563103329418,0.2406605719151754,0.08610604018155,0.58379203,0.46521258,0.49270037,0.5654819,0.55397224,0.46792546,0.5330682,0.52618974,0.5474036,0.4694186,0.63408893,0.46198046,0.52466893,0.52582586,0.6098432,0.5709176,0.5370541,0.52556205,0.53691095,0.6090936,0.47077706,0.51375395,0.5327593,0.47252065,0.6767171,0.6396161,0.5380242,0.46492806,0.7433007,0.5102429,0.562308,0.5218918,0.44896042,0.53374946,0.49587476,0.48949358,0.6146565,0.5959143,0.47434515,0.46785337,0.5357964,0.50670195,0.507789,0.563734,0.5298596,0.5849515,0.5517546,0.5603633,0.5085457,0.46796554
2025-12-28,0,-1.311778001556273,2.7512238102904933,-0.8169240631806599,0.3858009,0.50451034,0.46241772,0.47974977,0.57203263,0.46476167,0.46318242,0.5324557,0.5073328,0.47166902,0.3903085,0.4859496,0.51154727,0.5209077,0.26851782,0.37387857,0.43523645,0.46292335,0.47503316,0.3577712,0.4702879,0.52123594,0.4696759,0.43418333,0.40441316,0.4142259,0.42057994,0.5135117,0.3970009,0.50201195,0.45969272,0.43631873,0.518109,0.48628506,0.508507,0.4880496,0.45877984,0.42637077,0.49955878,0.46785337,0.41570696,0.43925223,0.48137653,0.43915308,0.5451956,0.5404976,0.4581065,0.5326619,0.49940097,0.47124794
2025-12-29,1,-0.4497522815188095,2.4490639140507304,1.42085407306048,0.5960655,0.4875702,0.5234372,0.5078984,0.52395016,0.5065109,0.47252437,0.47120008,0.4155982,0.48126087,0.49648854,0.5659442,0.47324967,0.43589345,0.45218116,0.52557003,0.42078215,0.47142795,0.48973945,0.54037297,0.5220569,0.50392884,0.5312564,0.5184735,0.4201525,0.4999364,0.44965243,0.5334702,0.5753223,0.55676574,0.5407046,0.4597639,0.44244003,0.52568185,0.5438778,0.4721515,0.44746774,0.5677729,0.5203885,0.46965325,0.5700459,0.5356609,0.46204856,0.45016274,0.52839404,0.47234878,0.45386052,0.47919318,0.535583,0.44071695
2025-12-30,0,-1.4061022687029558,0.8042455816397451,-0.9507280651887899,0.5134301,0.46644405,0.53474987,0.5489223,0.54800236,0.47381294,0.49506903,0.4626901,0.5167446,0.50064075,0.47929788,0.48478448,0.5079327,0.4581753,0.4506439,0.4460482,0.54549885,0.5228712,0.4667324,0.41085652,0.4735228,0.4979069,0.54875076,0.5245099,0.47414497,0.4259756,0.5219517,0.48609462,0.5558902,0.41679943,0.5092981,0.5172837,0.52687365,0.5046753,0.45970553,0.5201429,0.42384818,0.54828656,0.5156118,0.5283557,0.5077451,0.50057214,0.48091722,0.5084521,0.37129155,0.48908022,0.489313,0.44439426,0.48424208,0.4290672
2025-12-31,1,-0.1116332918723909,1.4399600624055764,1.3494889906895,0.52067864,0.49544388,0.5369936,0.5066842,0.5366707,0.4645832,0.51734114,0.53420156,0.5257015,0.5264194,0.4540729,0.46871844,0.5240852,0.52454644,0.678282,0.5233144,0.42600554,0.46792546,0.5356918,0.62034535,0.5079327,0.49843162,0.4805732,0.5008037,0.5150833,0.47050065,0.544172,0.53588265,0.3857267,0.5184957,0.4879675,0.514352,0.47918704,0.5013581,0.55422455,0.4880496,0.50702906,0.5265522,0.5156118,0.47226453,0.4497829,0.3610124,0.532624,0.5714312,0.597255,0.4647005,0.4323727,0.48440087,0.46396938,0.5158983
2026-01-01,1,-0.5181851096152921,2.3613555076368016,1.29293647305218,0.41481015,0.47240484,0.5369936,0.4909805,0.5317329,0.514672,0.53616613,0.47687984,0.48022002,0.5264194,0.5404456,0.4829767,0.533486,0.5146582,0.46987054,0.49369368,0.55314165,0.49506903,0.479189,0.6201816,0.46765393,0.48510295,0.5072287,0.43030462,0.48296124,0.5614764,0.51754606,0.5237453,0.68334216,0.5617352,0.45026305,0.44679555,0.49335665,0.4783527,0.48915395,0.52092445,0.53413296,0.48797214,0.47876674,0.49442983,0.46645612,0.5630353,0.5189934,0.50214386,0.5562427,0.50856286,0.46388558,0.5742109,0.5091999,0.5207981
2026-01-02,1,-0.7597195280007834,0.8255500176837788,0.7007768661281399,0.5258837,0.48094064,0.50426143,0.5069839,0.49111134,0.5354833,0.51734114,0.5177228,0.4439228,0.5133623,0.41002724,0.5073529,0.5216807,0.5146582,0.5747725,0.5680004,0.56687534,0.5225204,0.51516426,0.4432335,0.47503316,0.51375395,0.5081424,0.5300468,0.45933282,0.55909985,0.47251356,0.5185518,0.54373395,0.5134565,0.49759597,0.5014388,0.49976045,0.53036344,0.53965473,0.48956224,0.5344016,0.4976024,0.50416213,0.49442983,0.5730931,0.48343217,0.5045526,0.45019522,0.46574816,0.549639,0.48809364,0.49201098,0.4691648,0.50003165
