tanggal,target_asli,wasit_low,wasit_high,wasit_target,model_xgb_050,model_xgb_012,model_xgb_042,model_xgb_045,model_xgb_037,model_xgb_030,model_xgb_026,model_xgb_041,model_xgb_048,model_xgb_046,model_xgb_020,model_xgb_001,model_xgb_027,model_xgb_015,model_xgb_040,model_xgb_039,model_xgb_007,model_xgb_025,model_xgb_016,model_xgb_006,model_xgb_033,model_xgb_011,model_xgb_035,model_xgb_017,model_xgb_009,model_xgb_014,model_xgb_023,model_xgb_044,model_xgb_047,model_xgb_008,model_xgb_043,model_xgb_031,model_xgb_010,model_xgb_005,model_xgb_036,model_xgb_029,model_xgb_034,model_xgb_004,model_xgb_032,model_xgb_002,model_xgb_028,model_xgb_022,model_xgb_003,model_xgb_024,model_xgb_038,model_xgb_021,model_xgb_049,model_xgb_013,model_xgb_018,model_xgb_019
2025-03-09,0,-4.140387080009904,4.112109870918619,-2.68453567037924,0.4242179,0.477028,0.5041665,0.48794454,0.410265,0.44552717,0.4777907,0.4292495,0.48285094,0.48442554,0.481524,0.4683485,0.49129036,0.48843798,0.49161497,0.47620565,0.43628168,0.41191453,0.4708455,0.46930325,0.46792784,0.48754713,0.48826036,0.51158077,0.45593977,0.48915613,0.5093828,0.42174226,0.45177573,0.4587925,0.44382426,0.4900943,0.45746145,0.4971681,0.5014085,0.47097626,0.4882012,0.4573208,0.48948237,0.4889461,0.48161986,0.4884975,0.47097155,0.48944867,0.43830413,0.47812575,0.51081216,0.45083278,0.49738708,0.47278035
2025-03-10,1,-2.5643623631515733,6.193260611284761,5.37139060247328,0.5377103,0.51864827,0.50805044,0.50241965,0.5256062,0.5363807,0.50375646,0.5556744,0.49772203,0.5066119,0.5089622,0.51986027,0.51009905,0.50709856,0.49343953,0.5348114,0.486265,0.50019205,0.52253217,0.5097715,0.5127756,0.525232,0.50963753,0.5002969,0.52926606,0.5028174,0.53162026,0.5430602,0.51719385,0.5433299,0.5247439,0.51357716,0.5145965,0.5067122,0.50490314,0.5236985,0.5039132,0.5360573,0.4927763,0.49983102,0.50301594,0.5094927,0.5207582,0.49239954,0.4924193,0.49941775,0.51147014,0.52801365,0.51915014,0.5009388
2025-03-11,1,-2.843937415698369,1.919008851208709,0.8968502033038599,0.49538139,0.5316291,0.49385273,0.49841657,0.50038594,0.54318357,0.5313476,0.5025151,0.50415915,0.5208453,0.5209454,0.4882648,0.49936667,0.54026467,0.51177055,0.48134625,0.4985737,0.4865028,0.5302754,0.49668893,0.4842879,0.48912197,0.5068393,0.49030417,0.49641734,0.49024856,0.49113744,0.518975,0.4816474,0.50758374,0.50241566,0.5106083,0.5214787,0.50997585,0.496324,0.53695667,0.50578165,0.51064515,0.5003184,0.5042863,0.48838213,0.504109,0.5007486,0.49162436,0.4736156,0.50236356,0.5031997,0.5044227,0.5015802,0.47787705
2025-03-12,0,-4.572633200580999,0.7811298674943793,-3.11239175565561,0.52484775,0.46585986,0.49384865,0.51137865,0.48162395,0.50639457,0.5351557,0.50541216,0.5035531,0.54251945,0.5129167,0.51704586,0.49150878,0.48919454,0.5048382,0.48188734,0.5210778,0.56158817,0.49342036,0.51258546,0.48517647,0.515328,0.5012777,0.50835013,0.56413865,0.49841657,0.49963763,0.44333223,0.52729464,0.54591197,0.5069381,0.506167,0.49771523,0.49636897,0.4952051,0.54364204,0.4959172,0.49784684,0.49133185,0.5111366,0.49970466,0.49931934,0.5297078,0.5062295,0.5194025,0.5037734,0.5067101,0.47874138,0.50109196,0.5013257
2025-03-13,1,-0.3667410129070976,5.041076475436591,3.47392620472014,0.5194961,0.50694734,0.4897489,0.496319,0.5053086,0.48415652,0.50724435,0.49447197,0.50415915,0.5009378,0.50665593,0.5381233,0.50368184,0.47862098,0.49814674,0.49935055,0.49827754,0.47734827,0.49053007,0.5131165,0.50487304,0.5211837,0.4969563,0.5102143,0.47351715,0.4955161,0.49431357,0.5080592,0.47657016,0.51897776,0.5093005,0.49827275,0.51077366,0.5086335,0.5010316,0.4970115,0.49076977,0.51058656,0.50216395,0.5001526,0.5043425,0.49395752,0.51159555,0.49274442,0.49390355,0.49553788,0.5031997,0.43585426,0.5049209,0.5109753
2025-03-14,1,-0.4357970921293623,0.8218736371313496,0.4220972745167,0.50289017,0.5005416,0.49384865,0.496319,0.49975568,0.46981758,0.50643283,0.5040519,0.5132991,0.5187623,0.51431084,0.4869195,0.48806107,0.546583,0.51000816,0.46883962,0.51093227,0.49613026,0.487671,0.4965632,0.4958458,0.4691589,0.5032523,0.52095973,0.5147967,0.5085301,0.4787832,0.50414294,0.4972552,0.46125653,0.46079937,0.4809295,0.489541,0.513899,0.4922084,0.49289727,0.49845076,0.46831626,0.50216395,0.51084375,0.49970466,0.50916207,0.4998757,0.503776,0.5092384,0.50675434,0.5009954,0.49317786,0.50630766,0.5080225
2025-03-15,0,-2.834877473419619,0.9189498966785624,-2.11364721204962,0.56558865,0.49209085,0.5057631,0.49665993,0.5355476,0.53253627,0.5154767,0.54445106,0.49284318,0.5330265,0.5114317,0.5263016,0.5019186,0.5555263,0.5063351,0.51457417,0.53785634,0.49082536,0.51678646,0.4950798,0.49794224,0.53661895,0.50828326,0.52231157,0.5330009,0.50780445,0.5318744,0.48826993,0.5282636,0.54905194,0.53407705,0.48216248,0.5320323,0.51176786,0.5039096,0.5006895,0.50883883,0.51641434,0.5041001,0.49854547,0.5059664,0.50749457,0.5113195,0.49328035,0.5574362,0.51496065,0.49133185,0.5130536,0.49512303,0.52218926
2025-03-16,1,-0.1436461730825812,2.608505351854652,1.72349170117196,0.50237995,0.45569685,0.48913714,0.48916543,0.44594377,0.45312622,0.51731503,0.5150122,0.48848692,0.52449787,0.48381317,0.4961454,0.5150055,0.45134413,0.50436306,0.5343674,0.43840098,0.42624348,0.48746502,0.48598593,0.46916723,0.5216725,0.50797886,0.46266946,0.42333853,0.4897355,0.5213624,0.47912955,0.47995076,0.43077928,0.45474598,0.49875996,0.49775162,0.49483055,0.508541,0.4736463,0.49841657,0.4733626,0.48948237,0.50916207,0.47967345,0.48965392,0.50847095,0.5119025,0.50138074,0.49758226,0.4891983,0.4558165,0.49993086,0.4964049
2025-03-17,0,-3.482595304093741,0.0139378404678702,-1.55348697269551,0.49702516,0.4936817,0.50581586,0.496319,0.5652328,0.490082,0.5006128,0.5138863,0.5169974,0.5137547,0.5157591,0.5033429,0.5022871,0.48873943,0.49865052,0.5153145,0.49053216,0.5451995,0.5147755,0.4832487,0.5441104,0.5458033,0.49250737,0.5045592,0.49079424,0.5091701,0.47209454,0.53188676,0.4985909,0.5032161,0.48905694,0.49681064,0.5262726,0.49803022,0.5012209,0.48321268,0.49085122,0.49467456,0.5003184,0.49196112,0.50234145,0.49931934,0.51080394,0.5151735,0.5153031,0.51277703,0.5067101,0.55257285,0.5046919,0.50912595
2025-03-18,1,-0.2031560367638926,5.050679190450183,4.87344175789443,0.5172941,0.5214813,0.5012777,0.49665993,0.47769582,0.48766044,0.49999642,0.4995936,0.50634086,0.5066754,0.49067873,0.5098468,0.50540584,0.4613738,0.5012777,0.51291275,0.48443532,0.49053124,0.51963854,0.47916165,0.51277244,0.49006006,0.5003229,0.48495388,0.43309543,0.5028174,0.49227187,0.5054902,0.49698865,0.50456315,0.543681,0.5100996,0.48507255,0.50376385,0.5048766,0.5164421,0.50708306,0.49752325,0.49124467,0.49715078,0.48688072,0.50106645,0.49823764,0.49594516,0.53802156,0.5024107,0.5031997,0.49089408,0.49110454,0.49964434
2025-03-19,0,-3.7431796435814473,0.6973423093194858,-3.06630706836421,0.47091043,0.47697192,0.5076645,0.50708306,0.4542392,0.44964424,0.4897975,0.5564854,0.50022405,0.48158324,0.48052534,0.46207777,0.51198566,0.46314463,0.4921985,0.46637422,0.47996622,0.47938004,0.4920779,0.5060588,0.4892822,0.47554037,0.48826036,0.47081506,0.4558048,0.48915613,0.4934963,0.4753275,0.5070694,0.4478894,0.45329237,0.50826555,0.49022445,0.48188734,0.508541,0.5015643,0.49349862,0.48403606,0.49841657,0.504145,0.501647,0.50197065,0.48256367,0.5073939,0.46576017,0.4972814,0.5031997,0.46624306,0.504201,0.47955313
2025-03-20,0,-1.2522846034510258,0.7416207243552169,-0.15994092488549,0.50280863,0.5044685,0.4917258,0.496319,0.52667844,0.5250763,0.50640273,0.4996968,0.48323044,0.5085691,0.48316932,0.5082704,0.4984796,0.56531864,0.5103092,0.47069693,0.50568086,0.49556354,0.49817058,0.49443892,0.49807197,0.53095293,0.49313968,0.48598868,0.5012639,0.49138567,0.46860307,0.5028442,0.5250826,0.48926425,0.49148852,0.51571566,0.5280862,0.5085192,0.5010316,0.51529574,0.49293256,0.5364152,0.49080366,0.49196112,0.5176274,0.49395752,0.49116212,0.48952666,0.47749895,0.49754083,0.49558285,0.47170094,0.51122266,0.5167518
2025-03-21,0,-0.5529550134202956,0.5341712856209334,-0.29560066348178,0.5480763,0.49728835,0.5099169,0.51137865,0.5614861,0.48443422,0.53188723,0.5900936,0.50561386,0.49408373,0.50620145,0.54584974,0.48806107,0.5329316,0.5012777,0.5199436,0.531218,0.51874983,0.47984087,0.47883004,0.49270383,0.5195885,0.4969563,0.4968908,0.5882939,0.50579995,0.51432616,0.5229221,0.52384037,0.5246196,0.5597278,0.49479175,0.52530104,0.4944343,0.4921985,0.51484907,0.49034777,0.48850858,0.5100975,0.5088794,0.5027164,0.5063351,0.51451004,0.49119464,0.5153694,0.50051165,0.5050308,0.48426384,0.51728123,0.5210028
2025-03-22,1,-0.0367908592942444,2.693634530231824,2.6388880980959604,0.46740013,0.5198566,0.48996073,0.4897355,0.5427127,0.4902021,0.4720551,0.47683102,0.5057933,0.50692415,0.47943833,0.476982,0.47911286,0.5031734,0.4894047,0.50607777,0.50526726,0.4667427,0.4996451,0.49799606,0.50211036,0.48116612,0.4927763,0.49877125,0.50461143,0.508541,0.5301453,0.51546043,0.43714535,0.4656144,0.47583124,0.5037556,0.5201133,0.4899348,0.4917258,0.5065627,0.50241965,0.48574814,0.4976688,0.49841657,0.52090335,0.5110024,0.49718118,0.52165926,0.51732236,0.50425464,0.5070541,0.4607651,0.4822358,0.49895802
2025-03-23,1,-0.6566512868276064,3.0691133656032243,1.6311625828365601,0.4766586,0.47505572,0.49385273,0.49665993,0.48693827,0.46692675,0.49621993,0.5086174,0.49639165,0.478879,0.4885627,0.4863344,0.50856256,0.48301235,0.49814674,0.5059385,0.49926117,0.47099048,0.4901246,0.49841598,0.4897286,0.49650684,0.49464178,0.4904666,0.4963522,0.5085301,0.506532,0.487304,0.4594405,0.4824571,0.45610815,0.49629292,0.48146123,0.48116547,0.5048766,0.51921225,0.5039132,0.4784346,0.5068393,0.49128577,0.50540084,0.49841657,0.52997637,0.49389908,0.46276635,0.50119823,0.4891983,0.47279292,0.4989761,0.5257172
2025-03-24,0,-1.3672298339470494,1.1832483822035675,-0.12040641846587,0.5505196,0.49721217,0.50581586,0.504145,0.5364704,0.52667063,0.50675285,0.49304834,0.49357912,0.5569476,0.4879921,0.4963896,0.51395667,0.5134706,0.4921985,0.51677465,0.49900872,0.5421446,0.52497524,0.51625025,0.5291549,0.4956997,0.4969563,0.5253331,0.4927531,0.4984957,0.5135036,0.5211391,0.5276229,0.51758754,0.4973669,0.5209227,0.5066161,0.5071871,0.5012209,0.5323182,0.5014085,0.5368515,0.51086944,0.5001526,0.51824915,0.49931934,0.50446606,0.49852023,0.5223629,0.51505595,0.5012777,0.54289836,0.48384687,0.5378933
2025-03-25,0,-1.7695637589963404,1.0043241428072158,-0.55501500919203,0.4923953,0.52813584,0.5057631,0.50484025,0.5086405,0.5185481,0.5006799,0.4823066,0.51011336,0.54016477,0.5091832,0.53318024,0.49958086,0.5205689,0.49332333,0.5221382,0.5076927,0.535006,0.4884571,0.4944399,0.49555346,0.49161744,0.5003229,0.49586073,0.51254547,0.50780445,0.5029103,0.5026034,0.531365,0.5118063,0.52397066,0.4860617,0.5206599,0.50215596,0.496324,0.5128538,0.49973157,0.5242104,0.5063155,0.49854547,0.50301594,0.50106645,0.49922448,0.5078672,0.48533556,0.49047583,0.49215916,0.50675327,0.49340445,0.50866896
2025-03-26,1,-1.2844543800540995,0.9701129913053278,0.37078004164337,0.46907946,0.45352465,0.49726477,0.50964373,0.43940026,0.4357854,0.5016447,0.44131124,0.47965556,0.45818758,0.48311093,0.4788917,0.48783144,0.43851727,0.49332333,0.47930554,0.46637252,0.42781946,0.4621684,0.48117915,0.5035184,0.50653654,0.5094927,0.49085513,0.44934794,0.50942254,0.48084134,0.49366444,0.46494323,0.47768798,0.41008648,0.4832909,0.47866687,0.49723634,0.50164956,0.5130494,0.49071282,0.49933326,0.5043384,0.49554116,0.52242893,0.50708306,0.48800758,0.50947654,0.491885,0.5007271,0.5031997,0.47846743,0.48077884,0.48612398
2025-03-27,0,-4.270727255629724,0.3246512333030863,-3.27151282624945,0.45634177,0.50340915,0.48948625,0.496319,0.4311143,0.4033829,0.49643666,0.49612486,0.5158403,0.45753962,0.4994941,0.50668204,0.491648,0.45726565,0.49230456,0.50074875,0.52316546,0.48199478,0.46961978,0.47882217,0.4787444,0.5366212,0.48925963,0.46538746,0.54562724,0.5012777,0.4686567,0.48238224,0.48105013,0.46592465,0.4698751,0.50199956,0.47399616,0.49067315,0.48864272,0.47329262,0.5023889,0.46533328,0.50216395,0.508142,0.49246722,0.4930157,0.50646096,0.50415176,0.47417885,0.4927498,0.4879802,0.48822764,0.49932334,0.46011794
2025-03-28,0,-3.3477969044850378,0.2370318232423681,-2.12590631891735,0.5223333,0.53530896,0.5057631,0.5099678,0.5737632,0.4862376,0.51007175,0.5578451,0.51162475,0.5328911,0.5232946,0.4968535,0.51009905,0.53413445,0.5109754,0.52811044,0.5012365,0.48655352,0.50429016,0.5046801,0.49618253,0.52104825,0.5043004,0.52070886,0.5643841,0.49024856,0.5217232,0.5149276,0.5291702,0.57402897,0.53297645,0.51418024,0.4890193,0.5056628,0.50490314,0.49212793,0.49973157,0.51562095,0.51086944,0.49128577,0.51325536,0.50106645,0.52881545,0.51868236,0.5138922,0.4979219,0.49085122,0.5396856,0.51294786,0.48311967
2025-03-29,0,-1.3196910870957206,1.066423687039372,-0.31332103056849003,0.5244089,0.4957519,0.5057631,0.5099678,0.49777925,0.5168517,0.50830555,0.47754768,0.5090918,0.5194819,0.5112575,0.5349879,0.49997985,0.5299441,0.4921985,0.50230616,0.49561664,0.5180969,0.4988766,0.4887491,0.52814007,0.5034347,0.5043004,0.49451545,0.5408746,0.5064811,0.50449234,0.52046084,0.47022948,0.51523983,0.5236679,0.51078933,0.5338388,0.49935097,0.50490314,0.5105264,0.5039132,0.49979123,0.49637204,0.49293256,0.4930511,0.49351773,0.49947983,0.49967667,0.50531185,0.5097462,0.5012777,0.5097931,0.49887374,0.55099267
2025-03-30,1,-1.358217395056342,1.8675001154603303,0.19403425512951,0.47787684,0.49337393,0.49686763,0.5012777,0.45349866,0.45334703,0.47491845,0.4739139,0.48170054,0.50196964,0.47722024,0.5002636,0.50451976,0.5227879,0.5063155,0.53703,0.4947594,0.48169896,0.507408,0.48231563,0.46694562,0.51297367,0.5105519,0.5045989,0.54082346,0.5023734,0.5013373,0.54308605,0.49234572,0.49269453,0.54594207,0.48182628,0.49356186,0.48187625,0.49983102,0.48014244,0.4959172,0.46717972,0.48948237,0.48996073,0.49632,0.49841657,0.50011164,0.49214283,0.51453614,0.50887114,0.5067101,0.46085298,0.49712402,0.5294531
2025-03-31,1,-0.1421603407020241,3.6041009578442766,3.1108055610873,0.49337915,0.46905732,0.49726477,0.5033589,0.43289277,0.4592599,0.46802256,0.47412065,0.48995054,0.50938064,0.49616653,0.5076536,0.5077132,0.5042685,0.5100131,0.53929025,0.4997187,0.51365113,0.5078575,0.510502,0.481279,0.52924913,0.5076489,0.50007933,0.51896906,0.4933534,0.5200594,0.54985595,0.5177382,0.48709863,0.5294644,0.51683015,0.43475473,0.51382405,0.5041665,0.514843,0.4962584,0.47771996,0.5041001,0.496324,0.5116134,0.5110024,0.49283084,0.4903863,0.501755,0.4985054,0.5067101,0.5134715,0.49934128,0.4829965
2025-04-01,0,-3.3898255589912307,3.849020489817744,-3.1516618721199605,0.5154804,0.4853763,0.4897489,0.5106576,0.4738623,0.5158821,0.5016369,0.54433256,0.49145645,0.52747726,0.49708277,0.50530356,0.510734,0.53434825,0.5063351,0.4789372,0.53702015,0.52546036,0.50093865,0.49513355,0.507867,0.49889678,0.49133185,0.4926422,0.5153429,0.48947495,0.52893525,0.4796881,0.5475819,0.5324501,0.49388844,0.50673693,0.52294916,0.5065314,0.50665057,0.50746185,0.5114995,0.4717305,0.49124467,0.5012777,0.5083103,0.4911959,0.4991261,0.5185112,0.5670758,0.48736477,0.5116145,0.5039641,0.5010809,0.507477
2025-04-02,1,-1.5942067161223012,1.7797498742424909,0.8408938788086601,0.47185957,0.48319092,0.5099169,0.496319,0.5200991,0.49793538,0.48966467,0.4658115,0.5003844,0.4834023,0.50809735,0.48394394,0.50947326,0.5506062,0.49824533,0.486779,0.5323243,0.5166802,0.48696348,0.49913472,0.49600154,0.49946955,0.49313968,0.5086729,0.50902236,0.5009954,0.5022375,0.48712546,0.4918959,0.482742,0.5101926,0.48812097,0.5322797,0.5013654,0.5079649,0.47823015,0.5070541,0.48742655,0.4941172,0.5050308,0.49894068,0.49931934,0.48952556,0.48291388,0.47589517,0.48959345,0.5068393,0.5184704,0.49214503,0.49849203
2025-04-03,1,-1.8852627263769568,1.7947034110557776,0.8100200026059999,0.49365264,0.4942565,0.5012777,0.496319,0.44826874,0.5292893,0.5068496,0.4683379,0.48413733,0.51821995,0.5027424,0.5167523,0.51108515,0.49619928,0.49046528,0.4741208,0.4769244,0.4949579,0.4899557,0.5001887,0.49853244,0.49726254,0.49313968,0.47496265,0.55115026,0.50738585,0.5201669,0.45434204,0.48505944,0.4950798,0.52905864,0.48812097,0.5038539,0.5067074,0.5012209,0.48725408,0.5067097,0.458227,0.50216395,0.49854547,0.5020752,0.49395752,0.51566625,0.5012385,0.54867923,0.50778794,0.49693942,0.49682358,0.49214503,0.524782
2025-04-04,0,-1.8162785144335825,0.4473594972238882,-0.42033687594590996,0.53629625,0.51894104,0.50247884,0.50391716,0.5918434,0.5942543,0.5217216,0.547319,0.49151224,0.5101445,0.5244909,0.5375141,0.51092833,0.53990716,0.5048998,0.54537505,0.5302807,0.5935741,0.5156386,0.51433134,0.52692884,0.51675326,0.50828326,0.5246392,0.5236711,0.5119395,0.5094848,0.54493856,0.56737226,0.522757,0.54894555,0.5094131,0.52917826,0.50448245,0.5039096,0.5082324,0.49973157,0.5465627,0.49124467,0.49196112,0.5031103,0.5076861,0.5288412,0.52198416,0.5207328,0.51372707,0.50971407,0.5088944,0.49749345,0.5279525
2025-04-05,0,-7.950027732070176,0.3341868773257901,-6.30949912246192,0.5085181,0.49057823,0.48848465,0.5009954,0.47049037,0.45518756,0.4782215,0.48950756,0.5099331,0.49152538,0.48794898,0.48957723,0.484918,0.54418266,0.5076645,0.563891,0.51771194,0.5072154,0.48305658,0.48702696,0.5025719,0.5024761,0.48961407,0.47584635,0.5065684,0.50827044,0.50035006,0.4484556,0.5072844,0.52129036,0.4769646,0.5038854,0.49707258,0.50234324,0.50164956,0.49809977,0.48913714,0.4630761,0.5053635,0.5001526,0.50121474,0.5076861,0.5023701,0.5002067,0.51625645,0.4998216,0.49052963,0.5058824,0.4980517,0.51047844
2025-04-06,1,-5.130000505381908,3.5245295478776453,0.93055424346964,0.4202717,0.5028982,0.49981195,0.496319,0.4143493,0.47843993,0.48604378,0.45370823,0.51723486,0.4574639,0.4992371,0.47597855,0.4885831,0.46771955,0.5109754,0.5198236,0.48092404,0.482159,0.4758307,0.48264858,0.52262735,0.48429862,0.49313968,0.4932478,0.4514127,0.49554116,0.5009228,0.4853238,0.4611374,0.50156087,0.4864999,0.5060941,0.4653389,0.513899,0.4952051,0.49871892,0.49204692,0.47387916,0.48948237,0.49128577,0.4818947,0.50964373,0.49058303,0.5074871,0.49472356,0.5007114,0.4879802,0.50517887,0.48294756,0.49521253
2025-04-07,0,-3.7627101961614304,2.130602243449393,-3.6545314426559403,0.53104544,0.5260234,0.5057631,0.49071282,0.50940275,0.53911436,0.51777947,0.51189476,0.5091006,0.5407439,0.50361913,0.5082683,0.5060276,0.50532687,0.5048382,0.5249064,0.50889844,0.4738668,0.51717013,0.50769025,0.5110409,0.53737515,0.491668,0.49445564,0.5360161,0.50780445,0.5346947,0.5328145,0.5241335,0.5639497,0.53416383,0.51591307,0.55015254,0.5067122,0.50490314,0.49062935,0.50883883,0.5421191,0.49567533,0.49854547,0.50301594,0.5094927,0.504181,0.496589,0.5136737,0.5146146,0.49726477,0.5237653,0.51205665,0.51602197
2025-04-08,1,-2.2558167439700205,9.093323388513962,7.92271898213657,0.44618782,0.47487813,0.5057631,0.50197065,0.4227352,0.45338386,0.48324248,0.4451619,0.5005218,0.45841408,0.46103624,0.47655073,0.4864562,0.47132382,0.49814674,0.47352666,0.47795668,0.48498702,0.4863881,0.47857618,0.4867686,0.4708853,0.4917258,0.46936145,0.49592352,0.5048126,0.47634256,0.50764424,0.48411673,0.4617592,0.4459402,0.48933297,0.45503804,0.4870752,0.496324,0.4696342,0.49816427,0.44546744,0.49124467,0.49128577,0.49489588,0.48913714,0.51304686,0.4955689,0.46272683,0.4945635,0.49215916,0.4732925,0.48048607,0.48570803
2025-04-09,0,-5.154941609955741,0.1668879991507879,-3.7088127865998097,0.4777106,0.50662154,0.50708306,0.51137865,0.47737092,0.46867758,0.48886076,0.5128532,0.50912726,0.4886046,0.4959789,0.5075285,0.49772662,0.5588056,0.49824533,0.47009304,0.5117111,0.5052592,0.5098637,0.48899925,0.5362396,0.50555927,0.4969563,0.4819771,0.49225345,0.5068393,0.4994318,0.46749148,0.5024426,0.45053995,0.51488245,0.50755996,0.5088208,0.52048033,0.51111597,0.5024608,0.5114995,0.50271124,0.5053635,0.51084375,0.5140464,0.511649,0.5400053,0.49110535,0.51363003,0.50390565,0.49726477,0.4738879,0.5094888,0.50243205
2025-04-10,1,-0.8043082168103489,5.7276067819730105,4.68283226478621,0.5627595,0.543631,0.5057631,0.5103052,0.5373491,0.5668388,0.52806807,0.5341223,0.50230896,0.52737004,0.5229435,0.5554076,0.49936667,0.55550516,0.49046528,0.53446853,0.5226989,0.5294191,0.5233425,0.50211847,0.52158743,0.5367845,0.50828326,0.5284039,0.55985457,0.5012777,0.5232871,0.5513491,0.54090405,0.50382113,0.54551786,0.5108316,0.5498662,0.51787764,0.49874228,0.54074144,0.50578165,0.54149175,0.50216395,0.5001526,0.51251215,0.50106645,0.49913776,0.5096387,0.543382,0.51115686,0.5031997,0.5143339,0.51652986,0.4987993
2025-04-11,1,-0.7591206997299069,2.930791467798869,2.1969489076607,0.5155415,0.47025332,0.50412345,0.496319,0.45745105,0.4707834,0.529776,0.5327171,0.49260944,0.5120996,0.51403046,0.48586696,0.49583805,0.48679668,0.504145,0.5123627,0.51697683,0.4666561,0.50453657,0.49262038,0.50058204,0.49874005,0.5032523,0.49678817,0.44958776,0.50738585,0.529731,0.470459,0.52390516,0.47306916,0.50538075,0.49632505,0.48415577,0.5071871,0.50581586,0.4952955,0.5063229,0.5380086,0.4941172,0.5042863,0.51781553,0.49989966,0.49740312,0.4910845,0.47218525,0.5097492,0.5070541,0.52709156,0.517375,0.4960129
2025-04-12,0,-2.665067649487772,0.960580252113634,-1.7948042350267202,0.4984396,0.45963082,0.49841657,0.489263,0.554066,0.5171491,0.5139265,0.51979303,0.5016303,0.46651927,0.52028996,0.47885585,0.4920538,0.47866327,0.49034777,0.48928332,0.49728364,0.5220074,0.5262364,0.49869907,0.48150706,0.50065887,0.5041665,0.48370492,0.4991225,0.5063351,0.5223806,0.51299024,0.5127191,0.52121127,0.52242464,0.5055309,0.50722986,0.48793137,0.50164956,0.4660169,0.4927763,0.49558285,0.5043384,0.5042863,0.50889146,0.49920377,0.50883967,0.50036883,0.5106482,0.49673462,0.49052963,0.53162414,0.5026004,0.49658436
2025-04-13,1,-0.0979467104905627,2.4063323381511816,0.98791679099759,0.50169927,0.45163757,0.49558285,0.50964373,0.45387125,0.45123217,0.49497005,0.47018436,0.5004151,0.48043832,0.52053815,0.49297532,0.4860493,0.50026655,0.49143046,0.51325214,0.52485096,0.44305217,0.49031115,0.49262038,0.46829605,0.5052224,0.4969563,0.49382883,0.494796,0.4921985,0.49518347,0.50144714,0.54025865,0.49420384,0.52868205,0.5001276,0.46315905,0.4854813,0.4909728,0.5024143,0.5109261,0.489153,0.48948237,0.49854547,0.48199487,0.4911959,0.5168168,0.49466556,0.53007275,0.49646792,0.49693942,0.4489286,0.49709752,0.4917875
2025-04-14,0,-1.1791214381601371,2.2268291325862104,-1.12651566020126,0.48532793,0.5218322,0.508541,0.49334857,0.5048566,0.5231754,0.48072115,0.4418868,0.50140536,0.48455167,0.50728095,0.5061135,0.5006622,0.47277242,0.51000816,0.5018642,0.46830726,0.5318698,0.49527773,0.5078339,0.5242091,0.48236656,0.4927763,0.4980224,0.5434116,0.48915613,0.4972077,0.4759483,0.49387854,0.46378598,0.49120337,0.4883163,0.4493517,0.49776244,0.48816478,0.50594217,0.4882012,0.5221991,0.49023208,0.50708306,0.48505703,0.4976688,0.51596427,0.48887715,0.46568316,0.48543808,0.50971407,0.4650287,0.48042673,0.4845299
2025-04-15,1,-0.6384813615870928,2.194679807246987,0.46088222541115004,0.48865554,0.48734233,0.5106879,0.496319,0.5022473,0.5116428,0.4921507,0.5062629,0.494436,0.50553304,0.49397066,0.50179005,0.49890408,0.49403328,0.5063351,0.5319897,0.52251077,0.49473873,0.5033103,0.49916145,0.5109456,0.505557,0.48925963,0.51261485,0.53698957,0.4940158,0.5118906,0.49750897,0.4848588,0.51152307,0.5006682,0.5145004,0.5074974,0.486779,0.4976688,0.48063213,0.4885078,0.49060065,0.5041001,0.5042863,0.48628646,0.5073628,0.5115564,0.4843741,0.5080504,0.4995811,0.5031997,0.5320203,0.49846312,0.50035185
2025-04-16,1,-0.3506302579937875,1.6987154053680529,1.08598449834582,0.4924262,0.4562151,0.5076645,0.49841657,0.49118036,0.44637313,0.46545857,0.43378416,0.50175375,0.45666534,0.48908696,0.47034737,0.49578166,0.467903,0.50079954,0.4940462,0.48663768,0.4610572,0.4917198,0.5049604,0.48377517,0.44479397,0.50708306,0.47414654,0.42834064,0.50241965,0.47242048,0.43967953,0.44007513,0.43255204,0.44263837,0.48715556,0.4668673,0.485386,0.49133185,0.49168015,0.49349862,0.45734084,0.49023208,0.504145,0.4961069,0.50197065,0.48940423,0.48766226,0.44839472,0.49882847,0.5031997,0.4425279,0.49477124,0.49165386
2025-04-17,0,-0.7609406114331607,0.2165687709446548,-0.5586282238964899,0.5362433,0.52762556,0.5057631,0.49472064,0.51807135,0.5279096,0.49995244,0.53043026,0.5081779,0.4839011,0.52422404,0.5279451,0.51009905,0.5402783,0.49349862,0.5057606,0.51579195,0.5570545,0.52869576,0.50226265,0.5175841,0.5401838,0.50828326,0.498331,0.5215882,0.5028174,0.48705015,0.5293201,0.4824541,0.51525885,0.52413577,0.5177519,0.53678334,0.49705344,0.50490314,0.5139753,0.5039132,0.5341377,0.5076489,0.508142,0.49869308,0.50749457,0.49866676,0.49100062,0.49732846,0.5097462,0.49901894,0.5638182,0.51652986,0.5240878
2025-04-18,1,-0.1305858530974761,1.4144003611714648,0.7104883451191,0.48672166,0.48443195,0.49349862,0.49558285,0.53551614,0.48725525,0.5096387,0.5526695,0.50415915,0.51692307,0.50024575,0.53740776,0.49583805,0.5248898,0.5048382,0.53356826,0.49004433,0.4755449,0.520005,0.48762462,0.5037179,0.52844167,0.49313968,0.5036505,0.46407995,0.49293256,0.49160153,0.4868825,0.45194465,0.48212492,0.49860284,0.48347703,0.5011309,0.52033716,0.49558285,0.4850538,0.5114995,0.5022856,0.49105442,0.50197065,0.48175305,0.4911959,0.51854485,0.51023155,0.5216414,0.5128723,0.49901894,0.48791096,0.4955798,0.5256577
2025-04-19,1,-1.334118050193736,0.2860954885255335,0.12008958529972,0.5192259,0.4726006,0.5067097,0.51137865,0.5251018,0.5382871,0.4860771,0.50903517,0.5134157,0.5147095,0.5003882,0.5081513,0.48202035,0.44676414,0.49343953,0.50431544,0.4714626,0.5065252,0.49737355,0.50700015,0.512472,0.5103079,0.50079954,0.46454495,0.5101564,0.5050308,0.4674229,0.56542695,0.49413547,0.5184494,0.5417124,0.49939135,0.47436512,0.48152426,0.4922084,0.50580287,0.5076645,0.52806515,0.49981195,0.5088794,0.5176708,0.49931934,0.52449584,0.5204019,0.48614916,0.51987845,0.49841657,0.5294946,0.4943728,0.50382227
2025-04-20,1,-0.0404875419447849,3.78604421957555,2.70665197044683,0.5007199,0.47326848,0.5098941,0.50964373,0.4638553,0.48738113,0.50285506,0.48538798,0.48399433,0.54134583,0.48785192,0.48951507,0.51109713,0.4857145,0.50436306,0.5132395,0.50289273,0.45483375,0.50595427,0.518312,0.4959111,0.5032133,0.49133185,0.4768795,0.46626028,0.48883134,0.4854422,0.4847335,0.5020378,0.5159351,0.5165495,0.507428,0.49040127,0.49561992,0.4915181,0.50477654,0.49726477,0.48543286,0.48948237,0.5046996,0.48684156,0.5094927,0.49772835,0.47959602,0.46233916,0.50357217,0.49133185,0.49471363,0.49087757,0.4828147
2025-04-21,1,-0.5042616812255323,7.027832064301036,6.552725583428471,0.53402436,0.51757324,0.5099169,0.496319,0.47250947,0.50314707,0.4833027,0.53033614,0.5108211,0.48955426,0.5023338,0.5108045,0.50451976,0.48348305,0.498706,0.47582918,0.50592464,0.46941334,0.48115355,0.49386254,0.52046716,0.49079654,0.5098007,0.49324757,0.5040358,0.50738585,0.511587,0.55037004,0.50124395,0.5165673,0.4790616,0.49925527,0.4644642,0.49840295,0.4922084,0.51280034,0.4962584,0.4725235,0.49638307,0.5055816,0.51416373,0.49931934,0.510198,0.50422794,0.4780056,0.4898891,0.49761343,0.48444125,0.5046863,0.51041716
2025-04-22,1,-1.6265252443335672,1.3320770945068878,0.26514695623879003,0.55970925,0.46251333,0.48878875,0.5106576,0.50339305,0.49789602,0.49423027,0.53678626,0.49646658,0.53086966,0.46353573,0.5132042,0.519061,0.49338636,0.5048998,0.4883972,0.5352746,0.50982994,0.5188309,0.5231729,0.51078427,0.52510643,0.5041665,0.5307317,0.5471588,0.48959872,0.50750804,0.55029434,0.5419567,0.47362027,0.4880037,0.5193637,0.52209646,0.5034802,0.51111597,0.4952727,0.50241965,0.4990427,0.5053635,0.49854547,0.5028939,0.511649,0.51865613,0.4945326,0.5057968,0.50641423,0.5088794,0.5177874,0.50085485,0.505126
2025-04-23,1,-2.1916799094363224,0.3344985070569753,0.30840074520417,0.44470772,0.47572795,0.49384865,0.496319,0.47312635,0.51421016,0.49691907,0.49428087,0.5005218,0.49321994,0.51545054,0.49022153,0.47872716,0.49331787,0.49814674,0.494091,0.48537153,0.46645442,0.49787545,0.50931334,0.5090204,0.49126908,0.49313968,0.5023546,0.46742192,0.4933534,0.50917697,0.4830183,0.4575499,0.48645195,0.45927513,0.48265257,0.47822794,0.49637023,0.50827044,0.4862915,0.50762916,0.47997937,0.50216395,0.5088794,0.49377736,0.4911959,0.51957065,0.5125562,0.51571655,0.4934516,0.5031997,0.45351908,0.48982924,0.4794783
2025-04-24,1,-1.2037519434524349,1.8737598477770736,0.69792772557713,0.51009023,0.51229185,0.50805044,0.49472064,0.52865905,0.5463777,0.5205769,0.49943945,0.49079934,0.5036709,0.508479,0.51681674,0.49958086,0.49046046,0.5108399,0.506601,0.51217574,0.5259405,0.5062552,0.51584864,0.53665465,0.5240874,0.5003229,0.5390101,0.5587707,0.4986364,0.5288794,0.5341277,0.5007001,0.525085,0.49650154,0.5028975,0.5427727,0.5123755,0.5039096,0.5076136,0.5039132,0.53194493,0.5053635,0.5001526,0.50297815,0.50189584,0.50698924,0.48873624,0.49933404,0.50221854,0.51081216,0.49323508,0.50414795,0.49663934
2025-04-25,0,-0.8148075068863823,0.5903165558477422,-0.0112856631831,0.5381127,0.49025068,0.48848465,0.49841657,0.456775,0.47006643,0.52834064,0.49533248,0.5099331,0.49300417,0.4861408,0.5407598,0.49342403,0.5191523,0.5101142,0.49353415,0.47631997,0.5119193,0.4922371,0.49266192,0.50373214,0.4975533,0.49841657,0.5019753,0.4875284,0.48883134,0.49810398,0.48334432,0.50026625,0.5028974,0.500281,0.48005876,0.4859315,0.49043006,0.50727254,0.47666943,0.48913714,0.48448268,0.49124467,0.5001441,0.49473044,0.50189584,0.49613845,0.5118056,0.51527196,0.50794137,0.5114569,0.4840595,0.49102247,0.4720857
2025-04-26,0,-1.089546814393338,0.7800162708073577,-0.9329217194183,0.4997376,0.48140305,0.49981195,0.50596935,0.4617162,0.50918657,0.51207024,0.46488103,0.51054657,0.46141908,0.4828287,0.4967461,0.5011238,0.45919895,0.49814674,0.48694006,0.49658132,0.5087739,0.48423615,0.5117577,0.47786123,0.469457,0.50942254,0.48622814,0.48448154,0.5091581,0.50986034,0.49520242,0.49050874,0.4885132,0.50105584,0.48265257,0.49777725,0.5042575,0.49237943,0.50181544,0.5109261,0.516063,0.5098392,0.5001526,0.49443093,0.4911959,0.509374,0.5105659,0.5198447,0.5021942,0.4903685,0.5122544,0.5088091,0.51146716
2025-04-27,1,-1.0177450605208125,1.986238020547337,1.33703707308457,0.52082115,0.47308138,0.48913714,0.48794454,0.4136697,0.48650765,0.5033047,0.44082212,0.49840242,0.44615608,0.47984523,0.4784627,0.4922103,0.42694962,0.49635324,0.48213595,0.4613884,0.44003043,0.5138515,0.48924765,0.4489485,0.48842132,0.5098392,0.4926498,0.43904358,0.48915613,0.46880946,0.42980692,0.42429155,0.4898503,0.49570674,0.4877377,0.49614024,0.50177157,0.48816478,0.4673389,0.4882012,0.46232378,0.48948237,0.4961302,0.47981647,0.4884975,0.46628946,0.48555323,0.46628085,0.47668168,0.5031997,0.44828174,0.48957163,0.50277185
2025-04-28,0,-1.3442480535762504,0.4728770218047963,-0.7971384433909999,0.54428375,0.5128519,0.5057631,0.50484025,0.49112687,0.5556718,0.52565265,0.52005726,0.49674758,0.5434024,0.5160583,0.49556038,0.5060276,0.53416836,0.5108399,0.55503666,0.49088144,0.51867706,0.5053937,0.51041746,0.5086656,0.5038874,0.5043004,0.49804986,0.514437,0.5048126,0.5199324,0.49645424,0.5187162,0.5242541,0.52156246,0.49366626,0.5249846,0.5149793,0.50490314,0.50729495,0.49973157,0.5492912,0.5003184,0.5001526,0.50301594,0.50189584,0.50737023,0.5015861,0.5199555,0.49313727,0.49085122,0.54731464,0.51637053,0.48837936
2025-04-29,0,-1.439190179969243,1.0255557237086612,-0.09002869702098,0.44584516,0.48507896,0.48996073,0.49293256,0.46684417,0.40555757,0.48103172,0.48093307,0.4975837,0.46446255,0.491667,0.46541882,0.47911286,0.48888338,0.4894047,0.45305985,0.49651107,0.452886,0.4884975,0.47159493,0.49821278,0.5178348,0.4927763,0.4823535,0.437746,0.4933534,0.5066423,0.50171477,0.46909133,0.4933553,0.4722752,0.49312937,0.4248784,0.4899348,0.49865052,0.46741462,0.4959172,0.5016505,0.4941172,0.5012777,0.51615137,0.5110024,0.47772062,0.48777577,0.4845824,0.4859173,0.50727254,0.4185577,0.50103134,0.5096582
2025-04-30,1,-0.0441523783578592,3.394989467171822,2.4315545810009698,0.5056009,0.5038313,0.5012777,0.496319,0.47834942,0.5443877,0.47616243,0.5022692,0.48900416,0.487259,0.5025339,0.4986422,0.50058776,0.46667302,0.49034777,0.47943735,0.48094195,0.53025854,0.48190922,0.52931195,0.49806347,0.512491,0.5112383,0.5051561,0.4824454,0.5041665,0.5020866,0.5044552,0.49950185,0.4935718,0.47545567,0.49390697,0.5024034,0.5081747,0.50581586,0.5118856,0.49204692,0.48583204,0.5053635,0.48996073,0.50955904,0.49989966,0.5028811,0.48126683,0.49999022,0.5007114,0.5012777,0.48792127,0.5127435,0.51677084
2025-05-01,1,-0.145104843233809,1.4463978610284436,0.41083526584195,0.4600439,0.48233217,0.49342883,0.51000816,0.4811817,0.5096791,0.5013323,0.5454433,0.5086521,0.47463164,0.5090789,0.50239754,0.5066281,0.50655836,0.49046528,0.5183209,0.5083865,0.4619154,0.49531433,0.5111485,0.5021863,0.48518652,0.5012777,0.46760374,0.49501276,0.50942254,0.5268421,0.54889894,0.49386308,0.50601447,0.5152351,0.49634054,0.5082418,0.514475,0.5050308,0.47721285,0.48913714,0.49949256,0.4941172,0.5055816,0.50477344,0.48913714,0.5005544,0.507528,0.5279961,0.5009702,0.48879194,0.4644171,0.49989405,0.45813513
2025-05-02,0,-1.17747323531479,0.0500766664296539,-1.06953490468046,0.43748724,0.4820044,0.49865052,0.496319,0.5267584,0.48543432,0.52838963,0.47823596,0.48900416,0.50604117,0.50698954,0.48801374,0.49591333,0.4971175,0.49143046,0.464403,0.45787585,0.46436515,0.50467503,0.5007884,0.4949148,0.4894052,0.4969563,0.5154422,0.4401019,0.48840433,0.46899188,0.4599548,0.46920696,0.43613896,0.46270606,0.5022154,0.456404,0.48758164,0.48864272,0.4839534,0.49600446,0.4562992,0.5053635,0.51125884,0.48768437,0.5041665,0.49414998,0.5014768,0.45494464,0.50960004,0.4879802,0.4646449,0.493489,0.47723997
2025-05-03,0,-1.7947534447089013,0.4663392105312426,-1.66076131092112,0.51601076,0.5162448,0.50164956,0.5012777,0.51059407,0.5426398,0.47687408,0.52346516,0.5048443,0.44373277,0.50449944,0.5037447,0.5193474,0.50346416,0.49034777,0.47449034,0.51152503,0.53757674,0.5071791,0.5094146,0.51400137,0.5016194,0.50574106,0.53961045,0.55778056,0.50827044,0.51913637,0.5020231,0.47728184,0.5211704,0.5005352,0.49781388,0.50643575,0.48709625,0.4915181,0.54937685,0.5098941,0.5342442,0.51086944,0.49854547,0.5144453,0.49554116,0.51072305,0.4836912,0.5062082,0.50658965,0.51081216,0.54994786,0.5192999,0.51909065
2025-05-04,1,-0.8131606730938027,0.9725603745352054,0.482575258787,0.4449309,0.45843217,0.48948625,0.496319,0.54329896,0.5313817,0.48574328,0.48745856,0.508575,0.4923019,0.5214537,0.47974566,0.49674082,0.4315266,0.50436306,0.47542432,0.4684128,0.5121985,0.4993451,0.4969021,0.5240958,0.4762601,0.4969563,0.511361,0.52865595,0.4921985,0.5027886,0.5257343,0.49100298,0.47418776,0.49975258,0.51311034,0.5125501,0.49663335,0.4909728,0.4978049,0.49204692,0.49046022,0.48948237,0.49981195,0.49960312,0.5033589,0.47735,0.48745692,0.519748,0.49212694,0.49191785,0.47667918,0.5190771,0.5070519
2025-05-05,1,-1.4424524150018825,2.2823016104961806,2.19287924377574,0.52594316,0.5150362,0.5057631,0.49665993,0.56364036,0.51516706,0.5116489,0.5194123,0.5135686,0.5173675,0.5138314,0.51798755,0.49958086,0.51819474,0.5109754,0.4981728,0.54456806,0.5297352,0.4983197,0.5145658,0.51082385,0.52687687,0.5023889,0.53423953,0.53486407,0.50780445,0.52913916,0.4994589,0.54093146,0.5366061,0.51135415,0.4916767,0.52804404,0.5067122,0.5039096,0.526893,0.50578165,0.49383748,0.50608695,0.50730515,0.51325536,0.5094927,0.5346745,0.49806643,0.53898656,0.5119512,0.4927763,0.53037804,0.51313484,0.5223397
2025-05-06,1,-1.0896353930698772,0.9230659865779318,0.20269832486364997,0.4914394,0.4854677,0.5057631,0.50964373,0.5136938,0.48559916,0.5096256,0.5172453,0.49193963,0.53470373,0.511354,0.49626514,0.5032866,0.5194121,0.49824533,0.48682114,0.5190409,0.5045724,0.52483255,0.5053176,0.519955,0.4894289,0.5043004,0.509373,0.47708,0.4986364,0.49275094,0.51402366,0.49715385,0.5249012,0.49724331,0.50830483,0.498277,0.4813215,0.496324,0.50520974,0.50883883,0.47968414,0.49567533,0.49554116,0.48951927,0.50189584,0.4960909,0.5086136,0.4675705,0.5090058,0.5031997,0.50852907,0.5165107,0.47081882
2025-05-07,1,-0.1590558355496682,7.076609429522218,6.2240212129403,0.46086416,0.4975037,0.49384865,0.496319,0.47693753,0.5232712,0.4689037,0.49370146,0.5091607,0.464718,0.47912946,0.4847172,0.5011227,0.47534743,0.49635324,0.47659427,0.5131119,0.518122,0.48412606,0.5008706,0.48987398,0.46011865,0.49313968,0.4867963,0.48876426,0.49138567,0.49465916,0.48306087,0.48154956,0.51143765,0.529178,0.48265257,0.5143153,0.49894366,0.49657354,0.49535272,0.50797886,0.4680261,0.48948237,0.49349862,0.4857811,0.4911959,0.49900645,0.50281334,0.4766756,0.49972132,0.5067101,0.49871266,0.49146158,0.50139314
2025-05-08,0,-0.9207916101612624,1.0593342872188003,-0.2808564699583,0.52531606,0.54071957,0.5057631,0.49029082,0.53145057,0.5154483,0.5147186,0.50775874,0.49079934,0.53257823,0.516219,0.54128945,0.49936667,0.5428045,0.49046528,0.4990596,0.5322378,0.5314433,0.50229627,0.5108669,0.50961053,0.5268433,0.50828326,0.5098339,0.5122317,0.510547,0.51604694,0.5503184,0.54512554,0.502835,0.509334,0.50896466,0.5138765,0.5078414,0.49874228,0.52143323,0.49973157,0.54053307,0.49080366,0.5001526,0.51068205,0.50749457,0.52081066,0.48125315,0.5295582,0.506882,0.49726477,0.49246955,0.4975832,0.5069691
2025-05-09,1,-0.1489182855087084,1.935637747881096,1.7687693367897699,0.4574973,0.47890833,0.48878875,0.5058924,0.48423633,0.49397278,0.4959023,0.46480763,0.49682218,0.483068,0.46420333,0.4948104,0.4891135,0.49206915,0.5101142,0.47022694,0.51251066,0.47146505,0.5111705,0.4846393,0.4839324,0.47139564,0.5076645,0.49046075,0.44686344,0.50942254,0.47155687,0.48668647,0.5204289,0.5246116,0.47439763,0.4893412,0.4742417,0.5013726,0.504145,0.48539445,0.49076977,0.47517154,0.48948237,0.5012777,0.49245057,0.49702877,0.46834144,0.49818912,0.5082716,0.49738222,0.5070541,0.43412554,0.4855547,0.45392433
2025-05-10,0,-1.407121662385608,0.1548945061880272,-0.66198315306769,0.52438974,0.5458435,0.5057631,0.50391716,0.5427742,0.53349483,0.525372,0.5400223,0.49517065,0.5409373,0.5042489,0.5181976,0.50624794,0.5399919,0.5048998,0.5056421,0.5124901,0.49780336,0.50149435,0.50024307,0.51402736,0.5313235,0.49751043,0.5058615,0.51469153,0.5028174,0.5230838,0.5057204,0.5288218,0.52249855,0.511038,0.5118356,0.5414793,0.50510013,0.5041665,0.5272405,0.50883883,0.5193893,0.50608695,0.5042863,0.50857204,0.50106645,0.5282104,0.5195639,0.54077303,0.49380666,0.51081216,0.54682356,0.5061747,0.4959266
2025-05-11,0,-3.319666521023552,1.6209468620859318,-1.28239576779249,0.5082418,0.4941669,0.50247884,0.50484025,0.5453597,0.5198067,0.50192475,0.53746444,0.5026933,0.5135597,0.5324406,0.48569015,0.5104584,0.4890751,0.5048998,0.4749692,0.5478632,0.49532294,0.50961286,0.5057592,0.46759513,0.494096,0.49497935,0.48175213,0.5150823,0.4986364,0.47648942,0.5048284,0.48222584,0.49993765,0.48368227,0.50896466,0.49291378,0.49685925,0.5084393,0.50392455,0.5039132,0.5010115,0.5053635,0.49715078,0.49589187,0.5076861,0.4901958,0.47729844,0.51871413,0.5057725,0.49901894,0.5102249,0.49493945,0.5012756
2025-05-12,1,-1.3334965979787634,2.1033220437912177,1.2686796194268202,0.50112236,0.46959823,0.5094927,0.504145,0.45035788,0.49770382,0.51070416,0.50668097,0.47993043,0.5071927,0.46742922,0.48913085,0.49046108,0.48801017,0.4894047,0.4517612,0.48985872,0.4587413,0.47636485,0.46769315,0.5011305,0.4689111,0.50708306,0.4895129,0.40438277,0.50579995,0.5095214,0.49966347,0.49480867,0.46901459,0.47151425,0.47670063,0.4468821,0.50126684,0.4886363,0.489692,0.5063229,0.46862715,0.49567533,0.488538,0.48752144,0.48913714,0.5068266,0.47731,0.50094956,0.48942336,0.5067101,0.4473098,0.504655,0.49402142
2025-05-13,0,-1.4529796808880824,0.2429524231686905,-0.57405444459628,0.53390086,0.53989613,0.5076645,0.49342883,0.5044882,0.51130414,0.502238,0.5015107,0.5109121,0.47678107,0.5066525,0.5103825,0.5139846,0.48635206,0.5108399,0.47316745,0.4930772,0.5484105,0.48030812,0.5141117,0.48244262,0.5219816,0.49133185,0.52573353,0.4715208,0.48915613,0.5054924,0.54251903,0.4989208,0.4842465,0.5481363,0.48296243,0.5111649,0.51734847,0.5094927,0.49378878,0.5106576,0.4884563,0.49023208,0.4921985,0.4961069,0.48965392,0.50055367,0.5015861,0.48319003,0.49882847,0.49052963,0.5339246,0.49643514,0.4954275
2025-05-14,1,-2.074105071416813,0.659490387674354,0.24691295519929998,0.51945555,0.51877636,0.5057631,0.5099678,0.5184897,0.4860828,0.5046635,0.51745254,0.49079934,0.5167819,0.5104826,0.52895325,0.5060276,0.46620888,0.5048382,0.51760966,0.50325644,0.486878,0.5164364,0.51459074,0.4909836,0.50693655,0.50828326,0.47395578,0.49851194,0.5028174,0.5000232,0.5021878,0.5239574,0.5229518,0.5136086,0.5024356,0.5021762,0.495193,0.49874228,0.50913715,0.49973157,0.48289102,0.5003184,0.5001526,0.51325536,0.50749457,0.5183587,0.4941696,0.5158512,0.50067043,0.5031997,0.5225756,0.50530225,0.5359274
2025-05-15,0,-0.6412151279861636,0.7552287295370927,-0.28935353660749,0.4752242,0.47749037,0.49841657,0.5099678,0.54302615,0.5087523,0.51958406,0.5170028,0.49984807,0.50930405,0.5074245,0.5088494,0.49356517,0.47842896,0.50436306,0.48918107,0.48544237,0.47262335,0.49079746,0.4788028,0.4999124,0.5074581,0.5043004,0.5015819,0.5006862,0.5009954,0.4960589,0.528379,0.49608383,0.48003298,0.4841709,0.49683607,0.49047896,0.4925953,0.5039096,0.49458227,0.4890788,0.50710255,0.5098392,0.5001526,0.4969572,0.50189584,0.48678482,0.5058303,0.49309078,0.5074759,0.51147014,0.5093234,0.5122033,0.5332383
2025-05-16,0,-0.8263001918335882,0.2374433089970608,-0.3264915065874,0.54666156,0.5332916,0.5057631,0.4976688,0.53730756,0.5687382,0.5176822,0.5555166,0.50152725,0.535052,0.5235731,0.5368576,0.5060276,0.5794913,0.5109754,0.5100203,0.5117973,0.5235002,0.52205306,0.49695903,0.5267436,0.5311102,0.5043004,0.5016965,0.5577378,0.5085301,0.5133336,0.56215435,0.5434405,0.5065748,0.55443484,0.5202244,0.49902356,0.49395868,0.50490314,0.5266995,0.50578165,0.5315451,0.51086944,0.5042863,0.5026091,0.50189584,0.5094934,0.5064303,0.5168266,0.5090058,0.49901894,0.517304,0.51652986,0.5002451
2025-05-17,1,-0.0209085178436075,3.368836064560984,3.17575648000751,0.495976,0.5355097,0.5057631,0.50484025,0.5089533,0.5042223,0.49590558,0.5035984,0.49821976,0.5348081,0.5284449,0.50843567,0.5060276,0.50447345,0.49343953,0.5154122,0.5095899,0.45152283,0.50641066,0.49643478,0.50788707,0.53041995,0.5043004,0.47901246,0.53491867,0.5028174,0.48881033,0.5344127,0.5160939,0.51279557,0.50020146,0.5024356,0.526562,0.5067122,0.5084393,0.51411366,0.5039132,0.5212012,0.5053635,0.5001526,0.5173173,0.50189584,0.49992096,0.48195368,0.52808106,0.5082813,0.50971407,0.46790498,0.5037919,0.52289736
2025-05-18,0,-4.274259604265048,0.6128050415539508,-0.8305743221750801,0.5409245,0.51988643,0.5057631,0.50391716,0.58378184,0.5382018,0.49569553,0.52445066,0.51072735,0.53016645,0.5167934,0.5359964,0.49297166,0.51138073,0.50436306,0.5303699,0.52800107,0.5081118,0.5127542,0.52231616,0.50849843,0.5306368,0.50828326,0.4893718,0.59236085,0.5028174,0.49166805,0.51919895,0.51229715,0.51471305,0.49972537,0.50975657,0.53513366,0.5049284,0.49874228,0.5333226,0.5039132,0.53798234,0.50216395,0.5001526,0.51325536,0.50189584,0.5009506,0.4862927,0.49678198,0.50962484,0.49983102,0.531466,0.51437235,0.5273259
2025-05-19,1,-1.3244188613613743,1.640535945225278,1.2016222070838,0.51568186,0.53226924,0.50247884,0.49665993,0.5239603,0.48500615,0.5191892,0.52322394,0.5135686,0.52705806,0.5143429,0.48687676,0.51303357,0.54938716,0.49824533,0.5230295,0.51265633,0.52232534,0.50103384,0.5090262,0.51649594,0.4857792,0.491668,0.5159242,0.56064713,0.50780445,0.5339867,0.51810664,0.5256423,0.5238082,0.573489,0.51100636,0.5201628,0.5067122,0.5039096,0.52295876,0.50578165,0.5080628,0.5007586,0.49854547,0.49469912,0.49461535,0.5097541,0.5005291,0.50148314,0.5119512,0.49901894,0.5172119,0.51437235,0.5071029
2025-05-20,1,-0.7043748305368763,3.627723964821251,2.581277442421,0.5366985,0.53471345,0.5057631,0.50391716,0.52980506,0.52819806,0.48929486,0.541757,0.50415915,0.5430924,0.5044192,0.5279012,0.5077236,0.56281835,0.51177055,0.5104492,0.50810814,0.5047623,0.51636106,0.49989,0.5041898,0.5073669,0.49751043,0.49435306,0.5245845,0.5028174,0.5230233,0.53858906,0.5043392,0.51591104,0.52697814,0.50290674,0.49951273,0.51787764,0.5084393,0.5268665,0.49816427,0.5112509,0.49567533,0.48988754,0.51513594,0.50749457,0.51476157,0.4945186,0.5206414,0.50126296,0.5031997,0.540237,0.49749345,0.5210992
2025-05-21,1,-0.4264855197670557,2.108162132052865,1.85441127291967,0.4969876,0.49301982,0.48878875,0.5106576,0.53798497,0.48316586,0.47446868,0.47576016,0.48353434,0.50947565,0.48331597,0.5183254,0.510734,0.4943441,0.5048998,0.4643975,0.48691684,0.49333784,0.5072933,0.51209736,0.51191264,0.49609387,0.5033589,0.49782664,0.50438094,0.48959872,0.4923152,0.48453158,0.51495993,0.44831496,0.508873,0.50345296,0.49128658,0.48613662,0.504145,0.4941852,0.49076977,0.4933893,0.5053635,0.5088794,0.48810366,0.4911959,0.50448465,0.4966637,0.46403617,0.4927498,0.5088794,0.50008214,0.49413165,0.46395156
2025-05-22,0,-4.482484880332096,0.0928785391583345,-3.99835903745315,0.5670373,0.54838645,0.50247884,0.50391716,0.5339651,0.50902826,0.51468027,0.5108799,0.5153068,0.5266228,0.5061418,0.52501905,0.49936667,0.5254237,0.51177055,0.51273227,0.54645723,0.5139858,0.5004084,0.4911409,0.5027386,0.52106744,0.50963753,0.542169,0.5342174,0.5085301,0.5165079,0.5263113,0.5088395,0.5181509,0.5136933,0.5038938,0.5593121,0.51787764,0.49874228,0.53454745,0.49973157,0.5285952,0.49638307,0.5001526,0.50301594,0.49461535,0.49083123,0.4860565,0.51616114,0.50302124,0.49901894,0.53166294,0.4976298,0.5189686
2025-05-23,1,-0.4135421448007993,2.018043127860848,0.41250715632717,0.49929315,0.4523293,0.49751043,0.496319,0.46172822,0.43964604,0.47986576,0.49155983,0.4896741,0.48106956,0.471401,0.4607578,0.5072793,0.47158793,0.49143046,0.47601053,0.48962203,0.4097133,0.47545546,0.4847334,0.493889,0.48639372,0.49313968,0.49673122,0.4575914,0.4984957,0.49322423,0.40796843,0.47390833,0.4717791,0.52073735,0.48265257,0.4920314,0.48908123,0.48864272,0.46438125,0.49076977,0.43533105,0.5053635,0.5046996,0.5096718,0.4911959,0.5036871,0.4877628,0.47546753,0.49478903,0.4903685,0.4555367,0.51564634,0.4895482
2025-05-24,1,-1.0834741052088723,1.4172047173024798,1.14620653391485,0.5271025,0.5109216,0.5057631,0.5076645,0.57996136,0.55324554,0.5258424,0.5330235,0.51272756,0.5457051,0.51834667,0.5226557,0.50241613,0.5730545,0.5048998,0.52132607,0.5127414,0.5540964,0.47970265,0.49887636,0.51125354,0.53842145,0.48925963,0.52554286,0.5317164,0.50780445,0.50405556,0.5242162,0.5369129,0.5452605,0.5402708,0.49310017,0.5078375,0.50338286,0.4952051,0.5310585,0.5039132,0.53613365,0.49567533,0.5001526,0.49061438,0.49931934,0.5181875,0.49424833,0.5540486,0.50438255,0.50971407,0.5696264,0.510458,0.5176629
2025-05-25,1,-0.3065217537193802,1.292505984992282,0.39425248895826,0.489739,0.47368163,0.50247884,0.5099678,0.4934344,0.470527,0.49662077,0.537683,0.4954913,0.5041663,0.5016806,0.5041443,0.5149981,0.5011561,0.5109754,0.501635,0.4803452,0.45941705,0.5044564,0.4958159,0.49463686,0.5175472,0.5043004,0.48959813,0.56316495,0.5085301,0.49653974,0.49488023,0.50159955,0.49837476,0.47036105,0.5181475,0.4943356,0.5011397,0.5039096,0.48386517,0.5039132,0.47712785,0.48948237,0.5001526,0.49589187,0.50189584,0.51256657,0.5004042,0.5025398,0.50962484,0.49901894,0.5230383,0.51437235,0.5148262
2025-05-26,0,-1.7683871522563126,1.1657581375508963,-0.45483731700125,0.51751477,0.5287571,0.5057631,0.49029082,0.48638737,0.47310656,0.51009834,0.5096474,0.5087636,0.4763079,0.49886164,0.51634324,0.5034392,0.49762902,0.49824533,0.51248914,0.48257473,0.48454782,0.49304122,0.50657034,0.48936483,0.49898407,0.491668,0.50005394,0.46722427,0.5028174,0.48438403,0.51480675,0.5052068,0.5082956,0.48590147,0.4916767,0.49723694,0.5067122,0.49874228,0.49590337,0.50883883,0.4991954,0.49023208,0.49715078,0.48632228,0.5094927,0.49183917,0.49131557,0.5134122,0.47855404,0.51147014,0.47487608,0.50954086,0.49280363
2025-05-27,0,-2.010882397916616,0.317593010552721,-1.06718460844975,0.495645,0.48027334,0.5067097,0.496319,0.49207816,0.5229343,0.51423126,0.538724,0.4923904,0.50552,0.48501292,0.51691717,0.5092364,0.4817274,0.508541,0.48967606,0.5251228,0.45677266,0.49749717,0.49333796,0.4996781,0.4922323,0.50942254,0.4932887,0.44356775,0.4927763,0.49854875,0.50900394,0.5048738,0.47452438,0.47870216,0.4920036,0.4977671,0.49149814,0.5079649,0.5152851,0.5076645,0.52794003,0.49567533,0.5042863,0.50104654,0.5100131,0.50557256,0.4867225,0.5048849,0.5032591,0.49761343,0.48095128,0.5028635,0.48940971
2025-05-28,0,-2.3078137896849347,1.0247111349097886,-2.05473253252083,0.49022073,0.46261933,0.48996073,0.48985088,0.40535924,0.40271637,0.50218874,0.5029676,0.47865057,0.47350207,0.49728388,0.47451344,0.49806786,0.45995915,0.4894047,0.45409295,0.5270221,0.4436692,0.48909447,0.51071805,0.48800302,0.48433414,0.4880824,0.5058409,0.45707008,0.4933534,0.45859525,0.51118225,0.47399178,0.4405675,0.45838475,0.49748158,0.44313675,0.48632798,0.49554116,0.4960988,0.50797886,0.46245658,0.5003184,0.49841657,0.49975002,0.49071282,0.49247706,0.49541578,0.46900198,0.49823606,0.5006557,0.45816448,0.5026675,0.49101233
2025-05-29,0,-1.8821290180500163,0.6827399835516206,-1.53100281575464,0.5322353,0.4917428,0.5057631,0.49078006,0.5521779,0.5794292,0.5083626,0.53371483,0.50415915,0.533823,0.51146865,0.49408135,0.50381744,0.5061448,0.49824533,0.51630944,0.51697683,0.54271966,0.51481086,0.5131334,0.50167465,0.5405746,0.5043004,0.47800952,0.55111134,0.4986364,0.5064434,0.5388769,0.50437874,0.5138184,0.5356833,0.51640105,0.5116392,0.4983809,0.5039096,0.5299962,0.50578165,0.50959224,0.50216395,0.5001526,0.5049412,0.50189584,0.5013891,0.5082479,0.5304022,0.49768913,0.5031997,0.5062374,0.51652986,0.52467066
2025-05-30,1,-0.8856973168929663,0.8756241392629306,0.58146455448111,0.54565483,0.54096997,0.5057631,0.5101689,0.5516675,0.5293998,0.5118222,0.53890336,0.49317297,0.534396,0.49186614,0.5245634,0.51009905,0.5623325,0.5048998,0.5312621,0.50829566,0.50609446,0.51048,0.5239368,0.52243465,0.53081524,0.49751043,0.5136558,0.5491954,0.4986364,0.5392747,0.515188,0.5251695,0.53180003,0.56125635,0.5075129,0.5192977,0.5158363,0.5039096,0.52352613,0.50578165,0.51424235,0.5053635,0.5042863,0.51325536,0.50106645,0.5229522,0.51952356,0.5461375,0.51882505,0.5031997,0.55428684,0.4976298,0.5105899
2025-05-31,1,-0.8057760731621058,1.2116819636461047,0.99989031960423,0.5410225,0.53340846,0.50247884,0.5099678,0.5314246,0.5370413,0.5141183,0.56376785,0.50061166,0.5272741,0.5077226,0.5039353,0.51092833,0.5095215,0.5109754,0.50372976,0.5271195,0.5415711,0.5180765,0.51041746,0.52020013,0.5318292,0.5003229,0.5187742,0.5613633,0.5119395,0.49668273,0.571543,0.523364,0.5380859,0.5484986,0.51640105,0.5205514,0.5067122,0.49874228,0.5163557,0.5039132,0.54504055,0.5003184,0.49854547,0.51325536,0.5076861,0.49135712,0.48318312,0.4886967,0.51683384,0.5031997,0.54199255,0.5162975,0.49155736
2025-06-01,1,-1.8949667620301016,0.2766822751092613,0.20336561573317002,0.5432898,0.5304855,0.50247884,0.50241965,0.5217569,0.5524185,0.50595903,0.50220436,0.4853904,0.5141949,0.48585933,0.52413285,0.51092833,0.48282993,0.50436306,0.5182048,0.47600174,0.5443816,0.52050555,0.517738,0.50420374,0.5347712,0.49983102,0.5250528,0.5154376,0.5028174,0.5177605,0.50805837,0.5142408,0.5239177,0.4862026,0.50830483,0.52435243,0.5067122,0.49874228,0.5206542,0.49816427,0.5103038,0.51086944,0.5001526,0.49141014,0.5094927,0.51139283,0.4899017,0.49248445,0.50203466,0.49133185,0.51875323,0.51437235,0.5096101
2025-06-02,0,-0.9353152306829228,0.8809540005881515,-0.45551268035745995,0.5175812,0.48668468,0.5089247,0.496319,0.5548564,0.5351721,0.5082997,0.5144469,0.5119478,0.48826668,0.52121276,0.5103194,0.49637404,0.49705374,0.49230456,0.51985866,0.53452265,0.5235544,0.5056952,0.5248717,0.4990061,0.49195904,0.49313968,0.52258503,0.52481157,0.4933534,0.52597195,0.5151172,0.5088646,0.5258632,0.48696166,0.49016625,0.5021437,0.48617983,0.48864272,0.488327,0.4959172,0.48537838,0.50608695,0.49854547,0.4975684,0.51131296,0.5332032,0.5089457,0.48854625,0.5026134,0.51147014,0.4992242,0.5163151,0.52141243
2025-06-03,0,-1.1432778604613218,0.5895742007834156,-0.64742251263659,0.5169383,0.52222484,0.5057631,0.50391716,0.47030625,0.4781236,0.5002953,0.5251188,0.500385,0.49537548,0.50581425,0.49184096,0.50624794,0.5210067,0.5108399,0.51953715,0.5244608,0.5112068,0.49702913,0.5191149,0.49885416,0.48635206,0.5003229,0.51372993,0.52654797,0.5028174,0.4967035,0.5323164,0.519492,0.5243979,0.5056746,0.500337,0.53652734,0.495193,0.5084393,0.5288579,0.50578165,0.49522054,0.49124467,0.5046996,0.50297815,0.5076861,0.49395928,0.48774913,0.5018222,0.51882505,0.5031997,0.4953057,0.50530225,0.5010784
2025-06-04,0,-4.218325271740156,1.151781170004075,-3.09248149110365,0.5066659,0.5104993,0.49291715,0.496319,0.47991154,0.5117247,0.47820407,0.47871667,0.5028292,0.4775372,0.46533278,0.50079334,0.50952333,0.45549712,0.498706,0.49093026,0.49857777,0.501317,0.4773054,0.50452685,0.48870307,0.4907259,0.50079954,0.497951,0.49539858,0.48959872,0.515095,0.514137,0.49632412,0.45737028,0.49929315,0.49277365,0.4700166,0.4891231,0.50665057,0.5015283,0.49983102,0.48182833,0.50216395,0.5001526,0.51003456,0.49702877,0.5032082,0.4847661,0.49252528,0.4920617,0.49191785,0.5094226,0.49439818,0.46953356
2025-06-05,1,-0.407572993004636,3.6982448290002754,2.70162096650293,0.5048256,0.49886492,0.49384865,0.496319,0.4951817,0.47321197,0.48485073,0.5262426,0.49210075,0.5009771,0.5212543,0.5249642,0.5068616,0.52368337,0.50436306,0.47308835,0.465468,0.44655034,0.5081838,0.49012157,0.4726098,0.50465584,0.5105519,0.48632205,0.5171507,0.49138567,0.5171492,0.50724196,0.4892991,0.50220144,0.4891036,0.49936137,0.4937562,0.5085264,0.5010316,0.5119942,0.4885078,0.4967392,0.49124467,0.5001526,0.5021019,0.49931934,0.49247557,0.48187974,0.48804015,0.4927293,0.49693942,0.5166227,0.48563543,0.48716402
2025-06-06,1,-0.4009910660611275,1.533473087550091,1.20446218481455,0.5418938,0.5314347,0.5053866,0.50484025,0.55124396,0.55093354,0.51802605,0.5430409,0.50415915,0.5335989,0.5337377,0.5327594,0.51092833,0.5568454,0.5048998,0.52358055,0.54277724,0.5762411,0.5133396,0.5061433,0.5210744,0.52941287,0.50828326,0.49330047,0.5262098,0.49841657,0.53383964,0.53277946,0.48155582,0.5250381,0.52265304,0.5043588,0.51741123,0.49797228,0.49874228,0.52031475,0.50578165,0.506858,0.5053635,0.50730515,0.50301594,0.50106645,0.5237658,0.50999045,0.538117,0.5119281,0.49901894,0.551785,0.48580238,0.5298139
2025-06-07,1,-0.5586375564543865,0.8828473865974424,0.17213626629398,0.498662,0.48881114,0.5106879,0.49617368,0.41394314,0.44174656,0.481974,0.49236542,0.5046425,0.49841237,0.4780523,0.49190134,0.49890408,0.4360366,0.49343953,0.4801479,0.47724256,0.41235447,0.49213046,0.51733184,0.4766051,0.4705553,0.49133185,0.47991082,0.43523574,0.5114408,0.4932849,0.43421102,0.49578625,0.5083694,0.5135145,0.5001276,0.44904867,0.51162463,0.5048126,0.5011539,0.4959172,0.48545724,0.49637204,0.48996073,0.4767078,0.4911959,0.5190997,0.4877628,0.5241903,0.49110112,0.49693942,0.48280865,0.49985495,0.49518895
2025-06-08,1,-0.3938648377214134,4.4362009122705865,4.19420963494116,0.4825161,0.5088907,0.50247884,0.50484025,0.5560144,0.47276837,0.50266206,0.5240923,0.5038091,0.5046194,0.514891,0.5173136,0.5019186,0.49173582,0.50436306,0.51459736,0.53385735,0.49712366,0.502846,0.5136113,0.517119,0.4850292,0.5043004,0.49650946,0.4836092,0.50780445,0.5128566,0.5358303,0.5268206,0.53837353,0.50221884,0.50908375,0.48291588,0.509431,0.5039096,0.49658406,0.5039132,0.5002721,0.5063155,0.49854547,0.48671776,0.50189584,0.50804526,0.4859066,0.5308152,0.5004576,0.5031997,0.5486474,0.5037919,0.52982384
2025-06-09,1,-1.7676970695220455,0.1241531250638007,0.010311175786519999,0.5111101,0.48309037,0.49384865,0.496319,0.5246081,0.53579676,0.4910355,0.5248544,0.49418753,0.4724474,0.5034543,0.52595025,0.48806107,0.5143461,0.5108399,0.5107837,0.52482665,0.49538442,0.4963101,0.48737755,0.5171923,0.5039259,0.49313968,0.53132695,0.54670084,0.4984957,0.49198592,0.49387342,0.5317564,0.51129335,0.4879785,0.48265257,0.52984685,0.5065314,0.50827044,0.5066061,0.50797886,0.47651455,0.50216395,0.5001526,0.48913634,0.5091701,0.50665736,0.5078271,0.54024374,0.50187325,0.51147014,0.4917693,0.5187962,0.50807667
2025-06-10,0,-2.024807014706494,0.1066043685301398,-1.48849235207292,0.43824634,0.5087452,0.5076645,0.496319,0.4840327,0.41357526,0.4934509,0.5030444,0.4964802,0.51813334,0.48199698,0.46766838,0.49244133,0.47515672,0.49824533,0.50829995,0.48964682,0.48830685,0.4978428,0.48195,0.4922624,0.47285807,0.5051568,0.47991616,0.4937176,0.4984957,0.49296546,0.48297665,0.51573205,0.4811755,0.50124484,0.48773643,0.47803107,0.49131614,0.4952051,0.48499548,0.49845076,0.47599313,0.5053635,0.5042863,0.49295393,0.49395752,0.50558734,0.48533535,0.46579352,0.49972132,0.50508434,0.5065595,0.49800605,0.5005111
2025-06-11,0,-2.7749483419973013,0.1549076279008928,-2.77493887872792,0.5294189,0.47653428,0.50247884,0.50391716,0.484889,0.51969165,0.5027491,0.475372,0.50589865,0.509632,0.47652587,0.51262397,0.5034392,0.47412744,0.50436306,0.47631508,0.5098154,0.49549732,0.5080594,0.49243394,0.51990974,0.52490646,0.5043004,0.49162114,0.4878546,0.50780445,0.47950834,0.50566745,0.47630504,0.5093894,0.5018457,0.51560974,0.49149778,0.4983809,0.5039096,0.50511557,0.49973157,0.48532373,0.5041001,0.5055816,0.51325536,0.5076861,0.513248,0.48944867,0.5099679,0.49144256,0.5031997,0.51451045,0.4976298,0.5163966
2025-06-12,1,-2.8872862545663014,0.479393865785661,0.37297023772628,0.48262233,0.49349177,0.48878875,0.496319,0.4685389,0.52516145,0.49661794,0.54228956,0.4817272,0.49335536,0.5177752,0.49178535,0.49818012,0.5058748,0.5012777,0.53746796,0.5175571,0.46766344,0.5054707,0.5091867,0.46240127,0.48683617,0.4969563,0.5248079,0.46157202,0.4933534,0.48352775,0.47482425,0.49103776,0.49077883,0.51274353,0.51683694,0.47251138,0.5165024,0.5010316,0.47130814,0.49845076,0.48434716,0.5003184,0.50730515,0.505489,0.49931934,0.50327945,0.50296414,0.4967485,0.4980811,0.49693942,0.46623063,0.51230824,0.52024984
2025-06-13,0,-1.6795742412749732,0.174652673730121,-0.61655785271072,0.5259376,0.5385017,0.5057631,0.5099678,0.5200283,0.52687836,0.5237322,0.5228415,0.49317297,0.55363214,0.5213389,0.49727672,0.51092833,0.5219122,0.5109754,0.5353707,0.49248314,0.54833454,0.48791763,0.5159331,0.5192887,0.5156744,0.5043004,0.5100979,0.5366785,0.5119395,0.51032937,0.5722134,0.54594105,0.5339159,0.53189516,0.5108316,0.5092141,0.5067122,0.49874228,0.52783257,0.50578165,0.52824724,0.5003184,0.5001526,0.51325536,0.50189584,0.49700433,0.5028997,0.5572718,0.506768,0.5031997,0.55998784,0.49887374,0.5308645
2025-06-14,1,-0.8766800355132203,0.6749757749316023,0.17001202861056,0.5254763,0.5245178,0.5057631,0.5099678,0.53516656,0.52521926,0.49851397,0.5386222,0.49557653,0.5009092,0.500318,0.5245908,0.51009905,0.5251345,0.49824533,0.5439963,0.48828667,0.50019217,0.5217146,0.49846205,0.52390265,0.52234703,0.5003229,0.50431997,0.5252906,0.4986364,0.51898503,0.5321527,0.5263268,0.5351903,0.5326649,0.50975657,0.531573,0.5067122,0.49874228,0.53490686,0.5039132,0.5160899,0.49023208,0.49854547,0.50301594,0.50189584,0.4859195,0.5196698,0.51338106,0.5051127,0.49052963,0.52270025,0.50657696,0.5115985
2025-06-15,1,-0.582826587967867,3.1309259856531853,1.13050618075081,0.51161134,0.48042253,0.49726477,0.49029082,0.52653325,0.50148004,0.50373083,0.44512725,0.4886566,0.5103457,0.5055668,0.4800171,0.49503052,0.45789665,0.49635324,0.49425566,0.4861516,0.43174854,0.49049842,0.4974758,0.49117246,0.48662826,0.49841657,0.5031782,0.45885324,0.5009954,0.47842804,0.48116487,0.49278268,0.49557993,0.49007684,0.49634054,0.48800457,0.5086254,0.4915181,0.46933445,0.48913714,0.5036729,0.5003184,0.5001526,0.48632228,0.48956534,0.46746114,0.48681337,0.5115124,0.48990408,0.5031997,0.45380127,0.48501647,0.5076898
2025-06-16,0,-3.2582055987889804,0.9105052432438708,-2.12300913561666,0.4519914,0.522995,0.48948625,0.496319,0.42235482,0.5209852,0.48453426,0.47889915,0.48105785,0.48293522,0.48138028,0.48476073,0.48806107,0.46555394,0.48897246,0.47219467,0.49888217,0.48375311,0.49141538,0.4820536,0.49374342,0.4504622,0.49313968,0.4819209,0.45027262,0.4933534,0.49157053,0.45780098,0.5015736,0.46777576,0.46593925,0.48773643,0.47698244,0.4836304,0.4922084,0.4923309,0.49204692,0.5031019,0.5053635,0.5001526,0.48415384,0.49395752,0.4933153,0.48583817,0.45762497,0.512758,0.49191785,0.4981729,0.49209848,0.50870717
