tanggal,target_asli,wasit_low,wasit_high,wasit_target,model_lstm_029,model_lstm_050,model_lstm_006,model_lstm_025,model_lstm_033,model_lstm_048,model_lstm_008,model_lstm_027,model_lstm_009,model_lstm_038,model_lstm_039,model_lstm_037,model_lstm_047,model_lstm_036,model_lstm_034,model_lstm_044,model_lstm_011,model_lstm_017,model_lstm_002,model_lstm_020,model_lstm_018,model_lstm_016,model_lstm_028,model_lstm_026,model_lstm_031,model_lstm_032,model_lstm_014,model_lstm_040,model_lstm_015,model_lstm_013,model_lstm_012,model_lstm_043,model_lstm_004,model_lstm_024,model_lstm_049,model_lstm_041,model_lstm_030,model_lstm_010,model_lstm_003,model_lstm_022,model_lstm_005,model_lstm_019,model_lstm_045,model_lstm_023,model_lstm_035,model_lstm_042,model_lstm_007,model_lstm_046,model_lstm_021,model_lstm_001
2024-08-21,0.0,-2.3679950680449973,0.3981367906089414,-1.28394423275779,0.38410592,0.3984778,0.39706033,0.4213615,0.39690965,0.4242933,0.39925125,0.38552645,0.42999437,0.4168656,0.50511605,0.39467245,0.44000974,0.39263612,0.37528175,0.3701784,0.38999233,0.43374923,0.3790023,0.4322195,0.37813222,0.3641781,0.38559937,0.35558185,0.39629352,0.3736196,0.43723714,0.4131334,0.38729817,0.3975955,0.37566686,0.4280414,0.39645523,0.3988669,0.3933333,0.3722384,0.42222664,0.43042228,0.38300353,0.39412558,0.45789254,0.39189485,0.3508652,0.37424058,0.4183089,0.40549263,0.42395824,0.34087697,0.4022183,0.42803627
2024-08-22,1.0,-0.0558326123008874,7.310569752826675,5.8875764216626,0.41656882,0.43142524,0.4463078,0.439271,0.4760928,0.4694287,0.45878577,0.4591677,0.45983228,0.42037,0.5049564,0.43127182,0.48414734,0.42287266,0.4062252,0.43136802,0.45635322,0.4527665,0.38833624,0.48231047,0.42255238,0.39219862,0.435513,0.41264543,0.4320225,0.41436908,0.4533491,0.45192492,0.4188604,0.4335579,0.39032242,0.46722868,0.42448345,0.4453742,0.4424924,0.4453853,0.439576,0.4513968,0.44045657,0.43752635,0.47955555,0.43094265,0.3649864,0.41009483,0.44117215,0.4368931,0.44045845,0.4052278,0.43731514,0.4533615
2024-08-23,1.0,-0.7936813386500969,0.7115159712036401,0.18685710918961998,0.45401144,0.45512068,0.46385536,0.4647389,0.5384243,0.5177414,0.5331879,0.4831899,0.50090456,0.45011106,0.504678,0.4571608,0.5228062,0.45150617,0.4636011,0.46580797,0.48390236,0.4789538,0.42696658,0.529755,0.49302828,0.4474816,0.47972557,0.4594696,0.4992403,0.49022198,0.47665536,0.48422527,0.4551603,0.51996624,0.41801164,0.5244589,0.47007227,0.47206753,0.49732456,0.49303228,0.4761783,0.47160324,0.51047176,0.5126705,0.5143471,0.4857823,0.39838538,0.43325618,0.52649176,0.5033462,0.5033976,0.48304412,0.48363107,0.47736055
2024-08-24,1.0,-0.5999223185022965,1.3053909667685333,0.09813284334160999,0.5016618,0.50039965,0.49024078,0.5120037,0.55039674,0.5190391,0.531663,0.4916897,0.53388405,0.50339365,0.51140434,0.48183608,0.51874703,0.5036188,0.4911998,0.4833777,0.5145433,0.5202726,0.4646338,0.5595536,0.500447,0.48482922,0.5079494,0.4771654,0.48869795,0.49662182,0.5034707,0.53400385,0.4667746,0.51943,0.46691293,0.5312001,0.43990988,0.5029074,0.53520083,0.45454243,0.50853634,0.51502657,0.4795245,0.5219472,0.52878803,0.42336628,0.4258557,0.47029424,0.44583735,0.47215268,0.50850797,0.44767606,0.4676203,0.5149566
2024-08-25,0.0,-2.235961518721484,0.4055918101610082,-2.1818360418123,0.52595264,0.46178168,0.44483718,0.44580683,0.47231334,0.47361168,0.5466059,0.44780207,0.4387129,0.49323022,0.49147055,0.46960628,0.539066,0.44642496,0.4968255,0.47087464,0.465244,0.48414722,0.46942353,0.50933903,0.46926576,0.50839454,0.48234886,0.48684964,0.4760228,0.493725,0.5064947,0.4815948,0.45613772,0.48344833,0.47782925,0.490524,0.5311769,0.4581133,0.5070887,0.46804136,0.4771712,0.48201957,0.49258232,0.54886436,0.53477824,0.46548864,0.4556624,0.4227342,0.44108492,0.52295667,0.49864897,0.43181637,0.4740159,0.5195981
2024-08-26,0.0,-7.9467110239651,0.599782830361245,-5.594960850125521,0.52349967,0.47895,0.47416273,0.50170606,0.45703876,0.4739198,0.50625867,0.4780081,0.48832074,0.5299211,0.48695493,0.49620432,0.52214026,0.5180785,0.461243,0.46651787,0.5202688,0.5307092,0.50547177,0.51983774,0.48985052,0.4804554,0.46598577,0.51267594,0.4388666,0.4587605,0.5366023,0.50204176,0.48935565,0.5470632,0.4798953,0.50405294,0.4947154,0.4932968,0.49688864,0.5129444,0.53875375,0.50809,0.52059704,0.53379387,0.46774468,0.47978845,0.5066824,0.47132698,0.50386703,0.54130024,0.48059317,0.44237646,0.49402466,0.53412217
2024-08-27,0.0,-2.652042019400058,1.3706526943900077,-0.64179252947433,0.49578765,0.5191412,0.4660169,0.5313931,0.5691484,0.5490596,0.5601983,0.52267206,0.5663244,0.5225475,0.49600205,0.5092862,0.56546265,0.5239406,0.50799435,0.51515657,0.53097886,0.5510429,0.53167164,0.5597387,0.52954257,0.5472896,0.5211325,0.49942154,0.5219967,0.54259664,0.58068734,0.52713984,0.5224294,0.5870649,0.48696336,0.5648129,0.51089096,0.53572035,0.54028445,0.55483377,0.5770181,0.53057885,0.57066137,0.6042039,0.592921,0.55864847,0.5159607,0.4900038,0.6092114,0.5520328,0.5173235,0.5044275,0.5736749,0.60175896
2024-08-28,1.0,-0.5466094177197327,3.547887046883977,0.54751263752269,0.41188046,0.44756487,0.4272019,0.4402417,0.4380463,0.43783516,0.45060337,0.42962396,0.45780882,0.45401534,0.5009472,0.42645562,0.48949608,0.43623224,0.4118832,0.4197567,0.41455746,0.44719994,0.43122143,0.46713975,0.40967393,0.4266331,0.42074946,0.39261338,0.40978953,0.42538166,0.4603213,0.4082946,0.44283077,0.40177068,0.38016668,0.4470169,0.46278575,0.41958833,0.4164992,0.43452817,0.45439792,0.44484666,0.4301923,0.4525301,0.51725143,0.44289657,0.40087986,0.39229628,0.437705,0.46424726,0.49666297,0.39740887,0.42110193,0.4652155
2024-08-29,0.0,-2.8327683365354126,0.9808039995427305,-0.39671566087142,0.4817177,0.5061724,0.5310396,0.514707,0.5455153,0.53191096,0.545979,0.5318591,0.5413791,0.48373014,0.50664145,0.51659805,0.5672166,0.50433695,0.478569,0.5050381,0.5143265,0.50151885,0.46379903,0.5465174,0.49142706,0.47507396,0.5009311,0.5014886,0.5283514,0.4852509,0.506392,0.50086087,0.52869475,0.47902536,0.46274602,0.53054637,0.5411378,0.48754072,0.50207484,0.544588,0.50742245,0.51420975,0.50689036,0.49467933,0.5616333,0.45992827,0.449515,0.45142856,0.48183957,0.50873834,0.5109101,0.48580068,0.4782874,0.5263555
2024-08-30,0.0,-0.644774406444964,0.5707079463983532,-0.25402649674755,0.48737052,0.48883414,0.510087,0.52132016,0.57295555,0.5524657,0.56885076,0.5301152,0.5378165,0.46538937,0.5084371,0.48818403,0.5352922,0.49655032,0.49755746,0.5230756,0.51506066,0.4980812,0.45504025,0.56685126,0.5262275,0.47020596,0.5083791,0.5096377,0.55295825,0.5026451,0.5167851,0.51901996,0.5026322,0.55268824,0.4832241,0.549734,0.55498666,0.49124685,0.52708066,0.52562845,0.5098409,0.5127673,0.52909267,0.5252793,0.54945165,0.5006384,0.45215702,0.451321,0.532207,0.5098979,0.47693455,0.51058483,0.48221397,0.5091247
2024-08-31,0.0,-3.052511849586606,0.173823840312497,-2.87634153194433,0.5106245,0.52134603,0.5449221,0.50714445,0.5760509,0.54338956,0.59710455,0.53013945,0.5498194,0.5164436,0.51267505,0.52783036,0.5495384,0.5402057,0.5048077,0.5276698,0.5250333,0.53380805,0.4853555,0.5712415,0.51224095,0.5046711,0.4914832,0.52641594,0.54304117,0.48537618,0.528524,0.5510769,0.5174526,0.53180796,0.50942534,0.5637475,0.5131515,0.484201,0.5280641,0.50164133,0.50748676,0.5453481,0.505336,0.5112092,0.55272007,0.48614353,0.45094982,0.46153742,0.48408934,0.49575183,0.48417014,0.46627188,0.45098665,0.518743
2024-09-01,1.0,-0.3038719680031078,3.639354052672333,3.14413475808036,0.53698987,0.5117928,0.5261755,0.49655345,0.5425966,0.53312683,0.6087065,0.4900726,0.46945843,0.5238237,0.4993344,0.5331305,0.5777584,0.50040174,0.54967016,0.49672556,0.480408,0.49833378,0.50910693,0.5607288,0.5076513,0.50431025,0.48284727,0.5715925,0.5485256,0.5201696,0.53488696,0.50535417,0.5225962,0.55541325,0.54199016,0.50862277,0.5978264,0.45614803,0.5238407,0.52413,0.48814598,0.5140949,0.5497823,0.5434147,0.5730819,0.51945865,0.51733315,0.44317624,0.5346739,0.5656867,0.50129926,0.4899239,0.47166717,0.502733
2024-09-02,0.0,-2.946883827949104,1.1392587667462943,-2.82028977798505,0.58697355,0.58531857,0.6045415,0.61690104,0.5862301,0.5801953,0.6011952,0.5839177,0.6015869,0.627749,0.50541717,0.63232946,0.61472493,0.6346953,0.5653187,0.58282757,0.6123362,0.6220079,0.5987753,0.6504835,0.62511873,0.5854565,0.53155977,0.66758215,0.60436726,0.53063977,0.6195686,0.61412,0.6145688,0.6678274,0.57720995,0.5982465,0.6212549,0.557704,0.62388784,0.6262211,0.6172472,0.6050789,0.62663794,0.5916827,0.59430414,0.5832154,0.6023341,0.57732606,0.61518145,0.6099978,0.56608033,0.5354341,0.56959456,0.55984366
2024-09-03,1.0,-3.328042462445276,1.7779954103143003,0.8369626775024799,0.41434628,0.48074973,0.46570572,0.4755877,0.5099864,0.5340711,0.48035562,0.44483322,0.49970853,0.49367166,0.5063775,0.47548386,0.4927274,0.47864157,0.4776013,0.46181905,0.43307745,0.50949633,0.48496732,0.48894548,0.5033721,0.42533326,0.47031912,0.494007,0.510973,0.46134174,0.5091719,0.49228227,0.47933632,0.55011916,0.43532798,0.47160575,0.39897943,0.46045697,0.47144067,0.4893448,0.5036208,0.48413596,0.54057574,0.46919784,0.52374464,0.4537812,0.45856658,0.46480668,0.56401104,0.50145227,0.49126756,0.39585584,0.46691906,0.47063926
2024-09-04,0.0,-4.097319531161772,0.61251475592904,-3.1380338826720298,0.3116615,0.37357068,0.39882788,0.36144677,0.3454818,0.40645975,0.3419031,0.3460559,0.39114502,0.39413622,0.5062221,0.36681685,0.39543602,0.37040934,0.34310806,0.337511,0.32825395,0.39449412,0.367229,0.37392092,0.3474887,0.2949581,0.3307015,0.34744653,0.36346146,0.33318505,0.39506447,0.37342542,0.3423971,0.33385473,0.33250707,0.370637,0.2728306,0.3455117,0.3224098,0.3405195,0.35684147,0.38413882,0.35620514,0.31946307,0.37606502,0.33865398,0.31977135,0.35018432,0.40203854,0.3670721,0.4102421,0.2633265,0.33199045,0.34660152
2024-09-05,0.0,-6.679572435313752,1.463078718738255,-4.026275108028861,0.39388067,0.47472116,0.50572854,0.4813131,0.49475205,0.5138735,0.47140083,0.4653064,0.50441706,0.4741758,0.5128872,0.46107125,0.5055614,0.46044996,0.42833176,0.47061178,0.4450391,0.47142473,0.42771533,0.49486563,0.45278168,0.40782216,0.44337824,0.46748433,0.44923374,0.41701475,0.4692831,0.4605849,0.46183518,0.43388784,0.42053768,0.47798836,0.3447538,0.43524277,0.43618202,0.45824093,0.43126127,0.4705684,0.45477754,0.41704425,0.504286,0.43604347,0.39364743,0.42652175,0.47413898,0.4434371,0.5123201,0.36824125,0.40976423,0.4404409
2024-09-06,1.0,-0.4037383774983247,1.630411612543022,0.36604367595428,0.37990692,0.4388193,0.46698883,0.44958302,0.48025882,0.5130408,0.47241026,0.4232289,0.46042812,0.43714884,0.51223993,0.4134071,0.4701485,0.40295383,0.43061388,0.4238864,0.3978898,0.44051486,0.39082178,0.47160995,0.45670074,0.35959366,0.42772785,0.44974858,0.43980286,0.4157742,0.4253374,0.43840742,0.4226216,0.47155452,0.39059258,0.44724035,0.34002084,0.4133962,0.4382705,0.43407288,0.39951673,0.43666247,0.4637014,0.39945364,0.49343464,0.44438016,0.36587355,0.39180368,0.47462624,0.4581102,0.4817654,0.40545627,0.38106593,0.39511198
2024-09-07,1.0,-0.9868354348168912,2.113984549771029,1.30073324703566,0.45154637,0.5181451,0.54592156,0.5317108,0.5386066,0.5497775,0.5633066,0.49012685,0.55966604,0.5356351,0.51976097,0.49818414,0.54458565,0.5165532,0.4771665,0.5090138,0.4832995,0.50773245,0.45233896,0.5565918,0.49751037,0.47430828,0.47949612,0.52592087,0.5113263,0.4799694,0.49410328,0.5144837,0.5061035,0.53507006,0.48502952,0.5269315,0.432606,0.4563085,0.52826685,0.48114324,0.4669753,0.5329082,0.5158338,0.47997612,0.57457995,0.54532635,0.41121522,0.44662657,0.5155738,0.4990302,0.5421644,0.44790268,0.39983565,0.47186637
2024-09-08,1.0,-0.5079220664852013,5.699326225223725,3.882199877924,0.53294826,0.5438335,0.5479939,0.52705264,0.5790706,0.5828609,0.63580483,0.49344093,0.48832783,0.56814766,0.50729513,0.55140114,0.6406194,0.5041519,0.5796094,0.50733405,0.46827734,0.49388948,0.53001285,0.58259326,0.53859276,0.52320606,0.51456594,0.6238031,0.58290744,0.57128054,0.53615,0.51777846,0.5673942,0.5942067,0.5605754,0.51192594,0.5733401,0.45901725,0.56545794,0.56592685,0.486773,0.5304593,0.60540557,0.5656315,0.6278895,0.5992904,0.5166163,0.44594884,0.60424304,0.6013812,0.6158721,0.50261724,0.46683502,0.5278936
2024-09-09,1.0,-1.1559843930366944,1.7419707196105607,1.03593603630522,0.57257223,0.5634321,0.5486195,0.61889434,0.57183766,0.5865189,0.585288,0.531861,0.5765918,0.60990596,0.5044559,0.5870686,0.61683834,0.6111029,0.56389403,0.5694439,0.5778459,0.577211,0.57036793,0.6058404,0.58273935,0.5835753,0.5153148,0.6449739,0.5521598,0.54920185,0.59914094,0.5859884,0.616266,0.64517814,0.6088412,0.5773908,0.59415585,0.53603214,0.62833595,0.5886109,0.5841817,0.5941032,0.6279651,0.59280795,0.5927775,0.5842483,0.5611122,0.53468746,0.6156208,0.6045612,0.6281629,0.46014717,0.5519325,0.5978801
2024-09-10,0.0,-3.695027529024174,0.5980417019196956,-0.5183618786241599,0.412539,0.4787326,0.41121998,0.48448142,0.506525,0.5131672,0.45360592,0.39430293,0.5125696,0.4877159,0.5080023,0.4424352,0.46647352,0.4750266,0.4533374,0.4319331,0.44749838,0.4875347,0.47261474,0.45910767,0.46541446,0.46062857,0.44588265,0.4470816,0.44563034,0.45181224,0.5037211,0.47499493,0.46114624,0.51395,0.47943226,0.45699263,0.34523734,0.47350088,0.4622929,0.43306458,0.48071447,0.47600675,0.5047822,0.44083032,0.49947235,0.4005602,0.42644304,0.45730883,0.5057,0.46031138,0.46563143,0.353505,0.4728163,0.51038563
2024-09-11,1.0,-0.0244195985933828,2.1566317274301783,1.3758211280425099,0.28816074,0.3401558,0.33534157,0.30488706,0.30579847,0.3626035,0.3281414,0.29665753,0.34127077,0.35936308,0.50251937,0.33665553,0.37174338,0.32681006,0.31531155,0.29531646,0.30854115,0.35841164,0.308767,0.32481003,0.29499424,0.2815553,0.29860014,0.29188496,0.30680048,0.31847543,0.34455383,0.34111974,0.28884655,0.31741026,0.29665753,0.33869937,0.24346392,0.35086253,0.29663706,0.29715157,0.3247185,0.33871555,0.3244789,0.29256004,0.3723179,0.31333527,0.27038842,0.32952356,0.34272987,0.3476532,0.38645804,0.25929546,0.33048245,0.33596468
2024-09-12,1.0,-0.8633064614233354,4.1985557795463295,3.98885151769493,0.4009002,0.45115697,0.45959193,0.46252057,0.47864348,0.49259087,0.4904343,0.4582085,0.49245253,0.45777282,0.5070336,0.4429903,0.5044799,0.4446445,0.41957957,0.44694456,0.45838946,0.4497916,0.41606957,0.4855195,0.43714702,0.41760704,0.45025167,0.4384056,0.43444356,0.4321968,0.4498005,0.44420806,0.44303066,0.46912563,0.40390977,0.49168935,0.46938297,0.4515279,0.4511052,0.44928676,0.43326423,0.44499537,0.4983635,0.45350868,0.4961798,0.4803817,0.3673861,0.44649887,0.4970625,0.47367382,0.5157133,0.41786104,0.4540134,0.46080995
2024-09-13,0.0,-1.8316080270534048,0.1857013813905075,-0.8381917831569,0.42149997,0.45722863,0.45060447,0.47286445,0.5140977,0.52806085,0.52972716,0.45939934,0.49919546,0.44491947,0.5078371,0.44363996,0.50831294,0.43319938,0.4718326,0.4551365,0.46598098,0.46029988,0.39480513,0.5163339,0.478979,0.43916783,0.48490682,0.45081735,0.4944181,0.4930354,0.46665365,0.47147363,0.4308221,0.5366383,0.40655237,0.50274837,0.45021763,0.47331205,0.5122613,0.46891972,0.4604054,0.44303608,0.52051693,0.49895874,0.539185,0.48049018,0.38765466,0.43122455,0.47629315,0.51352143,0.48468125,0.47879058,0.46245617,0.46627665
2024-09-14,0.0,-2.1941143785667574,0.6691177291594927,-1.44561557687207,0.42155492,0.43238595,0.43427727,0.4078756,0.4267554,0.4405527,0.4440334,0.41102457,0.43387046,0.44455454,0.5085796,0.4136419,0.4559831,0.4307747,0.41055542,0.38753024,0.42356777,0.44726816,0.38695613,0.43820074,0.38392663,0.37782022,0.42213076,0.4004677,0.39313096,0.3997708,0.40061963,0.46259853,0.37088215,0.40075588,0.38197744,0.42468855,0.3344452,0.43957627,0.4412078,0.3752454,0.40926108,0.43169537,0.38221356,0.3866981,0.43098378,0.3371705,0.3255782,0.41862437,0.32402048,0.4006657,0.40065682,0.36427686,0.35201785,0.43197566
2024-09-15,0.0,-2.810381376385435,0.133003576226771,-1.56465291807425,0.4808377,0.45040163,0.4416512,0.42878643,0.42845345,0.456657,0.5160735,0.4303258,0.42652938,0.47338626,0.4919108,0.46062386,0.50547874,0.43883377,0.46700615,0.4390815,0.45783377,0.45765868,0.4284694,0.4798433,0.4315421,0.4550943,0.43811768,0.47063667,0.43397158,0.45240614,0.4840815,0.45466366,0.4393125,0.45367566,0.45451525,0.45689386,0.47741964,0.43604413,0.4770522,0.43593335,0.44881618,0.45373544,0.45032707,0.50117475,0.49234235,0.4428067,0.4328028,0.40739307,0.39698842,0.48550427,0.46978918,0.3944249,0.42463714,0.47768536
2024-09-16,1.0,-1.0429366532848623,5.198035014551255,3.5438379599161,0.52802247,0.5108191,0.4947849,0.5343595,0.48114622,0.50931334,0.5469788,0.49826255,0.5268721,0.5555339,0.49054754,0.5322443,0.548031,0.5423256,0.48782855,0.50991875,0.5462912,0.54632336,0.5033626,0.5602601,0.520862,0.5165716,0.482976,0.5357235,0.47542566,0.49541393,0.56132334,0.5222721,0.5172241,0.6014444,0.5025091,0.52841014,0.5189905,0.51147896,0.53506047,0.5401799,0.5637883,0.51683074,0.5549272,0.5821533,0.5498596,0.53308743,0.5277508,0.48577464,0.5337378,0.57196456,0.5118311,0.468586,0.51594234,0.5499734
2024-09-17,1.0,-1.906830786858693,2.4116602493680475,2.36916603421471,0.4802603,0.5163288,0.47759932,0.52576035,0.530635,0.5420388,0.53375363,0.5051461,0.5501526,0.53629065,0.50062793,0.50730675,0.5565413,0.5241805,0.4984431,0.50173175,0.49530837,0.54396325,0.5200072,0.53499216,0.5071544,0.5298174,0.5143069,0.496088,0.5014147,0.5053881,0.5368934,0.51471955,0.5114058,0.5683032,0.46851796,0.5219945,0.5100105,0.5177791,0.52070695,0.54217327,0.5505798,0.51584965,0.5655868,0.5391779,0.57580346,0.5236324,0.4804122,0.48623523,0.56277543,0.5475049,0.5238787,0.49232733,0.52360845,0.5707058
2024-09-18,1.0,-0.3324659699830828,3.3280838679139224,1.90530860779139,0.37820628,0.40731505,0.39936578,0.4143118,0.39203635,0.42632994,0.3952689,0.39903983,0.42065197,0.4086295,0.503154,0.40061304,0.43274373,0.39438087,0.3905769,0.3815034,0.39172977,0.42775512,0.3746613,0.42636156,0.37587655,0.35761684,0.3951775,0.36119998,0.38175124,0.38558307,0.4385041,0.41458023,0.3854509,0.3877427,0.36704063,0.4126427,0.4054916,0.40855825,0.39935824,0.37704477,0.42871314,0.42003837,0.38223374,0.39302605,0.45757365,0.3589801,0.3559862,0.38545036,0.38098815,0.41402194,0.4123823,0.3590402,0.39704537,0.43279493
2024-09-19,1.0,-0.9545157751277517,1.8655211785943835,0.40120850615298,0.44685555,0.45541194,0.47104475,0.4776883,0.50621283,0.4982818,0.50274706,0.4982159,0.50289744,0.4521297,0.5049545,0.46254954,0.5135763,0.45247647,0.4326741,0.46519962,0.49397415,0.4831421,0.42826363,0.5038152,0.46542037,0.4389771,0.4754692,0.44480926,0.4756483,0.4445812,0.48722854,0.49758086,0.44482934,0.4612919,0.44041225,0.5099753,0.45257306,0.4807399,0.48267847,0.4827807,0.47631124,0.48503178,0.46575695,0.4677879,0.51027364,0.4375975,0.3969857,0.45181248,0.45217142,0.46466705,0.4502156,0.45643735,0.47120467,0.49458054
2024-09-20,1.0,-0.7034855013283233,0.566185341187356,0.23375749611005003,0.46020734,0.4538101,0.45683324,0.46888235,0.5197999,0.5041507,0.5149248,0.48160946,0.4921805,0.44806153,0.50542486,0.44847277,0.5123475,0.4479065,0.45448807,0.46282548,0.48808002,0.48392552,0.42585796,0.51484483,0.491129,0.4412141,0.48918575,0.44668403,0.49442893,0.4684983,0.47231665,0.49606323,0.43453023,0.52058065,0.42472267,0.5035473,0.45482054,0.48327,0.49604493,0.47702962,0.48037413,0.48298916,0.49569958,0.5016566,0.4963596,0.46813744,0.4022455,0.44440222,0.5406606,0.49734437,0.48721758,0.4904772,0.48283982,0.47585505
2024-09-21,1.0,-1.5767640616678191,1.022459345971876,0.36209624041565003,0.4502911,0.43772906,0.444704,0.4158569,0.44923759,0.45115116,0.47556797,0.4504682,0.45104972,0.44298908,0.50353926,0.43439135,0.4960967,0.44717383,0.42781913,0.41722706,0.45592234,0.46683112,0.40538636,0.4602433,0.4260559,0.41618863,0.43583813,0.40942755,0.4485951,0.42166835,0.43491912,0.4797327,0.40050843,0.4330568,0.38860118,0.46217364,0.3831761,0.4522027,0.45738333,0.41991222,0.45055598,0.4605621,0.40280658,0.4631274,0.45668215,0.38240743,0.3646197,0.40871862,0.38704887,0.44250953,0.46752352,0.39837137,0.41372287,0.46351346
2024-09-22,0.0,-1.6493087682348233,1.8190616907475428,-0.37625690717466,0.45007893,0.4154065,0.4191649,0.37982753,0.37614727,0.4024236,0.45028877,0.3988278,0.38410145,0.42704347,0.48518005,0.41595584,0.4784954,0.41819263,0.42756316,0.3882445,0.4160944,0.42217445,0.39124876,0.42100966,0.3994531,0.39263436,0.4067097,0.4215711,0.40547532,0.42072594,0.44638625,0.4056131,0.4006419,0.39939293,0.4031187,0.41023338,0.45181885,0.4013188,0.40615365,0.40835008,0.42861792,0.4157279,0.4027552,0.47465262,0.42981675,0.41508636,0.41916656,0.36352095,0.3789927,0.47181976,0.4239467,0.37381548,0.39674875,0.4349718
2024-09-23,1.0,-1.0155435593488105,2.105882966605196,1.44624863793905,0.5041045,0.49502486,0.49622187,0.4972656,0.44947684,0.47014713,0.4841165,0.49221236,0.51711243,0.5296437,0.48829243,0.51028514,0.51439065,0.5255334,0.4530532,0.46446812,0.536556,0.5398877,0.46918866,0.53174293,0.52981424,0.46384054,0.4696715,0.50935507,0.46027532,0.469014,0.54462177,0.5076728,0.48625395,0.55038404,0.45394787,0.5186373,0.4799198,0.4995048,0.4972723,0.52887964,0.5676833,0.5067058,0.49532515,0.55472755,0.47124332,0.5120947,0.5308625,0.48708788,0.5178238,0.5306607,0.46483248,0.48275268,0.4870284,0.50722396
2024-09-24,0.0,-2.0684996217913603,0.8603818673004653,-1.7434692343162501,0.48826092,0.50306034,0.45465478,0.5101269,0.5266856,0.53102934,0.5119655,0.5115585,0.5395733,0.5074602,0.49610972,0.49156892,0.5494072,0.50515634,0.49712852,0.5091751,0.5200891,0.5506453,0.49313852,0.52778757,0.53274715,0.5114837,0.5307249,0.4660713,0.51755714,0.5145328,0.5513929,0.5327765,0.4859504,0.5607916,0.46050015,0.536122,0.50648403,0.53470737,0.52992046,0.5617391,0.5775482,0.53363496,0.5285205,0.5902583,0.5512118,0.5266467,0.5093191,0.48693317,0.5698641,0.5252078,0.48382187,0.53469944,0.53680336,0.5762212
2024-09-25,1.0,-0.7661813032007191,4.166769064952073,3.15157856913509,0.39705727,0.39884833,0.40269542,0.37673888,0.3576249,0.38566625,0.36598912,0.40847343,0.3983683,0.4041718,0.49733117,0.39966115,0.44943783,0.4077599,0.36660215,0.37055585,0.39930898,0.42912275,0.39075974,0.38482684,0.35884348,0.33904386,0.39085728,0.35296196,0.35030457,0.3538899,0.40573153,0.4109214,0.37640166,0.3408893,0.34365046,0.40368196,0.38000613,0.4127312,0.36636963,0.39639488,0.4254803,0.43367153,0.3451396,0.36217856,0.39232975,0.3532522,0.3538479,0.38497385,0.36937165,0.40417218,0.3985293,0.36906248,0.39031982,0.43185753
2024-09-26,1.0,-0.5447807981455111,2.0111409061628733,0.91025841280016,0.46358985,0.4648816,0.4763633,0.487145,0.518395,0.5033887,0.5049423,0.52974695,0.5085437,0.44303823,0.49831566,0.47906935,0.55807626,0.46991786,0.4528862,0.49414933,0.5170692,0.47965524,0.45145193,0.5080822,0.4908854,0.44905442,0.49976283,0.4637958,0.5356732,0.47593287,0.49853292,0.4986006,0.47902626,0.45893568,0.4345601,0.5308201,0.5213723,0.4881508,0.5017691,0.52898175,0.5086105,0.49815995,0.48629782,0.52805525,0.5047749,0.46450102,0.4446673,0.45499313,0.5089533,0.4879592,0.48897,0.48788053,0.5139618,0.5229509
2024-09-27,1.0,-0.530093812363442,0.7423349783805859,0.13378619530761,0.5415291,0.534101,0.52947646,0.5451651,0.6197514,0.5700901,0.59687823,0.5715167,0.579769,0.5169193,0.505879,0.5313988,0.60925084,0.53768647,0.5384961,0.5685158,0.57452464,0.539648,0.51662517,0.61082584,0.58547527,0.5384648,0.5764252,0.54388416,0.59938264,0.5703442,0.5660618,0.5597299,0.54081666,0.59832525,0.5082956,0.5974451,0.61596817,0.54933566,0.58875364,0.5831907,0.5726313,0.55970144,0.5917171,0.6337968,0.5958492,0.5866928,0.51532394,0.506575,0.6349614,0.56906396,0.568768,0.58591455,0.56730497,0.56586766
2024-09-28,0.0,-0.6489473608347254,0.3306501740787149,-0.38945733164771,0.5095174,0.47859704,0.48634455,0.4640016,0.5098734,0.48551354,0.5184719,0.49879044,0.49274603,0.48254842,0.50414693,0.4796953,0.53659683,0.4883934,0.47602674,0.4783332,0.5046014,0.5092713,0.46578804,0.5008315,0.4899676,0.4712333,0.49937683,0.45784906,0.4843693,0.4568432,0.4803267,0.52812403,0.45907822,0.47567323,0.45141613,0.51610994,0.47221166,0.49714252,0.51419675,0.48934257,0.50606406,0.5215182,0.4378241,0.51415586,0.49223715,0.41081285,0.43164486,0.44722757,0.41794953,0.46860862,0.49521855,0.45387796,0.44976103,0.51288635
2024-09-29,0.0,-4.27551670483612,0.0255904533612225,-3.52852405547545,0.48046267,0.42953178,0.4406436,0.40683976,0.40101403,0.4109017,0.4674509,0.4261463,0.41706333,0.44385514,0.4854441,0.4439335,0.49046436,0.44104245,0.44632092,0.43271372,0.4547747,0.45506153,0.42205015,0.44082534,0.42652425,0.4295242,0.43664032,0.44356972,0.4029953,0.43180275,0.4796327,0.44236517,0.41788074,0.4211371,0.43900216,0.44588825,0.48892686,0.4257262,0.4434423,0.43687546,0.47030124,0.45507893,0.40941945,0.49792078,0.4335485,0.43386993,0.45304263,0.38732618,0.40220863,0.47735336,0.43849155,0.41018856,0.42032266,0.46382073
2024-09-30,0.0,-5.124692837682156,1.260100173814555,-4.06362449266593,0.5135441,0.48262903,0.4903392,0.48528257,0.44582218,0.45994312,0.48637027,0.48812655,0.49551353,0.5138909,0.48337692,0.4957843,0.5178512,0.51706845,0.45650977,0.45703167,0.5186176,0.52560544,0.4856623,0.5032525,0.5026099,0.47120345,0.46585664,0.50635713,0.45765513,0.4498324,0.54349834,0.49339426,0.46805975,0.5304849,0.47377613,0.51110536,0.480918,0.49067354,0.4778298,0.5277143,0.5554112,0.50515234,0.48836616,0.55217516,0.45408124,0.50016004,0.53267556,0.46537614,0.5110925,0.53492206,0.45748222,0.46896964,0.4829864,0.52201116
2024-10-01,0.0,-1.334028802102854,2.5725124612212737,-0.25770863167755,0.5633201,0.5790016,0.5449435,0.6133536,0.6361608,0.60770917,0.6158064,0.6106466,0.6398281,0.58723027,0.4993442,0.5834762,0.63730466,0.58926237,0.566947,0.6144141,0.59906334,0.61959696,0.5950714,0.64193827,0.62055105,0.6300575,0.5991782,0.57906544,0.6198616,0.6099334,0.64306855,0.59561116,0.5846811,0.6643282,0.56121373,0.64483577,0.6311483,0.5930601,0.61407596,0.6536869,0.65328455,0.6090131,0.6363002,0.69066405,0.6626678,0.67109346,0.60796577,0.54867196,0.6909692,0.61458963,0.5874582,0.6195822,0.6235277,0.6467255
2024-10-02,1.0,-1.3632146526965612,1.355844777886957,0.17039263528478998,0.42717022,0.43824202,0.4438462,0.43073556,0.40446684,0.43148145,0.4164136,0.43928465,0.44325086,0.43778333,0.50153947,0.43583778,0.47672155,0.4298548,0.4065294,0.42430845,0.41812083,0.46091735,0.42098114,0.45475203,0.41371125,0.3960247,0.41006446,0.38904792,0.40453485,0.38878727,0.45671278,0.42458713,0.43091178,0.3960485,0.36690313,0.43254596,0.476331,0.4144049,0.41282892,0.4466864,0.46181038,0.46571904,0.40181744,0.4277922,0.48316693,0.41842467,0.41551352,0.37855703,0.43052176,0.4548394,0.47491065,0.40737364,0.40320137,0.45654634
2024-10-03,1.0,-0.4831354915363881,2.8112437079525776,2.17088304100372,0.47390315,0.47860909,0.5314262,0.4881453,0.5035207,0.5009951,0.500375,0.53457355,0.51035833,0.45275655,0.5042649,0.49870968,0.5342269,0.4931659,0.44705063,0.48396948,0.50407296,0.4876727,0.46549872,0.51328844,0.46528828,0.42507768,0.46563965,0.49474847,0.49132523,0.430031,0.49750897,0.49078774,0.5054964,0.43665496,0.4527735,0.5061847,0.49889132,0.46403965,0.46565908,0.521872,0.48817387,0.5124676,0.46037918,0.44850832,0.5026787,0.4123812,0.44359946,0.43778265,0.44721296,0.4658421,0.46091413,0.43503258,0.45184493,0.5050856
2024-10-04,0.0,-0.641067300081449,0.4572848484129531,-0.04510890655172,0.5304196,0.5332474,0.56104815,0.57332486,0.63681835,0.6053522,0.6367199,0.5932129,0.6052152,0.4976798,0.50841737,0.55246806,0.5836793,0.54858303,0.5501751,0.596045,0.5746563,0.54629177,0.5087122,0.63482624,0.59530395,0.5416242,0.54507107,0.57739514,0.6140475,0.56208646,0.5926295,0.56512874,0.56855524,0.6151915,0.5358304,0.62764806,0.58440757,0.5249,0.5844758,0.5871768,0.57385814,0.560078,0.58267844,0.6027738,0.612946,0.5603804,0.5273647,0.48227304,0.5936435,0.5583659,0.50486696,0.54396945,0.55450875,0.5588359
2024-10-05,1.0,-0.4182733965633594,1.4668390614952314,1.22026298209962,0.4956084,0.49529433,0.5159733,0.47640035,0.54336,0.5120061,0.5346021,0.48722062,0.5058731,0.48038623,0.51052135,0.48029292,0.50783217,0.5105146,0.49247277,0.484372,0.48415762,0.51219463,0.47759575,0.5222035,0.4910635,0.46565017,0.47957247,0.484699,0.49381483,0.46891725,0.49659783,0.5246689,0.48065013,0.4902596,0.4903896,0.5144848,0.453125,0.46654937,0.48053214,0.4550646,0.4821354,0.51452756,0.4687694,0.46911347,0.5037365,0.4147045,0.44595623,0.43581775,0.45036054,0.46467048,0.44388482,0.42857036,0.42449427,0.48707452
2024-10-06,0.0,-1.1075288455406291,2.6054965640062138,-0.95312840313263,0.5153349,0.48073056,0.4925032,0.4454259,0.4822157,0.4785548,0.5162978,0.45607096,0.43137375,0.48677075,0.49567282,0.48991993,0.53331745,0.47659123,0.5064898,0.45696715,0.46002805,0.4836135,0.48312926,0.50535446,0.46336982,0.46611446,0.45266056,0.52379143,0.48448333,0.47356647,0.50363743,0.48364758,0.4763178,0.47351018,0.50505877,0.4711737,0.54405284,0.43650427,0.47871166,0.4641515,0.45791084,0.4941868,0.4890354,0.49468255,0.49099988,0.45872295,0.4849601,0.42601395,0.4765662,0.5062231,0.4641824,0.4367896,0.43717378,0.47868073
2024-10-07,0.0,-0.5861998853149961,1.5563523739420326,-0.10211885021863,0.55989116,0.5453323,0.5468659,0.56247085,0.53671545,0.542915,0.54266244,0.5417199,0.5423403,0.5766787,0.49650595,0.56890833,0.56530935,0.58275807,0.5277374,0.5359448,0.56918883,0.57760173,0.5642774,0.5964535,0.5649719,0.5238774,0.50251377,0.608422,0.53656685,0.48893568,0.59256756,0.56377494,0.55342376,0.61827946,0.55016845,0.5603551,0.54881734,0.5259217,0.56407106,0.5678737,0.5751028,0.56479985,0.58034456,0.5718182,0.5463156,0.53225946,0.56771284,0.534524,0.56690073,0.5694739,0.52064323,0.47653046,0.5399651,0.5543552
2024-10-08,0.0,-3.037090156764716,0.6146722945424044,-2.48304829764271,0.4870362,0.5222374,0.47625458,0.5557391,0.5609862,0.55980974,0.5117667,0.49710295,0.5736541,0.5332162,0.50457084,0.50488484,0.52974445,0.52490723,0.50966406,0.526444,0.51666486,0.5686313,0.53574836,0.5462087,0.56159955,0.53096634,0.51657313,0.49781978,0.52268624,0.5113318,0.59028596,0.5536045,0.50762826,0.5896267,0.50855285,0.5553136,0.43542242,0.51638675,0.53683496,0.53188145,0.5705435,0.54326344,0.5568484,0.5757237,0.56539094,0.5079381,0.52294767,0.49980986,0.56317014,0.5236526,0.4969352,0.45573863,0.5473522,0.5732306
2024-10-09,0.0,-2.826733536724812,1.1244344953811352,-0.51194528325319,0.31753013,0.34594703,0.35766146,0.3003077,0.2772136,0.32892418,0.28265378,0.31349286,0.31303588,0.36087647,0.5007197,0.32445428,0.37396687,0.33669084,0.2916116,0.29252625,0.2966025,0.36862734,0.34119138,0.3070955,0.2855976,0.24285649,0.2965169,0.28843313,0.2738891,0.2684845,0.3292655,0.3272638,0.29476005,0.2672721,0.2722516,0.29773808,0.23925185,0.33163264,0.2729247,0.30811045,0.32057,0.35889754,0.29686373,0.270799,0.3243816,0.2730126,0.28135407,0.31490263,0.3185544,0.34012455,0.37355694,0.2487094,0.28049073,0.33290502
2024-10-10,1.0,-0.3965489949370496,4.9971141600212015,3.6036698927449105,0.42987427,0.46116552,0.48971263,0.49073946,0.5000255,0.49526674,0.49181816,0.5049904,0.5054421,0.4459014,0.5041835,0.4648338,0.52083087,0.4653244,0.43125063,0.4831642,0.485376,0.4673469,0.44572923,0.5015725,0.46366736,0.42923796,0.45738643,0.46478906,0.48020735,0.4337,0.48861712,0.46937573,0.4692268,0.43970042,0.43005297,0.50918657,0.4605221,0.45851466,0.4676042,0.48361474,0.4665236,0.4691368,0.47787172,0.47841942,0.50731885,0.44058958,0.4133986,0.4417582,0.48775697,0.46103975,0.49674216,0.4298445,0.4662222,0.48883784
2024-10-11,1.0,-0.0844136163514191,1.4918543628513017,1.05963620019293,0.4884592,0.5196546,0.5268563,0.53406876,0.6019044,0.5788448,0.60925114,0.5416925,0.55305207,0.49363697,0.5099041,0.5082129,0.5743677,0.50640035,0.5243001,0.5546994,0.52427334,0.5092773,0.48055893,0.5989691,0.5588977,0.5057868,0.5323881,0.5444413,0.5822607,0.55805016,0.54362214,0.51343024,0.52978116,0.5879216,0.48054054,0.57910645,0.5747819,0.5011881,0.5506974,0.5519858,0.5180407,0.5171822,0.58753455,0.58259094,0.60282665,0.5800812,0.4751849,0.4657992,0.58980495,0.56053644,0.5297103,0.54578257,0.515943,0.51922756
2024-10-12,0.0,-1.846220238100833,0.125699725164743,-0.53332935199566,0.4799589,0.48669913,0.49730697,0.49383038,0.5204625,0.51586694,0.524918,0.47226235,0.5071044,0.47852513,0.51195735,0.47158402,0.49820274,0.48645833,0.48111713,0.47253993,0.48122442,0.5052139,0.44611216,0.5262815,0.47939208,0.4563458,0.48014513,0.47532088,0.49331787,0.48070687,0.48318496,0.5228104,0.46143886,0.5054448,0.47290006,0.5154046,0.46844858,0.47323254,0.51444656,0.44257775,0.47830942,0.5016472,0.46794498,0.4707681,0.51515466,0.43228135,0.41880256,0.44363645,0.42188802,0.46435705,0.47708628,0.448398,0.4154935,0.4869161
2024-10-13,1.0,-0.6578131711398755,5.61325271501405,4.98570882341062,0.51806474,0.48021638,0.4789174,0.44944584,0.47468293,0.4778143,0.5293309,0.45401165,0.44240102,0.49350592,0.4972617,0.48082337,0.52195066,0.47204182,0.49210635,0.45728546,0.47472176,0.48546928,0.48269612,0.5199423,0.46630868,0.47934154,0.4592779,0.51867133,0.45985875,0.48216483,0.5068416,0.48495737,0.47281414,0.47978768,0.5067346,0.47877318,0.5382955,0.45305955,0.50067616,0.45592645,0.46429926,0.4955749,0.4861019,0.49028084,0.49678886,0.46448106,0.46874106,0.43574804,0.45393294,0.5017426,0.4697654,0.4371892,0.43768954,0.4887991
2024-10-14,1.0,-1.9620751066569384,2.7845631851378605,1.48720660152124,0.55195767,0.5370278,0.5264655,0.5538447,0.5251685,0.53388715,0.5576651,0.525808,0.53783554,0.5729144,0.49494365,0.5550975,0.5593781,0.569424,0.5181567,0.5346062,0.56604636,0.56837237,0.5556806,0.59518224,0.55432785,0.5415416,0.49718112,0.5900011,0.51635003,0.4954021,0.58353883,0.5514139,0.54564244,0.6072504,0.5396375,0.5539467,0.54976296,0.5290027,0.5657381,0.5545431,0.57018316,0.55076295,0.57743305,0.5728354,0.55349064,0.5232069,0.5523164,0.5212225,0.55162495,0.5712555,0.52305084,0.47474188,0.54162675,0.5584691
2024-10-15,1.0,-0.4836936683601339,1.9925065517493856,0.8105370403983301,0.47534004,0.5131247,0.46152437,0.54615307,0.5530344,0.5478105,0.48925364,0.4859318,0.56276107,0.5194893,0.50442976,0.49241635,0.50677294,0.5132311,0.5058232,0.49902803,0.51335436,0.56288195,0.5255344,0.5333509,0.5532044,0.5135193,0.5088189,0.48443487,0.5025445,0.5085312,0.5798603,0.5425434,0.49031392,0.5812975,0.49235833,0.5393067,0.42929685,0.5171774,0.5364032,0.51515317,0.56753534,0.52337694,0.5495551,0.5590456,0.5424006,0.48922923,0.5074578,0.50199836,0.55477315,0.5202632,0.47364098,0.45090762,0.5491552,0.5722714
2024-10-16,0.0,-1.4208867335043358,0.4712186206717035,-0.29358340463448,0.35380638,0.3589283,0.36411244,0.34954172,0.31580603,0.35847795,0.32363713,0.34663737,0.3570771,0.38559675,0.5012593,0.3468437,0.39878458,0.35052726,0.32487884,0.3236141,0.3412354,0.40816855,0.36471015,0.34323347,0.33643562,0.31292415,0.34544712,0.31253928,0.31591588,0.31541827,0.3741296,0.38566428,0.30074283,0.31289697,0.31730807,0.36680472,0.283906,0.38414857,0.33891866,0.33199683,0.37283075,0.39736763,0.32324728,0.3154504,0.35834298,0.31606907,0.3063476,0.36309898,0.30970424,0.37147203,0.36310554,0.30163392,0.35624924,0.38339242
2024-10-17,1.0,-0.340856052896374,2.3138393478634307,1.48139864714204,0.39848825,0.40224513,0.43136382,0.4160357,0.4266083,0.4352289,0.4411594,0.46452355,0.42644092,0.39381295,0.49931347,0.41298616,0.4896022,0.4048506,0.37586623,0.41763407,0.4465393,0.43537387,0.39211205,0.42972797,0.4069349,0.36164728,0.42297074,0.40115505,0.4290827,0.38577577,0.42874882,0.44112846,0.38246536,0.39628416,0.3634885,0.44503778,0.43734822,0.442557,0.42811322,0.43825474,0.42854074,0.43359193,0.4321781,0.43241215,0.43604276,0.38961923,0.35372332,0.41447216,0.43811134,0.4376314,0.4565694,0.41745892,0.44656104,0.44251052
2024-10-18,0.0,-0.612734440249813,0.3868989110679894,-0.07309621248523,0.46325403,0.469634,0.47149602,0.48452234,0.5474603,0.53059614,0.5715939,0.5209991,0.5044163,0.4478212,0.5016997,0.46695268,0.5716692,0.46767032,0.48299274,0.4996355,0.5044049,0.478019,0.44763413,0.5499465,0.52201647,0.4687516,0.50891525,0.48705712,0.57810277,0.54747427,0.51081264,0.48949096,0.4650326,0.5524885,0.42895025,0.54089034,0.5556355,0.49085352,0.5288334,0.52191365,0.50440454,0.4750214,0.567339,0.5871053,0.5506275,0.53887767,0.4340801,0.44800565,0.6092227,0.5524577,0.5366393,0.53456163,0.526185,0.5058242
2024-10-19,1.0,-0.4073922309726469,1.4835732047565586,0.95188848804481,0.49940503,0.48453707,0.47700077,0.48281536,0.50764614,0.49900597,0.5330319,0.48440835,0.50295305,0.48113024,0.50548124,0.47508553,0.548921,0.4909875,0.48593014,0.47416463,0.4982754,0.5004666,0.4563538,0.5224276,0.48478332,0.47887126,0.50591105,0.4620221,0.50509745,0.5027314,0.49235663,0.52031374,0.46032003,0.47661126,0.4511529,0.5170707,0.47014093,0.49776775,0.5299513,0.46923837,0.50554186,0.49874118,0.468692,0.52705705,0.5221639,0.4192474,0.4267261,0.45143032,0.4075397,0.47704557,0.507517,0.46425927,0.45218906,0.5223882
2024-10-20,0.0,-3.2258292730925966,0.7037556099742073,-2.4258886053490003,0.45911804,0.41661537,0.41626507,0.37670687,0.37173983,0.39181584,0.44475406,0.390092,0.3689374,0.42621204,0.4849615,0.4123366,0.47631326,0.4134483,0.4224803,0.39014736,0.41007358,0.4177689,0.40477207,0.41485018,0.38506564,0.3970225,0.41629314,0.41484496,0.36276773,0.4138753,0.4382674,0.40733594,0.39710006,0.36516085,0.41632858,0.39375755,0.44283363,0.40655574,0.41031075,0.41104358,0.42306238,0.41872656,0.38085485,0.453769,0.42340168,0.37713304,0.41508347,0.36118624,0.35354102,0.46234748,0.40073645,0.37702462,0.3662959,0.44308326
2024-10-21,1.0,-1.2035777977191835,0.678204060334397,0.07195659176902,0.5364712,0.51706856,0.5230579,0.5407938,0.47641248,0.49986568,0.52802825,0.5298698,0.5469994,0.5497552,0.4889411,0.5538838,0.53144926,0.5568947,0.47787902,0.51674795,0.57623297,0.56616926,0.5049529,0.56709474,0.5434334,0.50057983,0.48988754,0.5359666,0.4797079,0.47407696,0.5897039,0.5439893,0.51013345,0.5975778,0.50800216,0.55211204,0.5091956,0.5232923,0.54310834,0.5618857,0.59459084,0.5360187,0.5147202,0.59638923,0.51846486,0.5273337,0.5515437,0.5021836,0.53273416,0.55048585,0.49300393,0.5003865,0.50559264,0.54575235
2024-10-22,0.0,-3.2651409044666964,0.069429811779976,-1.1295872772437,0.52096456,0.5321841,0.4879717,0.55387145,0.5649423,0.56458026,0.55442935,0.5427511,0.575411,0.544292,0.49929124,0.52707464,0.58227336,0.53445566,0.52245873,0.5524271,0.5406063,0.5822138,0.53744197,0.5781655,0.5701077,0.5610128,0.5503308,0.50683993,0.5601507,0.53886145,0.59059733,0.5619474,0.52730435,0.6044185,0.49828193,0.57224804,0.5588967,0.54843324,0.5596881,0.59571207,0.6030281,0.56279844,0.57584924,0.6267844,0.59433395,0.58138335,0.548764,0.50507194,0.62629855,0.56265146,0.5227649,0.55864674,0.5704347,0.5972745
2024-10-23,1.0,-0.2382515141074686,3.219539773725942,2.2684517152634798,0.37832993,0.38677606,0.39933643,0.35850736,0.3331852,0.37565932,0.35525873,0.38610116,0.3772329,0.3893609,0.49839893,0.3880813,0.42623177,0.39118192,0.3499796,0.35084376,0.3709727,0.41753164,0.3737967,0.37138668,0.33833408,0.31116563,0.35651043,0.33394426,0.3417682,0.32860616,0.39313832,0.38533425,0.36663947,0.32353732,0.32515052,0.36491737,0.370063,0.38443616,0.34169245,0.37855008,0.40304872,0.41402695,0.3390466,0.33893317,0.39722598,0.32861415,0.34168047,0.3463898,0.355132,0.39595962,0.4008554,0.3370973,0.3525693,0.4065026
2024-10-24,0.0,-3.890020511733232,0.8369924931304766,-2.22394294631636,0.47512558,0.48679063,0.51597726,0.51631,0.53354716,0.51774985,0.5222803,0.5480534,0.5325368,0.467389,0.5034854,0.50003624,0.5522337,0.4982012,0.4650865,0.5097699,0.5217456,0.49812248,0.47823995,0.5366357,0.4955242,0.46838748,0.4953712,0.49564072,0.5274237,0.47441822,0.51833326,0.5046829,0.5060781,0.46894783,0.4672531,0.5394521,0.5141158,0.48442334,0.49512157,0.5299157,0.5086122,0.5083504,0.4888819,0.50420254,0.52880514,0.4558483,0.45006078,0.45946163,0.4756619,0.48365462,0.4900631,0.47259864,0.4945713,0.52324677
2024-10-25,1.0,-0.3882135500313499,1.12741226275768,0.58962243705628,0.49402106,0.49233496,0.49827605,0.5211872,0.57780266,0.55631596,0.5590223,0.5316024,0.53598535,0.45763192,0.50614935,0.4937387,0.5501306,0.48895186,0.51673406,0.5298706,0.52636534,0.51337236,0.45651236,0.57527745,0.54482114,0.49014115,0.5244063,0.49887037,0.5644559,0.5297591,0.53877497,0.53191775,0.4923,0.57058054,0.47432637,0.56000334,0.5372395,0.499491,0.54296196,0.5302416,0.5266361,0.51117224,0.54142004,0.57465005,0.5689941,0.5052558,0.47746232,0.44589958,0.55115414,0.5242531,0.4900725,0.5304192,0.51161313,0.51925015
2024-10-26,1.0,-0.2671961731309887,1.8302770308699483,1.37506324185205,0.51756865,0.49856248,0.5122447,0.49462125,0.5194955,0.4950761,0.5246885,0.49589926,0.5157256,0.5088187,0.510224,0.4884438,0.5472379,0.5147394,0.46742755,0.4932196,0.500951,0.52451074,0.4839973,0.527406,0.4827118,0.49097016,0.4822612,0.47075757,0.48992273,0.45797846,0.49349213,0.53601056,0.47713017,0.47525403,0.47844118,0.51880723,0.47762173,0.4804986,0.5078015,0.46956718,0.49381503,0.53601795,0.4500249,0.49198154,0.51953167,0.43919542,0.42908418,0.44411817,0.43569317,0.4679798,0.50226337,0.44675973,0.42369017,0.51598185
2024-10-27,1.0,-0.5952552121839235,3.251819328814729,2.81284672152079,0.48469704,0.449883,0.46166986,0.39656833,0.41957423,0.41814736,0.463752,0.4172241,0.39024833,0.4475662,0.49249008,0.45136395,0.50115335,0.43777594,0.45168418,0.41066903,0.42633384,0.44402203,0.4471406,0.46640545,0.41944697,0.42417896,0.4154382,0.47911024,0.43493694,0.42132205,0.45943686,0.4331581,0.4363195,0.41165757,0.4353098,0.40846324,0.49484894,0.40832075,0.42334157,0.42891324,0.43037173,0.44942492,0.42432266,0.44525245,0.4498107,0.4041485,0.45241216,0.3794003,0.4150742,0.47424197,0.4080128,0.4060792,0.38190955,0.43936518
2024-10-28,1.0,-0.2894459530442753,5.096311881022963,3.88869828293775,0.5428156,0.5112287,0.5060994,0.546859,0.5020477,0.5161807,0.5351092,0.52535045,0.5318929,0.5299971,0.48853967,0.53692645,0.53594047,0.55315405,0.50910246,0.52322155,0.5635688,0.55401784,0.5110623,0.5771952,0.5423774,0.5186238,0.48197228,0.5565173,0.49538678,0.47955698,0.59706783,0.5379034,0.51746106,0.6134522,0.527758,0.5595271,0.5379014,0.510625,0.56130314,0.5405391,0.5750955,0.5425219,0.5443031,0.6047298,0.53919864,0.54867595,0.54637736,0.4926117,0.5545513,0.5655513,0.500287,0.45831618,0.5276338,0.56554884
2024-10-29,0.0,-1.804027800129126,0.3082829851954003,-0.53994736683439,0.5327779,0.547244,0.48994562,0.5746032,0.60925543,0.5745114,0.5479445,0.53897893,0.6030753,0.55307305,0.50176024,0.5317176,0.5701134,0.55697536,0.5387327,0.5484504,0.56292784,0.5924162,0.57183355,0.57519364,0.5896728,0.5703123,0.5579761,0.5198631,0.55113196,0.55700266,0.62346447,0.57673335,0.5400392,0.60501254,0.5518177,0.5928388,0.4923998,0.56648105,0.57406354,0.5810604,0.6120916,0.577904,0.58276916,0.6192225,0.5719692,0.54458135,0.5532266,0.5350405,0.59159154,0.54944474,0.5060792,0.52838933,0.59597856,0.6228548
2024-10-30,0.0,-3.7446755559349167,0.4898636247273115,-2.8784611695911,0.42442307,0.4132412,0.40566498,0.4205811,0.39751795,0.40765092,0.38211915,0.40839607,0.41785416,0.43242916,0.5021344,0.3969294,0.4664697,0.4077647,0.38403726,0.3910759,0.40658003,0.45830983,0.4224144,0.40446776,0.4022549,0.38896424,0.42410007,0.35921627,0.37757868,0.3653375,0.437006,0.44278744,0.3723408,0.3819184,0.392672,0.4378541,0.36356595,0.44196886,0.41405472,0.39543015,0.4461496,0.46729,0.36116046,0.38819173,0.42304477,0.35176408,0.37357804,0.41567183,0.36946896,0.41256875,0.41629308,0.3879677,0.43227983,0.45629066
2024-10-31,0.0,-2.1161701936667505,1.889702704354896,-1.1388795745506801,0.4237304,0.40239733,0.43800053,0.4201517,0.43718538,0.4391091,0.44638643,0.49083376,0.4320051,0.3989473,0.49604788,0.42986926,0.5154408,0.41416126,0.38487926,0.4392546,0.46426967,0.45025548,0.4080919,0.4275248,0.43102223,0.37305808,0.43565145,0.41098377,0.46760452,0.38870183,0.44049412,0.45980728,0.39983055,0.411002,0.3732507,0.47265834,0.4875957,0.452072,0.45118323,0.48919058,0.45329803,0.46059892,0.4271843,0.47802573,0.4417915,0.40781036,0.37572247,0.41755375,0.47179094,0.45029333,0.48002496,0.43682677,0.4793786,0.4632788
2024-11-01,0.0,-0.7160807270074413,0.6001866659574506,-0.17465165389545,0.5004283,0.4908669,0.49824658,0.5167901,0.56856614,0.536892,0.5900244,0.5514008,0.54360753,0.47261232,0.5006032,0.49847308,0.5959143,0.5044935,0.49255085,0.5418391,0.5462351,0.5033324,0.48906264,0.58229214,0.5495704,0.500336,0.52864134,0.519273,0.6037982,0.56714904,0.5425961,0.5110782,0.50883794,0.5732138,0.45842925,0.5735688,0.6103616,0.510917,0.5556995,0.5658653,0.5450789,0.5170794,0.592509,0.629997,0.5618622,0.6059624,0.48033154,0.46405238,0.65779644,0.5675147,0.5710458,0.5465662,0.55672807,0.53837764
2024-11-02,0.0,-2.7710387202393387,0.0234351794245732,-0.86681228392535,0.5391683,0.5275692,0.5268648,0.51633114,0.56375265,0.52924,0.59329456,0.5361807,0.5415986,0.5109975,0.5064055,0.5249886,0.5971248,0.5327726,0.51791775,0.53416,0.537946,0.52744496,0.5010183,0.5859378,0.5319891,0.53396285,0.5331002,0.5255466,0.56094617,0.54541975,0.53253925,0.53989476,0.5220407,0.5248939,0.4822985,0.56432277,0.5517385,0.51553875,0.56011075,0.535985,0.54248935,0.5426771,0.5249477,0.58227545,0.5803389,0.5100428,0.48320588,0.46010083,0.47981015,0.5244648,0.53263104,0.50179565,0.48712385,0.5554574
2024-11-03,0.0,-2.862780604913816,1.0472051098171964,-1.3555167807772102,0.4994695,0.45635062,0.46664146,0.42537528,0.4305437,0.4403174,0.50693744,0.43689033,0.4113439,0.44889498,0.48771113,0.47704282,0.5136244,0.45220464,0.47280625,0.4502422,0.4508359,0.45139542,0.44303644,0.48678413,0.43592086,0.44825557,0.44281062,0.47690716,0.42205617,0.46198472,0.49173722,0.44707444,0.4459876,0.43879792,0.45756537,0.44277418,0.51128876,0.42693362,0.46642646,0.47465307,0.46606082,0.45221588,0.4399321,0.5108001,0.49742553,0.4208631,0.46639338,0.38055426,0.41750178,0.51308227,0.41243616,0.43089163,0.4037872,0.47607538
2024-11-04,1.0,-0.5518217957291391,3.9417672355842073,2.2183938373904097,0.57288146,0.5498113,0.587692,0.57752347,0.51492476,0.5226609,0.563188,0.56616706,0.59224135,0.5861068,0.49615115,0.6076962,0.5565146,0.60192764,0.50256455,0.547827,0.60722727,0.6047294,0.55321836,0.6136362,0.5830002,0.5447939,0.50089353,0.5953048,0.513653,0.48803532,0.61459243,0.5771106,0.5541745,0.6153448,0.54042566,0.571525,0.5525723,0.549695,0.57604593,0.6048567,0.62186795,0.56986237,0.54427564,0.57582986,0.54386723,0.51980585,0.58679444,0.5389931,0.5321555,0.5699312,0.50210696,0.53483844,0.50696415,0.5462553
2024-11-05,1.0,-0.1067426288167665,9.64992241337683,8.56022398482151,0.47401386,0.49069336,0.47281083,0.4880531,0.5137932,0.52576953,0.49270037,0.49536142,0.51539814,0.48695296,0.49964347,0.49448654,0.5153074,0.4935189,0.49277586,0.5007388,0.4830726,0.5455454,0.48878002,0.5221058,0.520349,0.48652264,0.48657355,0.4609337,0.505399,0.4621291,0.5482681,0.522117,0.48261014,0.5591551,0.44872323,0.49642903,0.49014866,0.49308428,0.5003149,0.5278529,0.5492378,0.51892185,0.51405346,0.5358123,0.5444256,0.47942394,0.50671494,0.45544988,0.56286526,0.51089203,0.46932048,0.4775163,0.49837652,0.5295096
2024-11-06,1.0,-1.5414739405180409,1.6769627974057435,0.37760095920657,0.38743094,0.40237176,0.42342678,0.38874692,0.37848917,0.3996718,0.35203943,0.40546042,0.40502387,0.40194914,0.5028235,0.39585894,0.43395,0.41627577,0.37247738,0.36658722,0.3835683,0.43474743,0.40167984,0.40053618,0.36396226,0.34285632,0.3723864,0.35754484,0.37366575,0.3548758,0.42747805,0.41137698,0.37539262,0.35757628,0.37010893,0.3962211,0.37488532,0.38952795,0.34934136,0.37107173,0.4082976,0.43269232,0.3584983,0.35077548,0.40425226,0.35350642,0.3630523,0.3686863,0.39411238,0.39099374,0.3952745,0.33140212,0.37766775,0.4124043
2024-11-07,1.0,-0.400085361326385,1.7537606018056051,0.85568543195202,0.51857847,0.514971,0.5235715,0.5899186,0.6086669,0.5645365,0.5231358,0.5646836,0.5818349,0.50169414,0.51155823,0.51175535,0.55580544,0.50961196,0.5046637,0.5402867,0.55715835,0.5558312,0.5084901,0.5912645,0.5752119,0.52876806,0.5471615,0.5046906,0.54736674,0.5032881,0.58685285,0.5772277,0.49646756,0.5665166,0.52968234,0.58942527,0.5076708,0.53977805,0.58629197,0.5299581,0.55511343,0.558235,0.5144872,0.54421693,0.57989085,0.49826133,0.49433023,0.51228076,0.5368621,0.50267655,0.49988016,0.5303083,0.56595343,0.5583145
2024-11-08,1.0,-1.0446774923645428,0.5087300713090657,0.21892171563324,0.41465232,0.36849183,0.40297392,0.35677034,0.4208986,0.41460252,0.4221063,0.41740468,0.3821009,0.38088235,0.4998835,0.3841972,0.45211682,0.37102407,0.3737953,0.3733844,0.4080623,0.44489163,0.36527884,0.40393645,0.42326468,0.3492417,0.40450466,0.36926395,0.42246887,0.3702606,0.39220244,0.4477653,0.33099657,0.42831087,0.33990234,0.42127448,0.34859395,0.43670473,0.41559917,0.42613113,0.4138168,0.4316537,0.3907147,0.4184578,0.40987068,0.3702831,0.3477808,0.37655142,0.4232716,0.4456257,0.43069297,0.43236312,0.4176729,0.3828454
2024-11-09,1.0,-0.2421632754112102,6.099522729197707,4.70333036943159,0.46749064,0.43410578,0.459643,0.42836523,0.44238374,0.4371965,0.48630086,0.4733876,0.46738774,0.44293314,0.50128174,0.4486667,0.5089744,0.47566083,0.41868308,0.42715856,0.48581848,0.47931156,0.4313788,0.473308,0.43084142,0.4185039,0.44009137,0.42492285,0.4414671,0.42965922,0.4546934,0.48769236,0.40967998,0.44292542,0.3987727,0.47726107,0.3795106,0.4656234,0.46838507,0.4252274,0.4813119,0.47225377,0.41107094,0.47785735,0.44180194,0.40119267,0.37990913,0.41524047,0.42971995,0.43993065,0.50901204,0.39557987,0.44415236,0.47514117
2024-11-10,1.0,-0.191797576413058,10.793869947654128,9.80322621791588,0.47011986,0.437346,0.4358857,0.4131422,0.415284,0.4270369,0.49915922,0.43501598,0.41474998,0.447212,0.48467043,0.43505558,0.51787645,0.43500632,0.45278656,0.43306166,0.44242224,0.44221887,0.41765517,0.46902114,0.4584177,0.4346098,0.44248965,0.45022634,0.4593622,0.45794544,0.50395024,0.42258254,0.42740563,0.45210552,0.4241243,0.45661482,0.4637168,0.4252077,0.44554216,0.4567771,0.47735146,0.43600386,0.43411872,0.55137235,0.48221686,0.4632825,0.46866444,0.3821807,0.41822165,0.5073982,0.44675785,0.40468678,0.4517145,0.46231654
2024-11-11,0.0,-4.117540206633188,1.4469422514246677,-0.7882034011635499,0.54790926,0.51663107,0.51219755,0.5704576,0.5108119,0.5171074,0.544227,0.5346739,0.5736681,0.5712306,0.49172452,0.53836596,0.5525211,0.5402544,0.49465916,0.5290087,0.58415395,0.60064524,0.52586436,0.5862666,0.6101726,0.5300482,0.539632,0.5354321,0.4960745,0.53313684,0.6313988,0.56546706,0.5229305,0.6402326,0.5226737,0.5872688,0.5254126,0.5435882,0.5868347,0.58856314,0.6427359,0.562652,0.54347736,0.6457642,0.548453,0.5675508,0.5854904,0.5350339,0.57194,0.57174337,0.51866657,0.54957855,0.55438375,0.56490165
2024-11-12,1.0,-2.095687910434462,5.866044082324608,2.71785686611841,0.46022215,0.4206817,0.39526337,0.4342086,0.43248487,0.44254094,0.42498332,0.4583659,0.43116853,0.4438571,0.49483737,0.42255038,0.45874342,0.43157816,0.4086455,0.39940435,0.4712556,0.5319095,0.45188004,0.43309212,0.46257126,0.3999147,0.47540867,0.39774275,0.42960164,0.41620618,0.48994115,0.5122603,0.37927204,0.49515823,0.4106416,0.4623056,0.38466492,0.49903497,0.4552609,0.48233205,0.5377064,0.49955782,0.40690127,0.47350976,0.41644862,0.36443216,0.45112824,0.45759103,0.44153023,0.44471917,0.36377925,0.46496847,0.48241836,0.50853693
2024-11-13,0.0,-4.188274359669241,1.5533465753136526,-3.4326346437909097,0.45797434,0.4161609,0.44190758,0.47406122,0.4348779,0.4480578,0.5095865,0.5122472,0.48532882,0.44954786,0.49521768,0.4798399,0.5335729,0.44796884,0.396277,0.4698623,0.49802,0.5176347,0.44808203,0.48946917,0.45276007,0.4589766,0.4537315,0.43245572,0.48363686,0.4519996,0.51349604,0.51677716,0.4268516,0.46219358,0.42821962,0.56291795,0.44391653,0.4784476,0.4765514,0.49449855,0.53273076,0.52349967,0.417637,0.5098392,0.4790514,0.47251144,0.4143304,0.4348915,0.45813563,0.4785548,0.4548214,0.45909068,0.55194443,0.51026016
2024-11-14,1.0,-0.2892335612120651,5.051326462118054,4.15683149748234,0.46582964,0.43666682,0.4504292,0.47788796,0.48349765,0.4852244,0.515329,0.5163184,0.46627998,0.41823357,0.49629503,0.4460625,0.56585735,0.4375348,0.4245907,0.46579272,0.49370134,0.48644096,0.4381315,0.5204258,0.4840988,0.42784518,0.50316614,0.44143143,0.5385478,0.48619533,0.4911738,0.4886045,0.45214343,0.49501148,0.4051486,0.50303066,0.50533056,0.476096,0.5037284,0.5103715,0.5169339,0.49330905,0.49446326,0.54250157,0.5032276,0.4506345,0.43581992,0.42783013,0.5332132,0.5146891,0.4877822,0.4723099,0.5342525,0.49327135
2024-11-15,0.0,-1.0778275249745262,0.8178842434261665,-0.49020302492469,0.4944371,0.46189204,0.4627676,0.4751513,0.52931756,0.50398684,0.54910636,0.5234896,0.48918244,0.4419821,0.49559736,0.47508058,0.60472715,0.46921065,0.474997,0.47210526,0.50988954,0.49757382,0.4611833,0.53313255,0.51363575,0.49120417,0.53513676,0.46647474,0.5975964,0.5185334,0.50382763,0.51253057,0.47659826,0.49469942,0.42693707,0.53052235,0.5410368,0.4905442,0.5500361,0.555782,0.52788615,0.50468194,0.52053386,0.60439664,0.5317764,0.46879336,0.4461532,0.4199932,0.50372463,0.5299584,0.527506,0.49421537,0.51709896,0.5306261
2024-11-16,0.0,-2.080194614612519,0.9482433721966969,-0.81015540914193,0.51581085,0.47981536,0.48210257,0.45883235,0.5012032,0.4644989,0.51587766,0.5021536,0.48059472,0.4636804,0.50108886,0.48417774,0.54779536,0.5028403,0.46809515,0.46463954,0.5088156,0.50419617,0.46009246,0.5172927,0.46136293,0.4598173,0.5070178,0.45989272,0.47585493,0.45832396,0.48558855,0.5169301,0.46229723,0.43049404,0.44313323,0.49258104,0.4798048,0.49457574,0.50457597,0.48738843,0.5197806,0.50370306,0.4365287,0.5107139,0.49959525,0.36161587,0.429932,0.4242643,0.4006903,0.43690985,0.48337358,0.43467623,0.4345443,0.5161642
2024-11-17,1.0,-0.5346018144644785,3.0016067062332867,0.67445881663555,0.5181477,0.4627281,0.46770078,0.4511921,0.45389205,0.4470422,0.51975495,0.46384206,0.44395986,0.47552294,0.48639277,0.48677036,0.5241802,0.46460712,0.47179183,0.47708216,0.4860245,0.48440042,0.45489535,0.5063199,0.47980323,0.46853325,0.47932202,0.4757164,0.4287801,0.45780498,0.53082156,0.47986382,0.46283323,0.46114674,0.48230204,0.48356906,0.511341,0.45659524,0.48041022,0.50484157,0.51229686,0.4861818,0.43058798,0.5711503,0.496225,0.44267154,0.49081203,0.41195846,0.424812,0.5060989,0.43824884,0.44438145,0.44415167,0.49501854
2024-11-18,1.0,-0.1184375323022753,3.733619809839821,2.0208170244353,0.5508234,0.50353515,0.5001829,0.5320846,0.49454233,0.49878892,0.5452841,0.51250666,0.521665,0.54092824,0.48432872,0.54614437,0.556275,0.5343129,0.48966834,0.53467524,0.56010675,0.57453465,0.50359744,0.56399167,0.5367228,0.5131256,0.51379037,0.5252247,0.4791103,0.49691254,0.5914106,0.5440268,0.5040696,0.5992314,0.5221178,0.5444164,0.54329956,0.5189578,0.54128426,0.5742966,0.60124135,0.54350394,0.52616984,0.64407164,0.5448376,0.5444031,0.55997133,0.47866598,0.549882,0.57746,0.5066896,0.52373093,0.511438,0.5641993
2024-11-19,1.0,-0.882206380334434,2.6945552611700547,2.1177619537080203,0.52995515,0.5134443,0.4775966,0.53920734,0.55527437,0.5306493,0.5239028,0.53163356,0.5558768,0.52407295,0.4967247,0.5120552,0.5710615,0.53025925,0.50488245,0.50745416,0.5375215,0.58834875,0.5353998,0.53537846,0.53448254,0.5340776,0.53656375,0.48152286,0.5271219,0.51084393,0.5767362,0.5508055,0.50790787,0.5753581,0.5217425,0.55060613,0.51801735,0.5421464,0.5262052,0.5713192,0.5994108,0.560296,0.52935463,0.58101547,0.5641382,0.51559395,0.5328461,0.4844362,0.56724143,0.5282955,0.5094072,0.5356403,0.54524374,0.60737115
2024-11-20,1.0,-0.2618431950031334,4.865997504469481,4.18595170994526,0.41996416,0.39814326,0.39917627,0.39820346,0.39962888,0.3916807,0.3874558,0.42393026,0.39822719,0.3985557,0.4974699,0.40641925,0.4681682,0.4067954,0.38073894,0.38691324,0.4095312,0.45116606,0.399265,0.4107639,0.37671736,0.35851943,0.39913133,0.3544628,0.3807457,0.37114927,0.44073352,0.43019825,0.38310432,0.3722974,0.38170394,0.41986093,0.41464785,0.42063493,0.3820922,0.4071924,0.44874233,0.44921684,0.35082948,0.40078676,0.4432746,0.35373244,0.37753084,0.371892,0.38818514,0.40887496,0.40613407,0.37734556,0.41634247,0.45174173
2024-11-21,1.0,-1.2229119945999514,1.2843603096657872,0.5830172847894,0.5027234,0.4723393,0.48701084,0.5161981,0.55850965,0.5207547,0.5380672,0.5542978,0.52296615,0.4535525,0.50014234,0.49856284,0.57665175,0.48565707,0.46920845,0.5187723,0.54106796,0.5175731,0.4694621,0.5541314,0.519095,0.47569945,0.523865,0.47777173,0.5559414,0.5121878,0.53743446,0.5287266,0.49228758,0.5171986,0.47618714,0.56041265,0.5660731,0.50992507,0.52842164,0.55695856,0.5433218,0.52561504,0.51478726,0.57950115,0.5489394,0.49383906,0.4652506,0.46077764,0.5621471,0.5067599,0.5096574,0.52595276,0.5408786,0.54526454
2024-11-22,0.0,-1.791628718116863,0.0170373383539722,-1.24093238715747,0.55976266,0.5190788,0.5156692,0.5642762,0.62677807,0.57140523,0.6049007,0.57561034,0.57131267,0.50824463,0.50606173,0.52384096,0.60363215,0.5230346,0.53504777,0.5596635,0.57756937,0.5594247,0.5219904,0.6262315,0.5977693,0.5455783,0.58703333,0.5324334,0.5997943,0.57393396,0.5780445,0.5731476,0.53030425,0.6186215,0.5250698,0.60711026,0.602146,0.5549259,0.5992469,0.5876733,0.5872304,0.5708669,0.5824582,0.64908695,0.59655976,0.55885696,0.5120476,0.49962536,0.62812304,0.5682476,0.58268815,0.5930612,0.57342255,0.5724314
2024-11-23,1.0,-2.00374663405276,0.908706167959684,0.23279364188929,0.5036719,0.44501615,0.45832434,0.43650046,0.47484538,0.4535668,0.4955164,0.48386154,0.45709437,0.44946197,0.5016907,0.46436033,0.5234391,0.46221873,0.44158164,0.44841993,0.4896761,0.51077807,0.43434018,0.48990294,0.45731062,0.44956163,0.46596885,0.42315304,0.46342373,0.4188638,0.4642327,0.5200007,0.42865667,0.4455015,0.4160931,0.49600518,0.39973974,0.47338048,0.48919007,0.47318828,0.49931642,0.50545573,0.3887224,0.49583113,0.4695665,0.3517636,0.40859884,0.40945345,0.3612602,0.44301322,0.47557604,0.42458004,0.43176675,0.49237576
2024-11-24,0.0,-5.565576463068314,0.9877103351443336,-5.12398363468742,0.48173946,0.42748585,0.45262071,0.41042253,0.399491,0.39809015,0.4745393,0.43053943,0.42076075,0.44781822,0.4858919,0.44735885,0.49344504,0.44255197,0.42513382,0.42065814,0.457001,0.46376863,0.42873234,0.45957658,0.43071106,0.41766453,0.42199638,0.4478668,0.4185791,0.41829976,0.49158955,0.4404339,0.43028507,0.4178295,0.43086532,0.44210696,0.46352416,0.4170605,0.42588395,0.44513386,0.47802126,0.4576121,0.39890876,0.49473307,0.43991485,0.41418418,0.46235228,0.3782991,0.3898658,0.4760367,0.4281994,0.4067948,0.4047049,0.44665396
2024-11-25,0.0,-2.414585858762937,2.088941474556186,-1.12973120961308,0.54906887,0.5087336,0.5175856,0.5338073,0.4975282,0.49248192,0.54137653,0.5258196,0.5335706,0.54166514,0.4861113,0.5421097,0.55413574,0.5391862,0.48465776,0.51793414,0.55658686,0.57245785,0.51667506,0.5792198,0.5552868,0.52622384,0.49920887,0.5427339,0.50520545,0.4878069,0.6009618,0.53512746,0.5126322,0.60190034,0.50487363,0.5509999,0.521163,0.5141132,0.533782,0.57312286,0.60092175,0.536298,0.5309531,0.6279918,0.5462465,0.539909,0.5721417,0.48322266,0.5491229,0.5712434,0.49121028,0.50317496,0.51722836,0.5510852
2024-11-26,1.0,-0.1883136627827525,5.544536324644073,4.15114266779128,0.51455694,0.506136,0.47730133,0.5417224,0.5544993,0.5389633,0.53651744,0.53488034,0.55318743,0.5142286,0.49507833,0.50673336,0.5761973,0.518774,0.5081314,0.53099525,0.52546257,0.5755121,0.5249692,0.55986655,0.54217404,0.55247813,0.52867264,0.48397148,0.5385325,0.52770895,0.5812113,0.53655636,0.5127504,0.5808621,0.49272084,0.55370635,0.55835557,0.5260454,0.5412063,0.5814512,0.59185576,0.55267364,0.55238354,0.612583,0.5795978,0.56147736,0.5352277,0.46819913,0.5919442,0.54769635,0.52075756,0.53738177,0.5426294,0.59447116
2024-11-27,0.0,-1.2841016681341326,0.728476460052345,-0.22884802399176,0.4316563,0.43502697,0.44746798,0.422237,0.42217964,0.4207792,0.42433253,0.44757384,0.44171914,0.4273322,0.50038993,0.4480529,0.49370983,0.4511613,0.40275988,0.4175432,0.42247534,0.46733868,0.42100385,0.45145214,0.38521194,0.39609516,0.39943337,0.38552526,0.397289,0.38892606,0.46503767,0.4296274,0.4346082,0.38602453,0.3898148,0.42653117,0.45733556,0.41374928,0.39549187,0.4362562,0.46249682,0.46172,0.39323506,0.40434182,0.48519573,0.38693455,0.39714816,0.36751488,0.41558632,0.43740842,0.4759983,0.39365956,0.40033635,0.4653406
2024-11-28,1.0,-0.292122614344422,3.0641223285109533,1.8809281303805099,0.47370678,0.4523934,0.4794229,0.49644208,0.52339005,0.49789578,0.47730932,0.5142498,0.48748156,0.41999286,0.50237066,0.46327308,0.5274433,0.46478423,0.44978976,0.47751808,0.4882358,0.48488358,0.43617076,0.5164789,0.46901295,0.42971498,0.47795656,0.44835222,0.5015654,0.4490978,0.49989393,0.4975548,0.46596864,0.45781887,0.45262784,0.501617,0.4810596,0.47226113,0.47386327,0.4908075,0.49618748,0.4848894,0.44151098,0.47288674,0.5128429,0.38958925,0.43766657,0.42412567,0.46511027,0.44708663,0.42554152,0.4594875,0.472406,0.5034046
