tanggal,target_asli,wasit_low,wasit_high,wasit_target,model_gru_015,model_gru_008,model_gru_026,model_gru_038,model_gru_011,model_gru_012,model_gru_001,model_gru_042,model_gru_045,model_gru_031,model_gru_039,model_gru_033,model_gru_040,model_gru_035,model_gru_009,model_gru_019,model_gru_022,model_gru_016,model_gru_048,model_gru_003,model_gru_006,model_gru_013,model_gru_002,model_gru_041,model_gru_030,model_gru_024,model_gru_029,model_gru_004,model_gru_047,model_gru_017,model_gru_023,model_gru_037,model_gru_007,model_gru_005,model_gru_046,model_gru_025,model_gru_034,model_gru_050,model_gru_021,model_gru_032,model_gru_010,model_gru_018,model_gru_043,model_gru_044,model_gru_036,model_gru_014,model_gru_027,model_gru_049,model_gru_020,model_gru_028
2025-03-09,0.0,-4.140387080009904,4.112109870918619,-2.68453567037924,0.3636329,0.31586215,0.3533365,0.33219093,0.34760475,0.34617218,0.3341284,0.73914725,0.34325713,0.35033256,0.36166406,0.3771272,0.3704026,0.33735177,0.41341293,0.38834774,0.36855626,0.33347145,0.38428634,0.34810236,0.35354075,0.3462583,0.34190804,0.35339856,0.35265076,0.33220932,0.35091132,0.37316412,0.37085813,0.32341337,0.34356785,0.39182338,0.3465731,0.3917088,0.39761627,0.39535153,0.31054336,0.3511824,0.36589274,0.38683063,0.39050493,0.3790537,0.3279295,0.3200199,0.34911746,0.39893988,0.3809934,0.3912548,0.40724975,0.34025216
2025-03-10,1.0,-2.5643623631515733,6.193260611284761,5.37139060247328,0.4480835,0.37914777,0.41501185,0.41703147,0.36909,0.4119092,0.43613562,0.64878386,0.42486548,0.3999514,0.44350538,0.45451012,0.4440773,0.38686246,0.48970908,0.3892292,0.4403037,0.39123073,0.4335316,0.43977132,0.4677465,0.40713185,0.48603126,0.44749764,0.3963996,0.4381685,0.41684437,0.46274266,0.4192035,0.38844988,0.4539912,0.47493204,0.43789873,0.4695239,0.4858456,0.46187586,0.379961,0.38505578,0.5267617,0.47518322,0.4854278,0.514998,0.42948464,0.44758645,0.43991432,0.454539,0.48249412,0.39590973,0.48657396,0.47430536
2025-03-11,1.0,-2.843937415698369,1.919008851208709,0.8968502033038599,0.4639298,0.5311569,0.52416265,0.55529165,0.46001443,0.4904151,0.5325287,0.7136895,0.55962944,0.50808775,0.5484619,0.532983,0.49714446,0.48249102,0.5418998,0.4504293,0.5357381,0.4843075,0.48372847,0.49969727,0.52767444,0.5010039,0.52370816,0.52209324,0.50519013,0.53090864,0.49594793,0.55537134,0.5178557,0.47755262,0.557543,0.54675305,0.54323995,0.5268694,0.5237207,0.52932745,0.48089194,0.453838,0.5701683,0.51129436,0.49992085,0.5521919,0.496244,0.5338877,0.4958747,0.52459645,0.5557258,0.4777793,0.5208057,0.52553725
2025-03-12,0.0,-4.572633200580999,0.7811298674943793,-3.11239175565561,0.39766622,0.47542432,0.47481206,0.49389958,0.41046497,0.4134298,0.47108126,0.3566072,0.46430528,0.43645236,0.45652497,0.49050096,0.4053993,0.4573561,0.421014,0.35280716,0.5035005,0.4253072,0.47310778,0.44060087,0.48195982,0.43716305,0.44594267,0.42440507,0.41400045,0.40529257,0.44243965,0.49084598,0.4279411,0.4804469,0.47918802,0.4739301,0.47382995,0.45799986,0.47187868,0.4767331,0.39918554,0.37027895,0.49237654,0.46000212,0.48312607,0.45636752,0.42125502,0.4296645,0.4014992,0.4599293,0.4747239,0.40227476,0.5257978,0.45515713
2025-03-13,1.0,-0.3667410129070976,5.041076475436591,3.47392620472014,0.49416947,0.5208178,0.5310499,0.5125194,0.4961572,0.49027506,0.48929715,0.372409,0.50794756,0.52274483,0.506221,0.53666556,0.5002816,0.4986141,0.535833,0.46567532,0.51861614,0.48212808,0.5408235,0.5191486,0.5016119,0.5002844,0.50226164,0.49813417,0.41606045,0.49019134,0.4767073,0.5202374,0.45727813,0.49332187,0.51946074,0.5113312,0.47557178,0.5330881,0.5050593,0.52703935,0.4655706,0.41519174,0.48643932,0.5231991,0.4955406,0.5083666,0.45074463,0.46226716,0.48429906,0.5090509,0.49207598,0.4620909,0.51181966,0.46031204
2025-03-14,1.0,-0.4357970921293623,0.8218736371313496,0.4220972745167,0.48968777,0.53406763,0.49173316,0.48995662,0.49264562,0.49656668,0.4697225,0.66423225,0.5174043,0.5512986,0.48209456,0.5311495,0.50604284,0.5044736,0.52240676,0.5167603,0.5173229,0.47488028,0.5126304,0.5065671,0.47573107,0.4807763,0.48615497,0.4709274,0.47241837,0.5113786,0.48852998,0.49236307,0.4716348,0.48427737,0.52819645,0.49687904,0.46901515,0.53961945,0.48840553,0.49708697,0.43919516,0.45294526,0.4823718,0.5183158,0.4922565,0.50224775,0.45191145,0.4329724,0.46567965,0.4979192,0.5082443,0.46986696,0.5053326,0.4433242
2025-03-15,0.0,-2.834877473419619,0.9189498966785624,-2.11364721204962,0.43483815,0.51512045,0.49948567,0.48538095,0.4827469,0.48502824,0.49137843,0.5794954,0.52777594,0.518856,0.49534523,0.5244201,0.49289235,0.50826937,0.4729004,0.47534576,0.535762,0.45055962,0.5028,0.49874598,0.49508265,0.46354496,0.4566335,0.46684676,0.4744353,0.49973598,0.49603155,0.50409245,0.46520343,0.5035872,0.5364316,0.50655156,0.48195788,0.5104448,0.5078678,0.4980051,0.42108425,0.44399974,0.5037844,0.5167894,0.51649094,0.5060206,0.47723296,0.41900134,0.4763502,0.4932178,0.514389,0.45522276,0.51776934,0.44746202
2025-03-16,1.0,-0.1436461730825812,2.608505351854652,1.72349170117196,0.3752376,0.3760759,0.38081673,0.35507697,0.39160705,0.3726591,0.37204674,0.35166916,0.38315386,0.3954265,0.38901126,0.42000917,0.39688653,0.36582997,0.40468317,0.3911066,0.37920335,0.3649643,0.40590876,0.39366755,0.38258696,0.38323677,0.38443306,0.36196086,0.38359025,0.3763144,0.4007385,0.39202166,0.39847666,0.35678282,0.39891896,0.41749382,0.37844965,0.43790555,0.42212024,0.42244157,0.33726406,0.3664265,0.40153295,0.43179652,0.4226222,0.42564374,0.370527,0.34699097,0.40319556,0.40720105,0.4344594,0.41699862,0.44345072,0.35597217
2025-03-17,0.0,-3.482595304093741,0.0139378404678702,-1.55348697269551,0.45822367,0.40695623,0.43461767,0.41499805,0.41462597,0.43103337,0.4406309,0.4483579,0.4483005,0.44993472,0.459213,0.47538146,0.45707375,0.39950958,0.47189844,0.42928916,0.43913394,0.41829005,0.44897464,0.46001273,0.45797056,0.45019937,0.49939895,0.4462802,0.45541134,0.4500164,0.45646045,0.46409273,0.47518328,0.41086686,0.47520503,0.48922545,0.44976377,0.4978361,0.48706388,0.47561353,0.40233445,0.42393616,0.5274475,0.48496184,0.4715073,0.52831936,0.4438376,0.45252973,0.4675553,0.4590497,0.51230377,0.46050167,0.5078132,0.47148144
2025-03-18,1.0,-0.2031560367638926,5.050679190450183,4.87344175789443,0.47426254,0.5020592,0.49866724,0.5093017,0.47469088,0.47690055,0.48713756,0.42901927,0.5318309,0.5175916,0.51444745,0.52869064,0.48780325,0.4735165,0.47076064,0.42381704,0.50539035,0.45638597,0.47104537,0.478055,0.49298853,0.4925073,0.5059561,0.48581925,0.49751675,0.5051449,0.49341863,0.52684134,0.5291481,0.47078,0.53834003,0.52325445,0.5181306,0.51873,0.4968887,0.5184227,0.4633215,0.46822035,0.55428857,0.4938953,0.46604252,0.53464365,0.48318323,0.49079573,0.47088504,0.5070384,0.53973144,0.49433872,0.5287875,0.49911928
2025-03-19,0.0,-3.7431796435814473,0.6973423093194858,-3.06630706836421,0.45272443,0.4651827,0.4356463,0.4467126,0.42416686,0.40621096,0.4320206,0.52583516,0.44180727,0.42767954,0.4168181,0.47156963,0.41623795,0.439221,0.38513106,0.34419858,0.46785712,0.41729686,0.45787835,0.43652892,0.46003377,0.4371473,0.45744136,0.40391272,0.4030801,0.37091634,0.417535,0.46393704,0.44939363,0.4619068,0.44999453,0.43032613,0.43992424,0.4401055,0.43739018,0.44291663,0.42231315,0.3866702,0.46823522,0.43384966,0.44690123,0.4419384,0.4106806,0.3654693,0.36792353,0.4449513,0.45094457,0.42334238,0.5179075,0.42135978
2025-03-20,0.0,-1.2522846034510258,0.7416207243552169,-0.15994092488549,0.5992741,0.6336132,0.57379425,0.55523497,0.55940485,0.54258645,0.5302705,0.7398578,0.56915766,0.5778594,0.53657305,0.5620848,0.5535624,0.5702824,0.6071052,0.57495385,0.5447774,0.55258375,0.57622373,0.56308943,0.52399087,0.59538966,0.56929326,0.59745437,0.53862387,0.51705426,0.5149926,0.5425368,0.5418319,0.58388615,0.5523412,0.5479619,0.51130486,0.57175213,0.5617989,0.54856133,0.58250135,0.536825,0.5158437,0.55067164,0.51951504,0.5645405,0.5182601,0.5812063,0.5262892,0.5488202,0.562407,0.54675806,0.5388255,0.5048823
2025-03-21,0.0,-0.5529550134202956,0.5341712856209334,-0.29560066348178,0.53243566,0.5432045,0.50154763,0.51486087,0.5160718,0.51295304,0.47577852,0.44638392,0.52587825,0.5456883,0.48830038,0.54246175,0.51513493,0.52583396,0.5446458,0.5380676,0.5232889,0.48318028,0.5154925,0.5003668,0.48231557,0.52563006,0.49305516,0.52167296,0.50616187,0.50067794,0.5002133,0.49903116,0.5105613,0.5155015,0.5258224,0.5103508,0.47159588,0.5652122,0.51026833,0.51221335,0.50778204,0.52077466,0.47091475,0.52703977,0.46528143,0.5195664,0.47358438,0.47375134,0.4783342,0.5189779,0.54862416,0.5099898,0.5054892,0.4588391
2025-03-22,1.0,-0.0367908592942444,2.693634530231824,2.6388880980959604,0.43765414,0.44568235,0.46602488,0.47089043,0.4590816,0.47252372,0.46323362,0.42351177,0.4811437,0.4335889,0.45584399,0.49378365,0.48472056,0.4782581,0.44562674,0.42898077,0.52167463,0.42360914,0.47571597,0.4582173,0.470993,0.44275767,0.43702877,0.4788717,0.4100301,0.4262238,0.45409796,0.4809418,0.4545394,0.46533728,0.48502135,0.47575265,0.4517385,0.470993,0.4927817,0.4707199,0.42852595,0.45391515,0.46427453,0.48209772,0.46992785,0.47936592,0.44838712,0.39590845,0.42906243,0.48065323,0.4911256,0.43160632,0.4790107,0.4379177
2025-03-23,1.0,-0.6566512868276064,3.0691133656032243,1.6311625828365601,0.40197942,0.38979283,0.38808113,0.37108225,0.41558146,0.39710653,0.39106256,0.53451914,0.3832519,0.40243396,0.3868347,0.4169301,0.4211405,0.39195263,0.44525963,0.42573822,0.38761833,0.37954655,0.4085466,0.39195535,0.3907755,0.39246675,0.40584093,0.3933043,0.42133763,0.37663078,0.38390934,0.38791695,0.40505767,0.3543566,0.40229058,0.41904312,0.37231058,0.44531813,0.43134445,0.42533517,0.38123894,0.40492374,0.40359616,0.43848273,0.42699078,0.4419728,0.380215,0.38636312,0.3898998,0.41873538,0.45282298,0.4311367,0.43197748,0.37243673
2025-03-24,0.0,-1.3672298339470494,1.1832483822035675,-0.12040641846587,0.47400334,0.42850223,0.44771373,0.44548973,0.45355433,0.47234085,0.4779971,0.49163035,0.47301257,0.4944202,0.4782017,0.48353887,0.48513708,0.43126255,0.5110002,0.47400388,0.4512784,0.4553906,0.46862736,0.47693396,0.47525242,0.46842718,0.51455903,0.478024,0.49288577,0.4797371,0.4636747,0.48163855,0.49637485,0.4161474,0.49336767,0.51278245,0.4546817,0.523033,0.5042597,0.48702022,0.44347683,0.48192033,0.54286236,0.5063928,0.49252275,0.55292517,0.46189204,0.49274227,0.47682464,0.48517945,0.5435518,0.501027,0.52201384,0.48940983
2025-03-25,0.0,-1.7695637589963404,1.0043241428072158,-0.55501500919203,0.46358737,0.54177016,0.5151965,0.5613986,0.5272782,0.53304213,0.570762,0.46867293,0.5701679,0.56450295,0.58230615,0.5664669,0.49280608,0.48788932,0.5107462,0.48963648,0.54750705,0.5006609,0.5131797,0.50273687,0.5495714,0.5333156,0.5339105,0.539793,0.5388534,0.55208665,0.51308817,0.5733175,0.56544685,0.51010346,0.5853982,0.5631206,0.5644548,0.53189963,0.5450281,0.5367908,0.51351815,0.5204905,0.6035633,0.55151933,0.5286736,0.58137214,0.5282665,0.5441773,0.49606794,0.52907956,0.5646554,0.5289204,0.571452,0.5446167
2025-03-26,1.0,-1.2844543800540995,0.9701129913053278,0.37078004164337,0.32835284,0.3754393,0.3886427,0.40083992,0.3919238,0.35488746,0.4057816,0.36849898,0.37877354,0.37947014,0.39413512,0.4398207,0.34732,0.35790995,0.32238066,0.30740055,0.45921686,0.3680667,0.4019552,0.3647508,0.42750904,0.37165946,0.37237963,0.33551496,0.32824603,0.31871188,0.38279507,0.44353455,0.37068734,0.40896407,0.39610258,0.38702366,0.40174016,0.38566673,0.37457958,0.39114693,0.32467595,0.3607639,0.4459332,0.39138687,0.39572603,0.3837187,0.3673872,0.3110205,0.30157417,0.3936162,0.37080717,0.370626,0.5162649,0.41493335
2025-03-27,0.0,-4.270727255629724,0.3246512333030863,-3.27151282624945,0.49101505,0.4453481,0.5110516,0.480887,0.4973627,0.47782138,0.47673216,0.21726233,0.48507166,0.4741587,0.47916985,0.50825995,0.47280872,0.4575175,0.5098762,0.44360614,0.5124103,0.48971075,0.5180136,0.48869857,0.48523182,0.48522395,0.48765,0.46890295,0.4012847,0.4409056,0.4541733,0.50774497,0.44087732,0.46670437,0.4775487,0.46673793,0.44496575,0.49291918,0.4727137,0.47717664,0.4263459,0.45771742,0.47549713,0.4977659,0.47257164,0.47899896,0.44361103,0.44691437,0.44485375,0.47061747,0.43955895,0.4633761,0.4991289,0.46238932
2025-03-28,0.0,-3.3477969044850378,0.2370318232423681,-2.12590631891735,0.52544767,0.49671015,0.5153344,0.4996287,0.5428166,0.5280782,0.4900185,0.5889793,0.5391156,0.56639737,0.50276375,0.5378174,0.4994457,0.52302706,0.5199553,0.53356564,0.53230625,0.51071745,0.52645844,0.5198271,0.48799512,0.54035455,0.50104004,0.47985905,0.50807726,0.52273107,0.5046169,0.5110212,0.49807623,0.51016015,0.5345426,0.5057484,0.4696902,0.54342836,0.49029133,0.49445343,0.44830003,0.50454575,0.4895639,0.5435871,0.49876282,0.5225768,0.48311734,0.45789075,0.48043245,0.5067183,0.5143938,0.5265565,0.5140364,0.46075588
2025-03-29,0.0,-1.3196910870957206,1.066423687039372,-0.31332103056849003,0.47245917,0.49594364,0.49967495,0.4922186,0.52415675,0.5062342,0.5088974,0.3687857,0.5241128,0.5227054,0.5068472,0.5316265,0.47649473,0.5228052,0.4777142,0.50745237,0.54619104,0.47499707,0.50684774,0.4993436,0.51546496,0.51689166,0.46774167,0.48886862,0.50370526,0.49935496,0.5016272,0.5106189,0.49816236,0.5154094,0.5281891,0.5042503,0.49120727,0.50658983,0.50089204,0.49233544,0.44030952,0.48568976,0.5108893,0.5414863,0.52294207,0.52441734,0.49960437,0.45366117,0.47870696,0.5007775,0.5083959,0.49291193,0.5228667,0.45366442
2025-03-30,1.0,-1.358217395056342,1.8675001154603303,0.19403425512951,0.35967255,0.3154764,0.35156977,0.32585883,0.38190314,0.35324156,0.34966928,0.3158572,0.34361798,0.34237176,0.36735374,0.38604206,0.35580045,0.33834985,0.37331393,0.36874944,0.37520096,0.3417703,0.38472438,0.36055154,0.363044,0.38072664,0.35143125,0.33174592,0.34842142,0.35160148,0.36511132,0.3719896,0.39315262,0.338259,0.3483857,0.39642918,0.35550576,0.3895973,0.38879916,0.38801268,0.3131435,0.359365,0.38620758,0.40049094,0.40759942,0.39291775,0.34999773,0.33895984,0.34486812,0.38790986,0.3708452,0.40556705,0.41709906,0.3498354
2025-03-31,1.0,-0.1421603407020241,3.6041009578442766,3.1108055610873,0.46061185,0.36757392,0.422891,0.4150047,0.40804663,0.41913733,0.42613223,0.3257096,0.42703,0.43087912,0.43696988,0.45548797,0.4400896,0.39808932,0.44733632,0.42888737,0.42520165,0.42238125,0.44203016,0.44598222,0.4473961,0.44326428,0.4930232,0.4242407,0.47065988,0.4357812,0.43054095,0.45651403,0.47584453,0.390914,0.44730017,0.47852716,0.42257103,0.4753265,0.46969247,0.45948863,0.40026137,0.43805465,0.5112759,0.4563118,0.46538472,0.5018101,0.42302582,0.4504922,0.4282421,0.46961516,0.4771408,0.46284,0.4821183,0.45061988
2025-04-01,0.0,-3.3898255589912307,3.849020489817744,-3.1516618721199605,0.489106,0.49268353,0.5073094,0.5388813,0.48822048,0.5002915,0.5260353,0.38074696,0.54312015,0.5255688,0.5384961,0.5393999,0.4886835,0.49206963,0.47143066,0.44834837,0.5208525,0.4852629,0.492949,0.5000997,0.51952356,0.5065587,0.52877015,0.49241796,0.52767813,0.5300285,0.48865396,0.54921025,0.5520118,0.48595884,0.5571838,0.5449788,0.53734815,0.5170739,0.5217559,0.5173003,0.487473,0.4774833,0.58311003,0.516655,0.5204775,0.5474873,0.5007829,0.5045957,0.46996182,0.52994066,0.53747624,0.51613295,0.54011184,0.51106536
2025-04-02,1.0,-1.5942067161223012,1.7797498742424909,0.8408938788086601,0.41156393,0.4533888,0.44458067,0.4594234,0.42909536,0.40771008,0.4434993,0.5749255,0.43093145,0.44441247,0.4328449,0.47259966,0.4059939,0.44173315,0.3796521,0.36827558,0.47193187,0.4208811,0.4438249,0.42755526,0.45277354,0.4383073,0.43471596,0.3890148,0.43762392,0.39066893,0.42345262,0.47026533,0.4491582,0.4646778,0.4456598,0.43771148,0.44408897,0.4318841,0.43894604,0.44027302,0.41904873,0.4040974,0.47346562,0.4330298,0.4430229,0.4349458,0.41429618,0.38672,0.37756467,0.44952878,0.4355943,0.42915812,0.52055514,0.43417138
2025-04-03,1.0,-1.8852627263769568,1.7947034110557776,0.8100200026059999,0.5462216,0.54269797,0.54837734,0.5356498,0.5182929,0.49774382,0.51545495,0.6998612,0.5270532,0.519324,0.5117675,0.54922986,0.5151444,0.53090465,0.546311,0.5362736,0.53633785,0.5074974,0.5439323,0.5306333,0.51488966,0.5301047,0.53308386,0.52173805,0.5118834,0.47695845,0.4857183,0.5234783,0.49252662,0.53856516,0.53261757,0.52206063,0.5000735,0.5347884,0.5367778,0.5212071,0.51781094,0.49579978,0.5048564,0.53045934,0.5046728,0.5308384,0.49214283,0.51188684,0.49325627,0.5241336,0.51641864,0.49016184,0.52712923,0.48430723
2025-04-04,0.0,-1.8162785144335825,0.4473594972238882,-0.42033687594590996,0.51023513,0.44288132,0.50342774,0.4915888,0.5057811,0.5135114,0.45827642,0.6775719,0.5170891,0.52923477,0.48053053,0.5280428,0.5163074,0.5018529,0.5264458,0.51166064,0.5269318,0.5056936,0.4959335,0.49269065,0.46141386,0.49727622,0.48509422,0.4635667,0.49475253,0.48003063,0.48792765,0.5071292,0.47652063,0.4720781,0.49304798,0.4972805,0.45919126,0.52913946,0.49940073,0.49376488,0.45691627,0.4936802,0.46574637,0.4905442,0.458453,0.48894522,0.45095748,0.43183824,0.4557137,0.5039423,0.50974435,0.4999891,0.48161277,0.46241787
2025-04-05,0.0,-7.950027732070176,0.3341868773257901,-6.30949912246192,0.5156202,0.5217501,0.58237326,0.55192876,0.5636853,0.56694055,0.56522256,0.58264875,0.57183534,0.5581848,0.548607,0.5708612,0.55369717,0.574152,0.55344933,0.52710646,0.5776121,0.53124076,0.5353431,0.5400525,0.5499035,0.53458834,0.52246886,0.5500867,0.56793815,0.5054446,0.5303885,0.5510713,0.51471984,0.53766996,0.55554414,0.54565984,0.52745396,0.5356778,0.5713061,0.5408142,0.5293927,0.51756483,0.5141003,0.55979556,0.53469914,0.5624332,0.53527695,0.5176067,0.55481386,0.5445624,0.5684639,0.50940603,0.5024957,0.51088125
2025-04-06,1.0,-5.130000505381908,3.5245295478776453,0.93055424346964,0.41225976,0.3469357,0.42194414,0.4036885,0.42247936,0.4063925,0.4119386,0.39585966,0.40094897,0.4000334,0.4178594,0.43508592,0.43038636,0.39585996,0.42963105,0.42120096,0.40479988,0.41430682,0.42781615,0.39860156,0.38954192,0.39850712,0.4014601,0.39156148,0.437422,0.37322307,0.40209773,0.3993975,0.42491576,0.36121926,0.41584978,0.45147464,0.39393005,0.45178926,0.4566194,0.43807578,0.36869788,0.40528232,0.38822973,0.45784158,0.41670296,0.45047167,0.3873385,0.35905275,0.42556864,0.43676898,0.472979,0.42775118,0.43224058,0.38531157
2025-04-07,0.0,-3.7627101961614304,2.130602243449393,-3.6545314426559403,0.46541622,0.42368743,0.4783958,0.47292963,0.44139716,0.46814626,0.4988575,0.42421296,0.47625485,0.43011135,0.49649402,0.49579948,0.48398125,0.42456585,0.5048,0.42948064,0.4776703,0.46244133,0.469057,0.47901776,0.5004524,0.45252824,0.52529216,0.47844964,0.44881743,0.48710418,0.47300524,0.4891142,0.46170625,0.4213996,0.5080069,0.5257984,0.4847522,0.50743103,0.5297911,0.49704313,0.43276662,0.43358853,0.55103076,0.5262598,0.5092337,0.5765012,0.48323452,0.4988956,0.50422066,0.4824717,0.54661655,0.4257932,0.51212776,0.51378554
2025-04-08,1.0,-2.2558167439700205,9.093323388513962,7.92271898213657,0.45857868,0.5888512,0.58984554,0.6060311,0.5466386,0.5542459,0.5969932,0.82680565,0.6132247,0.5608771,0.609018,0.5841803,0.5279987,0.50672495,0.56813765,0.51678026,0.57661694,0.57411605,0.524152,0.5427238,0.5727535,0.55424714,0.5665043,0.56627977,0.5692792,0.5785883,0.5540705,0.5983846,0.56077176,0.51517147,0.6027395,0.59091634,0.5934753,0.55491114,0.5699841,0.5717278,0.5468404,0.51873726,0.6015274,0.5517009,0.5327088,0.60869443,0.5470916,0.6048319,0.5660234,0.5468586,0.59748024,0.520055,0.55003095,0.5736222
2025-04-09,0.0,-5.154941609955741,0.1668879991507879,-3.7088127865998097,0.3026424,0.35630092,0.42912492,0.43781382,0.3803404,0.34946296,0.43859825,0.22774589,0.41699904,0.36201236,0.42019883,0.44503534,0.35508975,0.37368545,0.3027964,0.2925937,0.4828088,0.38939223,0.42937165,0.38754207,0.46142283,0.37555936,0.36430266,0.35427257,0.30223334,0.3578611,0.41227,0.46063656,0.36469457,0.39423567,0.42520443,0.41581628,0.40765226,0.40448314,0.3794466,0.41166762,0.29634473,0.3147125,0.4419662,0.42303595,0.41566396,0.39647347,0.36700076,0.35887328,0.33311716,0.4110753,0.3992333,0.33356774,0.48752043,0.42725244
2025-04-10,1.0,-0.8043082168103489,5.7276067819730105,4.68283226478621,0.5167344,0.6063255,0.60164815,0.57525057,0.5939445,0.52532995,0.57792515,0.2396363,0.59585834,0.5856527,0.5649743,0.5797414,0.51990676,0.56239307,0.53764355,0.5369077,0.56947005,0.5766148,0.60274404,0.5761477,0.5512654,0.5936844,0.5553561,0.55240434,0.4879163,0.5480492,0.5231008,0.55672634,0.50037354,0.60043484,0.5948301,0.5643947,0.5338086,0.5562766,0.57466525,0.55440044,0.5474013,0.5107757,0.5513443,0.5754621,0.5780713,0.57495564,0.5237096,0.54233354,0.5341507,0.53956187,0.54181904,0.5183955,0.56458324,0.5223471
2025-04-11,1.0,-0.7591206997299069,2.930791467798869,2.1969489076607,0.43095186,0.51758236,0.4438223,0.45431122,0.5052958,0.4648176,0.4247287,0.47284266,0.4907406,0.53788346,0.47818258,0.5174545,0.45273796,0.48136273,0.42349207,0.5232292,0.48814097,0.47231525,0.5025298,0.48880264,0.45340574,0.4957812,0.42572933,0.42766476,0.40855703,0.535334,0.48334137,0.47627968,0.46363288,0.46730447,0.5152504,0.46714658,0.43832135,0.51508355,0.42864034,0.4763989,0.43104407,0.44969207,0.45780897,0.5119747,0.46003148,0.4644999,0.41906297,0.4260225,0.4255417,0.48217374,0.45198858,0.4952099,0.51110566,0.39886233
2025-04-12,0.0,-2.665067649487772,0.960580252113634,-1.7948042350267202,0.3920753,0.53304315,0.45625547,0.44551077,0.4696321,0.443138,0.45486265,0.47539806,0.49800065,0.51387626,0.47466585,0.51096505,0.44227943,0.48298872,0.39945555,0.52655774,0.5108279,0.4691409,0.48753563,0.48142642,0.46982032,0.45230746,0.4216949,0.43562075,0.41727194,0.49236295,0.47934076,0.4710091,0.45454437,0.49520954,0.52101874,0.47322991,0.46496344,0.4759251,0.47409037,0.4616911,0.4177416,0.44606513,0.5082373,0.5013256,0.52017707,0.47842857,0.45429775,0.41804126,0.43419638,0.46103975,0.46055177,0.44117913,0.5303746,0.41568008
2025-04-13,1.0,-0.0979467104905627,2.4063323381511816,0.98791679099759,0.35277835,0.45386466,0.36189464,0.31673038,0.39552402,0.36573744,0.3557875,0.37774843,0.3804949,0.4242032,0.3949915,0.42160186,0.37316266,0.3625085,0.35923865,0.48879978,0.36405313,0.394158,0.40112045,0.39800516,0.37388733,0.3926987,0.37519145,0.35564962,0.38389656,0.38768,0.4030724,0.38445267,0.39804605,0.3670461,0.3951569,0.3969983,0.37452388,0.42670634,0.40212646,0.40149942,0.3683015,0.37051204,0.40862322,0.42868626,0.42413628,0.41141182,0.3710455,0.3752083,0.3910041,0.38464326,0.40409613,0.3988031,0.45398954,0.34414825
2025-04-14,0.0,-1.1791214381601371,2.2268291325862104,-1.12651566020126,0.45418996,0.46944886,0.4170591,0.37654454,0.42237025,0.4172574,0.41221344,0.3391008,0.43852803,0.46693695,0.45425564,0.47273836,0.42866883,0.39127606,0.41168594,0.5182692,0.42252842,0.43732598,0.43893272,0.45104378,0.43847224,0.46867204,0.4835339,0.44651037,0.4630158,0.43115923,0.4507547,0.44766897,0.49686775,0.4213417,0.4618128,0.46593976,0.43718565,0.48358062,0.46128976,0.45299459,0.44715557,0.4233974,0.51444954,0.46943057,0.4496669,0.50367236,0.43117142,0.46348056,0.44723594,0.44284138,0.48423135,0.4511888,0.50578976,0.44947305
2025-04-15,1.0,-0.6384813615870928,2.194679807246987,0.46088222541115004,0.5092339,0.5947627,0.50064313,0.49657565,0.49066046,0.47722536,0.47815457,0.3163915,0.53123045,0.55104494,0.51420385,0.53733784,0.4868489,0.46977943,0.4464894,0.5045384,0.50108886,0.4971179,0.4722071,0.4834922,0.49190614,0.5171153,0.52168244,0.49351215,0.515134,0.48604944,0.48855725,0.52659434,0.55661976,0.48857602,0.53083444,0.51223713,0.5159401,0.5081576,0.49353614,0.50320804,0.54397786,0.50822103,0.55037206,0.4827938,0.45559123,0.5280375,0.48451468,0.52337176,0.4680957,0.49871916,0.52802557,0.494104,0.5283041,0.5013957
2025-04-16,1.0,-0.3506302579937875,1.6987154053680529,1.08598449834582,0.50740343,0.47785905,0.42891595,0.4306236,0.42510104,0.40460318,0.4185894,0.4366535,0.42832848,0.43556595,0.40281466,0.45711416,0.4163291,0.4189305,0.37492278,0.37054977,0.45820034,0.43571654,0.4612352,0.42400393,0.44364488,0.44835111,0.4432919,0.4099064,0.37921634,0.34955058,0.40440202,0.4526469,0.46222106,0.4579199,0.4277256,0.41608232,0.41692737,0.42140028,0.41685283,0.42940012,0.47757676,0.40435445,0.44648233,0.4174314,0.4155219,0.42209223,0.39741293,0.40905416,0.35400167,0.4335219,0.423569,0.41030145,0.50417274,0.4222032
2025-04-17,0.0,-0.7609406114331607,0.2165687709446548,-0.5586282238964899,0.6254199,0.66090095,0.5174833,0.502329,0.5849663,0.49757943,0.47379276,0.8059282,0.5138498,0.5540433,0.47160363,0.51771957,0.5094079,0.5256455,0.55559546,0.61271,0.5055895,0.535175,0.5606006,0.5227325,0.4829419,0.58459854,0.5300471,0.580435,0.46466857,0.47665215,0.46278828,0.49501166,0.53509295,0.5396224,0.5126386,0.5059568,0.46048257,0.5275481,0.49322936,0.518759,0.6062379,0.48615733,0.4796497,0.5119788,0.4904225,0.5177681,0.45677486,0.6113564,0.45938405,0.5150047,0.4968656,0.5393436,0.5247931,0.44436902
2025-04-18,1.0,-0.1305858530974761,1.4144003611714648,0.7104883451191,0.59379077,0.6391833,0.49715862,0.4975838,0.58922946,0.54163843,0.47701466,0.6790306,0.5347452,0.59674895,0.4867241,0.52939075,0.5360877,0.53878963,0.5669341,0.6096843,0.5057521,0.541183,0.5380394,0.5255941,0.47289315,0.57828224,0.50988805,0.5661103,0.5131838,0.5380319,0.50149024,0.50161386,0.57045776,0.521333,0.5057622,0.5040391,0.45251465,0.54465836,0.49137348,0.51789266,0.60641915,0.5202424,0.47535193,0.518898,0.47767884,0.5185347,0.46416408,0.5816281,0.4705553,0.5286391,0.5212296,0.57748055,0.49834028,0.45352593
2025-04-19,1.0,-1.334118050193736,0.2860954885255335,0.12008958529972,0.4795267,0.54598254,0.45426965,0.46816257,0.4975841,0.46114796,0.462019,0.69813216,0.47662893,0.47320792,0.44479266,0.49043292,0.47920543,0.48721936,0.44189999,0.51449454,0.5059184,0.43667823,0.47837174,0.45604566,0.4657452,0.45206234,0.4259655,0.50287735,0.4410429,0.42980644,0.450764,0.46247953,0.49184105,0.48209283,0.49100316,0.47848883,0.4386699,0.48336136,0.4726291,0.4669628,0.5016111,0.4291843,0.45591322,0.48952064,0.4678551,0.48198304,0.4388645,0.4862145,0.4256964,0.4812971,0.49350247,0.44133806,0.4855584,0.41584894
2025-04-20,1.0,-0.0404875419447849,3.78604421957555,2.70665197044683,0.44425315,0.47953132,0.41588527,0.38124907,0.46836624,0.4181792,0.4356152,0.7047675,0.42234263,0.42263967,0.42103243,0.4444253,0.44394487,0.44132408,0.44549683,0.4678242,0.41511288,0.39893425,0.427485,0.42541194,0.4276617,0.44238877,0.44322878,0.44900703,0.44037804,0.39884284,0.4165944,0.4083865,0.4445608,0.41872442,0.44086945,0.4552429,0.41460714,0.4658104,0.447173,0.446906,0.48499414,0.40243608,0.4451703,0.46577284,0.45889953,0.49072325,0.42706895,0.5078021,0.41686124,0.4368951,0.47593686,0.44403613,0.46987075,0.4002365
2025-04-21,1.0,-0.5042616812255323,7.027832064301036,6.552725583428471,0.49515235,0.5027982,0.45843485,0.4341312,0.5024882,0.4595462,0.4507746,0.8273416,0.4641374,0.48871186,0.46236154,0.47745863,0.48064253,0.44343144,0.5001974,0.52401555,0.43872288,0.4463658,0.4564726,0.463727,0.4515107,0.49733245,0.5123505,0.49593806,0.5112221,0.4570425,0.47143835,0.45733207,0.54149467,0.45077306,0.47400272,0.51618415,0.4455903,0.5202406,0.47681433,0.49575764,0.5317639,0.49648473,0.51136947,0.48444885,0.45216215,0.5444871,0.45376116,0.5643923,0.46595207,0.49050313,0.5252515,0.5102952,0.50715256,0.46512988
2025-04-22,1.0,-1.6265252443335672,1.3320770945068878,0.26514695623879003,0.5243112,0.6106446,0.51623136,0.5375337,0.57270044,0.52459645,0.54724854,0.76663756,0.5591428,0.5779285,0.5560299,0.55501074,0.48622662,0.51510406,0.5102547,0.5267987,0.53376216,0.5042985,0.51353616,0.50512755,0.5282454,0.54250884,0.549535,0.53537226,0.55113524,0.5440955,0.5047211,0.5537153,0.59200996,0.5275386,0.5794354,0.5630384,0.55897766,0.5190252,0.5421294,0.53412986,0.58656496,0.54466325,0.6102911,0.5437658,0.53958106,0.58660066,0.53511554,0.5820352,0.46385336,0.54008996,0.56228065,0.54653674,0.5732798,0.5253725
2025-04-23,1.0,-2.1916799094363224,0.3344985070569753,0.30840074520417,0.43959093,0.5744357,0.43841344,0.44439524,0.5067036,0.42722794,0.44913116,0.91305846,0.4305047,0.49669963,0.43986273,0.49141008,0.40562457,0.44134834,0.41168654,0.4364242,0.46783128,0.44243684,0.4397441,0.4223798,0.44182965,0.4527757,0.4537249,0.41096643,0.44503137,0.40633047,0.43234354,0.4657807,0.4854022,0.4890816,0.45244592,0.42697844,0.4567666,0.43996516,0.4468534,0.45094776,0.5031924,0.46855575,0.48964214,0.44376478,0.43430647,0.45119536,0.44013366,0.46208307,0.3867073,0.4403725,0.43811828,0.44800782,0.5465775,0.44181308
2025-04-24,1.0,-1.2037519434524349,1.8737598477770736,0.69792772557713,0.5073848,0.5198738,0.51830536,0.47742736,0.52782404,0.48792246,0.46954125,0.65478367,0.48388875,0.43470147,0.48090386,0.51960635,0.4913942,0.44398677,0.49670416,0.43330598,0.5050979,0.47935417,0.48243162,0.47492093,0.47616223,0.45259035,0.49125928,0.46165478,0.39336735,0.40247747,0.45512772,0.5022773,0.45244026,0.44903442,0.46397218,0.4564413,0.45577663,0.50912684,0.49355415,0.4756501,0.49365795,0.44512507,0.45751876,0.48275095,0.42240924,0.48968434,0.44967422,0.44026515,0.4580095,0.46560842,0.4782395,0.41515735,0.48313838,0.46925685
2025-04-25,0.0,-0.8148075068863823,0.5903165558477422,-0.0112856631831,0.53149474,0.46909446,0.5141737,0.48362538,0.569587,0.5146269,0.4702648,0.4746273,0.5066973,0.5425901,0.47106427,0.52553385,0.501414,0.5086605,0.5089232,0.5049432,0.52637947,0.48952898,0.51156634,0.48809138,0.46667317,0.48354197,0.48727506,0.45421824,0.481103,0.4376633,0.47045785,0.48434883,0.45835444,0.486917,0.5215811,0.49262375,0.47173017,0.53910553,0.49251235,0.48059076,0.47501117,0.4946441,0.46745786,0.5278186,0.4693643,0.5170416,0.47563872,0.44610214,0.4769296,0.4899795,0.5401308,0.47296536,0.5076631,0.4569086
2025-04-26,0.0,-1.089546814393338,0.7800162708073577,-0.9329217194183,0.54512846,0.6166589,0.55318403,0.51929986,0.64845175,0.5976867,0.5612241,0.80813617,0.5784621,0.60911375,0.554548,0.5573803,0.5577363,0.57991654,0.581501,0.5513052,0.56121784,0.55468786,0.5526715,0.54231775,0.5408924,0.6012544,0.52602226,0.58369374,0.56052834,0.55679184,0.5355699,0.54772514,0.54170704,0.53966045,0.5500157,0.52865046,0.51952934,0.52812374,0.5387425,0.5339444,0.58081585,0.5625623,0.51872164,0.57568693,0.52575535,0.57213134,0.54480547,0.5700699,0.5491282,0.55154747,0.5687867,0.583681,0.52403873,0.50045174
2025-04-27,1.0,-1.0177450605208125,1.986238020547337,1.33703707308457,0.42065856,0.42624238,0.38771996,0.3712555,0.47045934,0.4152384,0.39780277,0.8183211,0.38720396,0.42601618,0.3998539,0.4166307,0.40901852,0.38169563,0.4469274,0.4513446,0.39008123,0.4268723,0.42272618,0.38789457,0.37871772,0.44373247,0.38472384,0.40068483,0.43339777,0.38326466,0.40313047,0.38558987,0.45851174,0.36498496,0.38808298,0.42781025,0.38382727,0.43266302,0.41701114,0.41346225,0.419773,0.45957008,0.38720173,0.4501117,0.40443236,0.44761014,0.3847775,0.39877325,0.40658772,0.4266197,0.45810148,0.4818126,0.44259265,0.37510607
2025-04-28,0.0,-1.3442480535762504,0.4728770218047963,-0.7971384433909999,0.47709692,0.45980278,0.44971976,0.4478329,0.48121443,0.46767098,0.4721721,0.79115665,0.45903695,0.47442755,0.4725773,0.47859028,0.47619823,0.42739826,0.49916205,0.4860443,0.44629893,0.47510302,0.47328508,0.4655678,0.47133207,0.4891407,0.51686543,0.4847168,0.5108639,0.46498895,0.46613473,0.47283226,0.51144534,0.41770262,0.47936097,0.50232774,0.456443,0.5052378,0.4938597,0.48011613,0.48860648,0.49067894,0.5271609,0.50193864,0.4740907,0.5561963,0.460717,0.5131481,0.4815125,0.48813614,0.540993,0.5218942,0.5107996,0.48288897
2025-04-29,0.0,-1.439190179969243,1.0255557237086612,-0.09002869702098,0.46977082,0.5550427,0.5137823,0.5416899,0.5485128,0.5287538,0.539016,0.73169976,0.5502224,0.55639386,0.55064726,0.54641914,0.4931609,0.5061312,0.51219064,0.4968794,0.5250093,0.5231402,0.50461805,0.49739873,0.52354515,0.52456707,0.5273954,0.5322026,0.5508706,0.54002786,0.51121336,0.54834217,0.5641836,0.4946371,0.56330824,0.5465155,0.55099195,0.52378184,0.51723015,0.52548236,0.54078716,0.51358664,0.58499473,0.53700405,0.51100355,0.5757837,0.5169338,0.552784,0.49669427,0.53169644,0.5688446,0.56180197,0.557221,0.51993316
2025-04-30,1.0,-0.0441523783578592,3.394989467171822,2.4315545810009698,0.35875586,0.47504088,0.42020762,0.43008956,0.45663336,0.40433076,0.4345021,0.34583297,0.4166674,0.43682936,0.42213464,0.45313278,0.3936993,0.4207582,0.37124455,0.36996764,0.45938224,0.43574184,0.4268798,0.41454962,0.45046744,0.4291692,0.41998696,0.39181957,0.39817116,0.37490216,0.41948313,0.46218684,0.4400278,0.43140233,0.41556448,0.4079113,0.4242462,0.40937355,0.4027187,0.41788074,0.43276706,0.42271575,0.45814243,0.42051053,0.41851276,0.42529488,0.3977021,0.40408364,0.3615398,0.43668604,0.42359227,0.4446602,0.5101276,0.42116982
2025-05-01,1.0,-0.145104843233809,1.4463978610284436,0.41083526584195,0.49415335,0.5181318,0.5398382,0.51303965,0.5278595,0.5008724,0.5057234,0.39959094,0.5098431,0.47816876,0.50059354,0.52654374,0.5073482,0.51228386,0.5041247,0.49164096,0.5278366,0.51487815,0.53252214,0.5172724,0.5053419,0.510011,0.51924866,0.49213248,0.47383767,0.44661725,0.47924924,0.5173472,0.4722692,0.50795835,0.5013983,0.49923405,0.47990242,0.51873535,0.5062373,0.49713156,0.49192148,0.5102532,0.48510626,0.5157954,0.48747256,0.515832,0.47565883,0.461172,0.48449552,0.50399816,0.49798316,0.4750401,0.5071074,0.47597867
2025-05-02,0.0,-1.17747323531479,0.0500766664296539,-1.06953490468046,0.5501529,0.56158715,0.5920162,0.56222737,0.5893425,0.5977252,0.56991637,0.7109173,0.6026361,0.6104419,0.5699452,0.5838687,0.577589,0.5941807,0.5692715,0.5624158,0.57322377,0.5700964,0.5661777,0.5690318,0.5425705,0.5900933,0.5597846,0.5519641,0.5881703,0.552591,0.5561098,0.56338155,0.5344737,0.5588586,0.5654709,0.5605098,0.5277176,0.5760493,0.56277674,0.55136144,0.55744815,0.5675719,0.5085279,0.57525134,0.51437,0.5788296,0.54568785,0.5427336,0.5692494,0.566963,0.58564585,0.55635166,0.5136298,0.533845
2025-05-03,0.0,-1.7947534447089013,0.4663392105312426,-1.66076131092112,0.45898217,0.44484246,0.5210543,0.5168774,0.50691706,0.5048266,0.5283799,0.2588145,0.51660997,0.4949436,0.5109949,0.5363873,0.49101302,0.5355939,0.43211263,0.4628122,0.56014574,0.45597923,0.5204623,0.48059538,0.51973957,0.4897812,0.45336646,0.49557993,0.47505906,0.4685817,0.49821368,0.51247686,0.45941585,0.5112857,0.5412035,0.5259609,0.50452334,0.5068331,0.51738566,0.5051219,0.44349843,0.46656275,0.48835856,0.55030483,0.49617973,0.5332437,0.50073797,0.43876228,0.49397773,0.52513456,0.5265246,0.4551355,0.51956445,0.4724685
2025-05-04,1.0,-0.8131606730938027,0.9725603745352054,0.482575258787,0.4000339,0.35622197,0.4160296,0.38452032,0.4401686,0.41800958,0.42635328,0.13271151,0.39399385,0.38408682,0.42217758,0.43509713,0.41656592,0.411833,0.41042206,0.38857323,0.41220292,0.37612346,0.4338511,0.40202174,0.41869888,0.4242977,0.41485816,0.41099852,0.3765613,0.40969983,0.41531622,0.4105915,0.39258662,0.37398115,0.41186905,0.44388252,0.41369852,0.4324088,0.44197598,0.44484663,0.3941894,0.43378416,0.42503154,0.4635888,0.44000098,0.47117534,0.41261783,0.43121472,0.42216536,0.4438382,0.43027604,0.44555086,0.45564744,0.3988826
2025-05-05,1.0,-1.4424524150018825,2.2823016104961806,2.19287924377574,0.4669093,0.41938663,0.46979707,0.44815335,0.46908638,0.47073337,0.47071403,0.61223024,0.46115875,0.45556876,0.47790733,0.48304057,0.46679008,0.43501985,0.48488805,0.46353337,0.45282567,0.43835264,0.46786708,0.468066,0.4739799,0.48067504,0.5128779,0.48062375,0.4659528,0.48084167,0.47802955,0.47299895,0.48860174,0.419341,0.48179644,0.5100415,0.46693382,0.5037103,0.49581197,0.49766663,0.45223734,0.49910846,0.52881235,0.49999654,0.47378972,0.5607133,0.4681449,0.5205548,0.48904303,0.5004367,0.51330376,0.5101297,0.5076467,0.48459774
2025-05-06,1.0,-1.0896353930698772,0.9230659865779318,0.20269832486364997,0.46037355,0.5250156,0.51635486,0.5249715,0.523531,0.49816155,0.5132338,0.54210377,0.5413799,0.50933874,0.5343158,0.5362717,0.4694103,0.5069758,0.47666022,0.4632179,0.5201836,0.4695773,0.48813125,0.48331988,0.5142397,0.5088745,0.5127627,0.5154536,0.5029352,0.5235187,0.50816524,0.5348682,0.52983403,0.48235053,0.554168,0.5398937,0.5471343,0.51845753,0.5114029,0.5295501,0.48901862,0.49364144,0.58200216,0.5263048,0.5067679,0.5691307,0.51419663,0.5419896,0.4824353,0.5384244,0.54524326,0.52762306,0.5471769,0.50455505
2025-05-07,1.0,-0.1590558355496682,7.076609429522218,6.2240212129403,0.37550986,0.51047933,0.40794298,0.4175121,0.4279247,0.38716257,0.41356832,0.21673171,0.40973306,0.42922014,0.41314766,0.4619663,0.38171443,0.44383794,0.35897273,0.39527217,0.4562109,0.40610754,0.43382034,0.40537128,0.4341641,0.4138115,0.4196713,0.38800976,0.41286722,0.38908035,0.41103065,0.44656086,0.43019345,0.45763636,0.44185853,0.418039,0.43869966,0.42296588,0.40707028,0.42544103,0.39253068,0.39900145,0.48086885,0.43955103,0.45047206,0.42347527,0.4088455,0.4051766,0.3431174,0.4467965,0.42520943,0.4301616,0.53336346,0.398794
2025-05-08,0.0,-0.9207916101612624,1.0593342872188003,-0.2808564699583,0.4818284,0.5562184,0.50117147,0.46851724,0.48467088,0.47931254,0.46187168,0.17175618,0.49189246,0.4876414,0.48743102,0.5187958,0.49283287,0.50088483,0.5071412,0.47275764,0.500928,0.477431,0.4973347,0.4955866,0.48211682,0.4793578,0.5025698,0.47587186,0.4507427,0.4678792,0.47148567,0.5056023,0.4670886,0.49157527,0.48602784,0.47023296,0.4602018,0.5145341,0.48800477,0.4772146,0.4661033,0.4859693,0.48658925,0.49904713,0.47457588,0.49664617,0.45761707,0.45783156,0.45095426,0.49685854,0.46609017,0.47029585,0.50466645,0.44575244
2025-05-09,1.0,-0.1489182855087084,1.935637747881096,1.7687693367897699,0.52314997,0.5878503,0.58135,0.54244584,0.5296894,0.5555761,0.5453487,0.43993083,0.5914478,0.5818913,0.5576089,0.5873708,0.5532442,0.5877248,0.5445712,0.546747,0.573516,0.50451463,0.53908515,0.5470713,0.5307557,0.5300339,0.54443544,0.5235665,0.56807065,0.52097714,0.5443947,0.54729694,0.5117252,0.58566546,0.5791785,0.56153303,0.5341623,0.57790524,0.57970375,0.54148513,0.5126311,0.53174233,0.5268426,0.5681632,0.52615935,0.5794096,0.5527186,0.51041096,0.55791736,0.55351645,0.5807226,0.49801663,0.5409202,0.5313318
2025-05-10,0.0,-1.407121662385608,0.1548945061880272,-0.66198315306769,0.42544168,0.34373957,0.48639616,0.47124523,0.44873628,0.45385453,0.47139385,0.27603668,0.48125297,0.43370178,0.48361513,0.5259481,0.45402718,0.50339746,0.41603026,0.40099537,0.54389274,0.38626102,0.47986057,0.4406569,0.49470246,0.43294102,0.42815754,0.45010597,0.40764165,0.4168606,0.4685434,0.49718556,0.40815574,0.5011458,0.5288019,0.50357753,0.48892036,0.48640117,0.5029129,0.49177867,0.3935364,0.3927564,0.47812346,0.52369124,0.47148743,0.50342184,0.48486736,0.38845608,0.45976505,0.50230265,0.49696663,0.41377467,0.5288922,0.4461184
2025-05-11,0.0,-3.319666521023552,1.6209468620859318,-1.28239576779249,0.39459127,0.32489112,0.38917646,0.33941853,0.40074167,0.38710076,0.37701938,0.3828702,0.36059183,0.3584564,0.39077443,0.41727027,0.39288136,0.3817254,0.4425766,0.33920902,0.3934966,0.3473302,0.40853685,0.36584482,0.38279518,0.40087003,0.3898613,0.38247478,0.31813297,0.3760475,0.385642,0.38964826,0.36077484,0.3620186,0.38084778,0.41966343,0.3946451,0.41331705,0.42370877,0.42868808,0.35917172,0.41129026,0.41558346,0.43922588,0.4172744,0.43130404,0.3925405,0.40996337,0.385472,0.42056745,0.38830125,0.4378091,0.4569142,0.38698196
2025-05-12,1.0,-1.3334965979787634,2.1033220437912177,1.2686796194268202,0.48718208,0.41507185,0.4519282,0.42225146,0.43631864,0.4566543,0.44470853,0.31731513,0.44616395,0.45347083,0.4652987,0.48137116,0.45393157,0.42540506,0.529115,0.43308872,0.4425798,0.42151126,0.45297948,0.448949,0.45993045,0.47687083,0.5075402,0.46873808,0.4314671,0.4625522,0.4572635,0.46686235,0.48016745,0.4109326,0.4730001,0.49349898,0.45914885,0.49876565,0.4882574,0.4900414,0.43541282,0.49964845,0.5271884,0.4928403,0.46398142,0.5377755,0.458194,0.5196277,0.47006086,0.4886781,0.49929285,0.5215852,0.51404184,0.47775948
2025-05-13,0.0,-1.4529796808880824,0.2429524231686905,-0.57405444459628,0.4788226,0.5862388,0.5741456,0.574531,0.53198844,0.5394069,0.5723661,0.63321126,0.59125704,0.5727428,0.5812923,0.5764898,0.5363634,0.5135568,0.5840702,0.5178296,0.54604965,0.5315202,0.50220406,0.52945614,0.5526713,0.56511337,0.5767912,0.57391864,0.550932,0.53157544,0.5240164,0.5747649,0.5807773,0.51191777,0.57273453,0.55867463,0.57193965,0.5669231,0.5505034,0.5624005,0.56218624,0.5599095,0.5762178,0.52580667,0.4860672,0.58830136,0.53305966,0.5983309,0.5602132,0.54966044,0.5910286,0.5608864,0.53864086,0.5610113
2025-05-14,1.0,-2.074105071416813,0.659490387674354,0.24691295519929998,0.3890976,0.45101944,0.476536,0.4697758,0.4168617,0.41210207,0.4690805,0.26487857,0.45118645,0.41766632,0.43458524,0.4710827,0.41450533,0.4463141,0.4040463,0.32759508,0.49731353,0.41322032,0.47856575,0.42073324,0.4793566,0.42890027,0.43931577,0.41255987,0.38837975,0.34245762,0.41777477,0.4746318,0.4167594,0.46947634,0.46082258,0.4496369,0.44978514,0.4550533,0.44636557,0.4577774,0.39498582,0.3670466,0.45435336,0.43521482,0.43085518,0.44317314,0.41570404,0.36950508,0.37544498,0.45093164,0.46464527,0.42413616,0.5171989,0.45223585
2025-05-15,0.0,-0.6412151279861636,0.7552287295370927,-0.28935353660749,0.546011,0.5509682,0.58832973,0.553439,0.57941115,0.56968987,0.56481403,0.4687405,0.5708821,0.5636305,0.5458418,0.55156255,0.5602537,0.5650035,0.61444896,0.4820536,0.5424191,0.5618907,0.589275,0.5480103,0.54687077,0.599735,0.560614,0.5942433,0.4614535,0.52025783,0.50937957,0.55752784,0.52585036,0.5345823,0.5194765,0.52844894,0.49544165,0.5512427,0.5365638,0.55779177,0.5881947,0.51370645,0.48766735,0.54377615,0.49592084,0.54491466,0.4972242,0.56015736,0.53815144,0.55387247,0.529751,0.5604641,0.5014409,0.51684475
2025-05-16,0.0,-0.8263001918335882,0.2374433089970608,-0.3264915065874,0.54559207,0.57692385,0.569862,0.5691231,0.5701017,0.580748,0.57163703,0.40771952,0.59306103,0.60277003,0.5517959,0.5704862,0.5538885,0.59959215,0.5979704,0.5725531,0.5654069,0.5496009,0.5786085,0.55717045,0.54272455,0.5983154,0.55218565,0.580267,0.5715317,0.5582995,0.5403236,0.5384484,0.55792755,0.5746998,0.57383907,0.5580041,0.52165806,0.5898155,0.5470281,0.55484855,0.5796763,0.5385432,0.50563985,0.57774127,0.523146,0.57542175,0.5215119,0.5405025,0.5357996,0.5660267,0.58600116,0.55761296,0.53089947,0.5038537
2025-05-17,1.0,-0.0209085178436075,3.368836064560984,3.17575648000751,0.46288818,0.54672104,0.54067534,0.5385404,0.5499393,0.557174,0.56718737,0.62259865,0.5676362,0.54665434,0.55045635,0.54791915,0.5324279,0.5710042,0.5352496,0.52378565,0.56146616,0.50809604,0.54654896,0.5304172,0.5486637,0.5509667,0.50361955,0.57347673,0.53864914,0.5285695,0.53014386,0.54074836,0.53519946,0.5408009,0.5451375,0.53278166,0.51105595,0.5391368,0.53916186,0.5441483,0.5665803,0.50701344,0.50632024,0.5532225,0.51532567,0.55164766,0.51620156,0.5158678,0.5211729,0.5456379,0.5578014,0.5168568,0.5144885,0.48828185
2025-05-18,0.0,-4.274259604265048,0.6128050415539508,-0.8305743221750801,0.3897256,0.44740164,0.4282538,0.40871337,0.45257783,0.4317394,0.44643098,0.49162564,0.42708042,0.43718874,0.43973553,0.4475815,0.4321627,0.42621055,0.47557077,0.46068335,0.4191103,0.4210194,0.4408537,0.42489243,0.43273607,0.4414043,0.43341124,0.43988496,0.45961177,0.40623555,0.43303767,0.41619793,0.45664942,0.40774727,0.43092746,0.4587368,0.42111427,0.4774934,0.4593842,0.46149492,0.46020988,0.4291115,0.427413,0.46282426,0.4459185,0.48514,0.4160893,0.44148257,0.43865082,0.44169873,0.4860832,0.4705701,0.4602015,0.4017163
2025-05-19,1.0,-1.3244188613613743,1.640535945225278,1.2016222070838,0.4528594,0.4607415,0.48559496,0.47181147,0.48102674,0.49585605,0.51323223,0.5722164,0.5035296,0.52412885,0.5225858,0.5068295,0.49209085,0.44638458,0.5249735,0.5118788,0.4740123,0.48302588,0.49445623,0.49922973,0.5050374,0.49980554,0.5346972,0.5063846,0.5218918,0.5020499,0.50379574,0.507135,0.52332985,0.4548808,0.5110419,0.5401331,0.49323386,0.5415961,0.5271005,0.5158895,0.5127791,0.50766,0.56395674,0.5217785,0.5052989,0.5829889,0.49097314,0.5255573,0.51580435,0.4923649,0.5621521,0.5261057,0.53880304,0.51049745
2025-05-20,1.0,-0.7043748305368763,3.627723964821251,2.581277442421,0.43536448,0.511489,0.5051218,0.5218986,0.5178511,0.5001609,0.5169571,0.5191499,0.5449165,0.5336252,0.5463124,0.54497194,0.4655149,0.48869038,0.48169827,0.47553983,0.52081835,0.47621092,0.48437995,0.4730321,0.51493657,0.5062017,0.50733596,0.5261123,0.51836777,0.52390486,0.5217344,0.5334028,0.54182416,0.49688455,0.5488022,0.53147876,0.54772335,0.5315084,0.5070879,0.5345201,0.5154454,0.51021385,0.5770445,0.5263017,0.48205993,0.56283957,0.50990814,0.523112,0.4808379,0.50925726,0.5502806,0.51537263,0.55017936,0.50422657
2025-05-21,1.0,-0.4264855197670557,2.108162132052865,1.85441127291967,0.36583778,0.4539528,0.40694982,0.40910453,0.41961798,0.38733226,0.41022664,0.40864494,0.41548878,0.4203914,0.41300714,0.45318595,0.38025993,0.4083926,0.3482129,0.3773196,0.45880374,0.41190925,0.43053785,0.4064806,0.4399886,0.41193265,0.41714,0.3844801,0.378881,0.36740053,0.40808213,0.45378,0.41188282,0.44084114,0.42566392,0.40551507,0.43010965,0.41508168,0.40717638,0.41850054,0.40143326,0.40526956,0.4697073,0.41758215,0.42754808,0.41859555,0.39988932,0.34756592,0.33405343,0.41914165,0.41630933,0.4094375,0.5185641,0.40655717
2025-05-22,0.0,-4.482484880332096,0.0928785391583345,-3.99835903745315,0.5353142,0.5784441,0.5468988,0.51563615,0.5460569,0.5153702,0.5026048,0.54020363,0.5456089,0.57111424,0.5276469,0.55349284,0.51759934,0.53711355,0.55930054,0.5727042,0.5320983,0.53308964,0.54802686,0.5386872,0.51599735,0.5469874,0.5401529,0.5414996,0.5247372,0.50467896,0.5023083,0.5324218,0.49752077,0.560325,0.53979707,0.513,0.5016375,0.55686057,0.5361519,0.51889247,0.5286785,0.5279439,0.52219045,0.5423822,0.5172955,0.54576015,0.5043054,0.51181847,0.5064348,0.51235,0.5276061,0.5192369,0.5421555,0.47835264
2025-05-23,1.0,-0.4135421448007993,2.018043127860848,0.41250715632717,0.47575662,0.4956277,0.4822741,0.46999732,0.4984925,0.4929241,0.44487786,0.7107227,0.5078283,0.5347732,0.4907852,0.53151363,0.4918252,0.49217966,0.48596436,0.51879317,0.5164049,0.46305355,0.493556,0.4815304,0.4626735,0.49073648,0.45777342,0.47559935,0.47406715,0.48641783,0.49221796,0.49561453,0.4646863,0.5034328,0.5069155,0.48720726,0.46117455,0.5541825,0.49017885,0.48102966,0.45214182,0.5029106,0.47352868,0.51246256,0.4551251,0.49715126,0.46390578,0.41414386,0.45805797,0.48352894,0.51548254,0.47569072,0.5077916,0.45005348
2025-05-24,1.0,-1.0834741052088723,1.4172047173024798,1.14620653391485,0.42223608,0.42973387,0.45331728,0.44352645,0.456846,0.44173342,0.44608912,0.28102922,0.46549743,0.44379243,0.4531791,0.5021509,0.44650313,0.46835935,0.4082414,0.46106464,0.51899326,0.40578356,0.4698818,0.44664988,0.47601047,0.42195088,0.4258455,0.44700944,0.4176789,0.41894102,0.44398096,0.46924996,0.42386505,0.48280847,0.50048333,0.46659514,0.46432918,0.47776943,0.4801125,0.45622483,0.39513338,0.42860198,0.4824132,0.5004922,0.4877641,0.47990835,0.45792493,0.35998547,0.42590684,0.45802,0.47784406,0.41480556,0.51349235,0.4165889
2025-05-25,1.0,-0.3065217537193802,1.292505984992282,0.39425248895826,0.37799558,0.3376099,0.35803103,0.30857384,0.39283538,0.37263525,0.34583658,0.36280057,0.35310352,0.36855918,0.37100092,0.39320588,0.38088846,0.3573151,0.4090512,0.38690263,0.37311563,0.34852666,0.38989577,0.36442187,0.3644919,0.37704903,0.3779131,0.35791957,0.36830038,0.36814874,0.3648239,0.37536374,0.36298147,0.34517875,0.3628981,0.39074713,0.3640173,0.41317105,0.40040985,0.39398512,0.34874305,0.38920248,0.39966172,0.40820223,0.41010943,0.4019725,0.36465067,0.3567102,0.35399106,0.38856035,0.38815764,0.41083166,0.42777064,0.3534555
2025-05-26,0.0,-1.7683871522563126,1.1657581375508963,-0.45483731700125,0.47522208,0.39934534,0.4208808,0.39631388,0.429289,0.43809572,0.4222444,0.43412438,0.43347865,0.4606726,0.44367483,0.46319768,0.44697028,0.40228462,0.4822753,0.44518355,0.4250095,0.41911295,0.4412976,0.44583318,0.4458827,0.4534471,0.4943855,0.445567,0.46856883,0.44282314,0.4335098,0.45602146,0.47976035,0.39992356,0.45375532,0.47751734,0.43331286,0.49612573,0.47262055,0.45977354,0.4240153,0.47166303,0.52010673,0.4684584,0.46471038,0.5076756,0.43238184,0.46652985,0.43922228,0.4642585,0.49342978,0.49120447,0.499625,0.45473918
2025-05-27,0.0,-2.010882397916616,0.317593010552721,-1.06718460844975,0.4791067,0.5080907,0.4846868,0.5056088,0.48638746,0.4772162,0.48387086,0.42225224,0.5180811,0.5181263,0.5065465,0.52122796,0.48858434,0.48104098,0.47373983,0.44341195,0.49494413,0.44914094,0.46166876,0.46769184,0.4880348,0.49540696,0.50895315,0.5017863,0.5024669,0.48896435,0.47197664,0.5167269,0.53555334,0.465449,0.5251834,0.51456565,0.51019794,0.52646154,0.49251002,0.5069513,0.4805743,0.4758942,0.5473384,0.48907977,0.45873088,0.5220948,0.47710222,0.5031017,0.4595291,0.5123107,0.5387074,0.50546575,0.52061176,0.48822194
2025-05-28,0.0,-2.3078137896849347,1.0247111349097886,-2.05473253252083,0.4845524,0.5590239,0.4967231,0.5025332,0.48985705,0.48214814,0.49075428,0.30871606,0.48760226,0.48042607,0.46290812,0.49864575,0.48525387,0.49809706,0.4691831,0.4055259,0.4925806,0.47094166,0.4823535,0.4778463,0.49554175,0.48857898,0.5190918,0.46375498,0.49222633,0.39168808,0.447969,0.49781093,0.49214572,0.5006818,0.4696305,0.46488473,0.48182312,0.47699845,0.5016938,0.48603195,0.5132981,0.43685898,0.48158136,0.44885677,0.45675606,0.4935082,0.45639622,0.44388396,0.44196266,0.48362002,0.50658864,0.47074842,0.5170146,0.4684558
2025-05-29,0.0,-1.8821290180500163,0.6827399835516206,-1.53100281575464,0.56295085,0.5072096,0.5550915,0.53896475,0.54696006,0.5249124,0.50642097,0.6612941,0.5222411,0.52725756,0.49903697,0.5270714,0.5437824,0.54509676,0.6046505,0.5338711,0.5299083,0.53346515,0.5513475,0.527004,0.5014063,0.52966887,0.5383441,0.5650443,0.49787593,0.453231,0.47757453,0.51565295,0.5035826,0.5175737,0.5004184,0.5215903,0.4806866,0.5607454,0.5262672,0.54398614,0.53755057,0.5155153,0.4645142,0.51422393,0.46580905,0.5199741,0.46966556,0.5258117,0.5004044,0.5298755,0.54616755,0.5070784,0.49902913,0.47971416
2025-05-30,1.0,-0.8856973168929663,0.8756241392629306,0.58146455448111,0.6051851,0.6132015,0.57604617,0.5783582,0.6515177,0.5917081,0.5577899,0.6920658,0.58347666,0.626549,0.53499126,0.56723326,0.5831439,0.6147627,0.6816313,0.6134032,0.56002253,0.58725065,0.5783484,0.5659651,0.5341966,0.62014973,0.5795782,0.631708,0.59864295,0.556349,0.53830487,0.5397771,0.57844007,0.5687062,0.5610536,0.55844784,0.519541,0.60183644,0.56464815,0.57850796,0.6155137,0.58823055,0.5056532,0.5680689,0.5227424,0.57772005,0.5247355,0.59389395,0.55314577,0.5823514,0.60700303,0.6110924,0.51703554,0.50235426
2025-05-31,1.0,-0.8057760731621058,1.2116819636461047,0.99989031960423,0.53271466,0.60962284,0.54351807,0.5567622,0.62033665,0.568802,0.5530864,0.7940328,0.56402695,0.5710282,0.5350047,0.5519594,0.557177,0.59291965,0.6291842,0.57819724,0.5651604,0.5528719,0.5394121,0.529775,0.53577954,0.5760741,0.5298017,0.6163795,0.57902217,0.5303218,0.5338997,0.5353597,0.56732523,0.5444286,0.5428525,0.542268,0.51813513,0.559561,0.557698,0.5564178,0.5838317,0.5666543,0.5071048,0.54718775,0.5180826,0.5578252,0.5150535,0.5650616,0.5271491,0.5576657,0.58737063,0.5678107,0.50790256,0.48602778
2025-06-01,1.0,-1.8949667620301016,0.2766822751092613,0.20336561573317002,0.42093727,0.44023392,0.4212766,0.4149212,0.47855315,0.4127246,0.4223707,0.6846386,0.40460894,0.42513424,0.4173922,0.4348478,0.43611303,0.43164784,0.5093488,0.48837522,0.4067718,0.43327108,0.43497232,0.41343,0.4098435,0.43950912,0.4316107,0.4583509,0.4528463,0.39772788,0.41750413,0.40633637,0.46910664,0.39373294,0.4084673,0.45623785,0.40551907,0.48113334,0.46463266,0.46367833,0.45621595,0.46299663,0.4133493,0.44968387,0.43850768,0.4626901,0.39277902,0.45767984,0.4245763,0.4496845,0.4988729,0.4823882,0.441096,0.38859683
2025-06-02,0.0,-0.9353152306829228,0.8809540005881515,-0.45551268035745995,0.48234385,0.45306426,0.46998036,0.47587487,0.49233612,0.46993718,0.4800542,0.71083015,0.47304687,0.49542257,0.4810062,0.48855606,0.5023178,0.46296775,0.557539,0.5306968,0.44709697,0.48573762,0.48323017,0.48366365,0.47607785,0.48407128,0.54454756,0.52593887,0.5318633,0.4823736,0.48061168,0.48218843,0.53014696,0.43430072,0.4875472,0.523926,0.4646338,0.5464422,0.53115964,0.5218814,0.5157086,0.52369,0.53162193,0.4975383,0.48367473,0.55469465,0.45700827,0.542839,0.4981503,0.51133066,0.5707199,0.52047586,0.5044879,0.47842738
2025-06-03,0.0,-1.1432778604613218,0.5895742007834156,-0.64742251263659,0.47345054,0.50682414,0.50875443,0.53683513,0.54017055,0.50850034,0.5183256,0.74566793,0.5430931,0.538447,0.5349626,0.538521,0.4955147,0.5334062,0.5379101,0.5016317,0.512083,0.50139135,0.49716526,0.49175087,0.5106541,0.50484365,0.5300268,0.5588821,0.54284865,0.53706616,0.508885,0.5325206,0.5561076,0.49258927,0.55690485,0.54684097,0.54537266,0.5471963,0.53610355,0.54937416,0.53264105,0.5166494,0.57830495,0.5264715,0.5062873,0.5636172,0.50239825,0.5547071,0.48205996,0.54515976,0.57843566,0.53631526,0.5444611,0.49757057
2025-06-04,0.0,-4.218325271740156,1.151781170004075,-3.09248149110365,0.39527848,0.51045215,0.443714,0.4540778,0.48209554,0.4259569,0.44669744,0.9106322,0.44668564,0.46362725,0.4389803,0.46908423,0.43234256,0.47563776,0.44954294,0.42802987,0.46361166,0.45749444,0.44187203,0.44216594,0.4595132,0.45021704,0.45913106,0.4495628,0.45748073,0.40525833,0.43772283,0.47297144,0.46177843,0.46492606,0.43789092,0.43117413,0.44998878,0.4538943,0.45628738,0.45760635,0.47855666,0.45295867,0.47457674,0.43239257,0.43876418,0.4499715,0.4199925,0.46076226,0.39456296,0.46824017,0.4712386,0.45261064,0.5115568,0.4284321
2025-06-05,1.0,-0.407572993004636,3.6982448290002754,2.70162096650293,0.5053415,0.50881755,0.52612966,0.50708413,0.51026165,0.47837162,0.47758898,0.7391881,0.49894834,0.4761652,0.48403615,0.5208112,0.5070456,0.52913505,0.53237516,0.51815575,0.51965404,0.49355415,0.51804185,0.5077156,0.49067774,0.4751445,0.51406217,0.5103476,0.4934257,0.43383875,0.46972498,0.503572,0.45802477,0.51610804,0.5016836,0.498197,0.47796986,0.54852587,0.51982313,0.5094251,0.47909135,0.49178863,0.4817691,0.50461555,0.48217452,0.5070437,0.46275806,0.45183155,0.4737605,0.50666034,0.52231336,0.4464464,0.50926405,0.4550998
2025-06-06,1.0,-0.4009910660611275,1.533473087550091,1.20446218481455,0.5635824,0.5258781,0.55109304,0.52956855,0.57016385,0.5507667,0.51859653,0.84224313,0.56256914,0.5778644,0.5264883,0.5591811,0.5536424,0.58804286,0.6079573,0.55973476,0.5523703,0.5330736,0.53601354,0.5401238,0.514707,0.54917353,0.5447056,0.5506238,0.5726758,0.5238291,0.5267275,0.53192216,0.5083168,0.54978174,0.5407963,0.53149056,0.50856894,0.58712363,0.5553205,0.5413667,0.5302894,0.54675657,0.50302184,0.5470779,0.51047546,0.54771227,0.5143143,0.5123688,0.5280527,0.55194277,0.5730382,0.52864325,0.5080992,0.49221745
2025-06-07,1.0,-0.5586375564543865,0.8828473865974424,0.17213626629398,0.4878924,0.48376834,0.5185454,0.50407577,0.5147931,0.50871456,0.5014943,0.6584291,0.52076244,0.510423,0.5005407,0.5271934,0.5096162,0.54706806,0.5259497,0.4906886,0.5543112,0.47262245,0.50350153,0.486684,0.49995816,0.49172765,0.46726403,0.51354814,0.5131157,0.4811583,0.4969916,0.5111457,0.4709412,0.51979715,0.52173156,0.52060026,0.49256417,0.52647054,0.5355698,0.5108006,0.4554209,0.5071842,0.48854938,0.5241451,0.49569893,0.51394564,0.4902747,0.44294745,0.48603582,0.52431625,0.54025626,0.4697958,0.49776137,0.46966606
2025-06-08,1.0,-0.3938648377214134,4.4362009122705865,4.19420963494116,0.43673235,0.38926762,0.43227664,0.40642238,0.44682553,0.41715527,0.42308143,0.4841188,0.40849206,0.42473114,0.42126966,0.44832638,0.43503055,0.43520936,0.4805389,0.45299405,0.41179806,0.4112034,0.43706033,0.41665733,0.4162553,0.42592946,0.43459058,0.4277477,0.45439023,0.40460518,0.4204654,0.4147091,0.4166419,0.39644524,0.42855582,0.4575926,0.41581875,0.48551592,0.47272936,0.45752668,0.4018807,0.4666032,0.4251854,0.47054952,0.4466533,0.47249797,0.41236117,0.4209759,0.440941,0.45476565,0.4921299,0.45253223,0.45355114,0.39405337
2025-06-09,1.0,-1.7676970695220455,0.1241531250638007,0.010311175786519999,0.49408147,0.42858627,0.4774682,0.4628516,0.4707872,0.47474992,0.47209293,0.57383776,0.472457,0.493051,0.4814803,0.49382725,0.4932499,0.46210793,0.5402223,0.506388,0.4515734,0.46728313,0.47763586,0.4784745,0.47042516,0.48458645,0.5341902,0.49987617,0.529078,0.48452622,0.48407125,0.47926873,0.5033196,0.43781573,0.49485958,0.521651,0.47178027,0.5468186,0.52441895,0.5117836,0.46610287,0.5263027,0.5305814,0.50787294,0.4767352,0.5583285,0.46773478,0.5146474,0.5043173,0.51292044,0.5604268,0.51162446,0.5119379,0.48251337
2025-06-10,0.0,-2.024807014706494,0.1066043685301398,-1.48849235207292,0.4750932,0.53802687,0.5410777,0.56523114,0.54386026,0.5402309,0.5659832,0.70874566,0.57046676,0.5702478,0.5788209,0.56933945,0.51138175,0.52745545,0.54472286,0.51410043,0.5426818,0.51856375,0.52527654,0.51845264,0.54142624,0.53634,0.54891074,0.5542777,0.56886387,0.56359565,0.526075,0.5696408,0.5667535,0.5201739,0.5856845,0.57129705,0.5748363,0.557974,0.5670878,0.5563749,0.52828807,0.54333085,0.60334253,0.5508216,0.530332,0.58949745,0.5363597,0.5581771,0.5252827,0.5539497,0.5860797,0.5475352,0.56679547,0.5437702
2025-06-11,0.0,-2.7749483419973013,0.1549076279008928,-2.77493887872792,0.3578955,0.4369809,0.4328319,0.43464273,0.44110647,0.4017541,0.43649262,0.32884097,0.41712686,0.42135525,0.4263302,0.46851838,0.3879495,0.42571265,0.3829262,0.3555304,0.46754,0.4098655,0.42897385,0.41010863,0.45661074,0.41653425,0.42459914,0.3903257,0.39310142,0.36099765,0.41845173,0.46658596,0.4126781,0.44619203,0.43084994,0.4113898,0.43703204,0.4343477,0.4259268,0.42835528,0.40008187,0.40947956,0.45865032,0.42259884,0.4168975,0.42837548,0.4071315,0.37702805,0.36544725,0.43852702,0.42783657,0.41020063,0.52174705,0.42714706
2025-06-12,1.0,-2.8872862545663014,0.479393865785661,0.37297023772628,0.47765264,0.44168994,0.5140962,0.48488626,0.50420564,0.47950763,0.4740356,0.24029781,0.48053756,0.45524478,0.479097,0.5090069,0.48747295,0.48513505,0.50800234,0.4561717,0.5126168,0.4799775,0.5172162,0.49081755,0.48428878,0.48291478,0.49039108,0.48549682,0.41949904,0.42901564,0.45566347,0.5008933,0.44136342,0.48176634,0.47653854,0.47081622,0.4567183,0.518943,0.48799604,0.48511598,0.43715456,0.48382288,0.4694422,0.49724415,0.4640815,0.48435578,0.45033723,0.42582795,0.4517075,0.4865136,0.46538833,0.44876865,0.49969357,0.46102196
2025-06-13,0.0,-1.6795742412749732,0.174652673730121,-0.61655785271072,0.5376614,0.5250072,0.52857083,0.51233405,0.5774461,0.5393637,0.5037776,0.56262666,0.549557,0.5808831,0.5090075,0.54507583,0.5176346,0.55926114,0.5669275,0.56229275,0.5402554,0.52593446,0.53455836,0.5322768,0.5046778,0.55873275,0.52480197,0.5171701,0.5495909,0.5269003,0.5107225,0.5174635,0.5049549,0.53462553,0.5410378,0.51283723,0.49036974,0.5645397,0.5154004,0.5142733,0.49499565,0.53588325,0.4977512,0.54598695,0.5090809,0.53694075,0.49882224,0.48621443,0.5025878,0.53044534,0.53914595,0.5441759,0.5185249,0.46619835
2025-06-14,1.0,-0.8766800355132203,0.6749757749316023,0.17001202861056,0.4812162,0.514752,0.50080043,0.4937655,0.54780746,0.5092733,0.49767968,0.57596046,0.5219381,0.53699934,0.50456405,0.53200245,0.48032635,0.5491754,0.51186424,0.52257943,0.5479244,0.48784024,0.5083172,0.5005718,0.50981146,0.5313789,0.47518036,0.5089318,0.52958703,0.505483,0.5061502,0.5127949,0.5020093,0.5353116,0.5270573,0.5116658,0.49827376,0.5234146,0.51243126,0.5074411,0.46550682,0.51350945,0.51504767,0.534794,0.52747774,0.52084714,0.49712297,0.4636745,0.48077267,0.51706743,0.5230895,0.5196921,0.52891856,0.44944873
2025-06-15,1.0,-0.582826587967867,3.1309259856531853,1.13050618075081,0.37823904,0.3374258,0.3659848,0.34157705,0.41176465,0.36786118,0.36007988,0.61060363,0.34964857,0.38191435,0.37724385,0.40121078,0.36976367,0.3760403,0.41222546,0.4147082,0.37205672,0.368222,0.40137956,0.3777935,0.3725463,0.40617213,0.3719594,0.36347646,0.38235304,0.37452716,0.3807568,0.38167018,0.4087509,0.36385724,0.357215,0.40494275,0.36680937,0.42659107,0.40919045,0.41128603,0.35602668,0.4156025,0.39406472,0.42209512,0.414439,0.40289417,0.36133283,0.36678457,0.3736287,0.41440392,0.40854493,0.44094324,0.42413372,0.35084006
2025-06-16,0.0,-3.2582055987889804,0.9105052432438708,-2.12300913561666,0.4719691,0.38066307,0.42614317,0.41454113,0.43038976,0.42880157,0.4320149,0.55774516,0.427743,0.45042226,0.44193417,0.46345004,0.446041,0.4244368,0.47803435,0.46662152,0.4234261,0.43460327,0.45138445,0.45205596,0.44564587,0.4667603,0.5032901,0.4527328,0.4837675,0.44556567,0.44073614,0.45492423,0.49787092,0.41414773,0.45313102,0.4798568,0.43231726,0.4974791,0.48359102,0.47564703,0.43155333,0.47171268,0.5130725,0.46852383,0.46149787,0.50680894,0.42749465,0.46487963,0.44732615,0.48406214,0.5045281,0.4901696,0.48786464,0.45091462
