tanggal,target_asli,wasit_low,wasit_high,wasit_target,model_lstm_013,model_lstm_003,model_lstm_047,model_lstm_011,model_lstm_048,model_lstm_040,model_lstm_024,model_lstm_038,model_lstm_037,model_lstm_009,model_lstm_004,model_lstm_031,model_lstm_014,model_lstm_008,model_lstm_035,model_lstm_015,model_lstm_050,model_lstm_025,model_lstm_019,model_lstm_036,model_lstm_046,model_lstm_022,model_lstm_021,model_lstm_020,model_lstm_033,model_lstm_045,model_lstm_002,model_lstm_012,model_lstm_005,model_lstm_023,model_lstm_032,model_lstm_030,model_lstm_039,model_lstm_041,model_lstm_043,model_lstm_027,model_lstm_017,model_lstm_044,model_lstm_006,model_lstm_042,model_lstm_010,model_lstm_001,model_lstm_018,model_lstm_007,model_lstm_029,model_lstm_049,model_lstm_026,model_lstm_028,model_lstm_016,model_lstm_034
2026-01-03,1.0,-1.1034116873888166e-05,1.2957897739232105,0.99005111234531,0.57987887,0.5703405,0.5810762,0.6138291,0.64599365,0.5645878,0.56079036,0.57243365,0.6626943,0.5804224,0.5797204,0.53555626,0.5844328,0.58167005,0.56487185,0.5627269,0.5735889,0.5598604,0.57091373,0.5868948,0.60893536,0.5967814,0.58785856,0.5764751,0.61863667,0.6034656,0.59353524,0.5949481,0.5770666,0.5836098,0.5890707,0.5642475,0.57777786,0.5985399,0.5651292,0.5697784,0.59188825,0.577831,0.5727403,0.5376603,0.57338923,0.5684978,0.55086213,0.56298906,0.5730529,0.5369036,0.5717052,0.5871047,0.64840597,0.6076297
2026-01-04,1.0,-0.0163020432437238,3.4990375212865805,2.5137383113592904,0.5049364,0.44583902,0.45020705,0.46858868,0.44483215,0.44119963,0.45431408,0.45733103,0.4975642,0.44670975,0.4546885,0.49513295,0.46310362,0.51210797,0.44271117,0.4426434,0.46857607,0.4509056,0.41230276,0.4622272,0.4993115,0.4865443,0.44784835,0.45995274,0.46652082,0.44276705,0.46316093,0.44830468,0.45039815,0.44241217,0.4834991,0.45565456,0.45354456,0.44739014,0.4403429,0.46027502,0.4585438,0.5084316,0.4728748,0.49273047,0.5021408,0.4868914,0.4409837,0.4645251,0.47322065,0.47781783,0.49822894,0.4754471,0.5410032,0.5485683
2026-01-05,0.0,-2.805643002547868,0.6210504435895601,-0.11912093706725,0.49032107,0.48903102,0.48987582,0.47459623,0.4427121,0.48247004,0.48422715,0.45946908,0.5216296,0.48925343,0.4774763,0.46253306,0.45267728,0.4855606,0.50311524,0.46464667,0.47091275,0.4720805,0.42389035,0.47542727,0.5089066,0.49237704,0.49209952,0.49809328,0.47053123,0.42730725,0.46600747,0.45925567,0.45521986,0.41726762,0.47168502,0.44707,0.4843297,0.48593932,0.44374186,0.44423527,0.48036456,0.51429987,0.46703526,0.41978,0.512633,0.4755573,0.45771047,0.46643823,0.5001013,0.4873677,0.45697984,0.50892377,0.5384447,0.5389212
2026-01-06,0.0,-3.3322591363202543,0.0,-2.57567322610848,0.45199308,0.49285716,0.50812143,0.46154565,0.4622868,0.46798867,0.46887463,0.47717145,0.5389274,0.4564302,0.4648849,0.44143435,0.45037732,0.44568098,0.4581009,0.4903644,0.48238862,0.47847518,0.48021924,0.4648232,0.4656137,0.45160985,0.46468207,0.4789955,0.46082056,0.4664895,0.47215182,0.46279314,0.48116866,0.47763652,0.43284106,0.4961388,0.46818128,0.4716948,0.45751137,0.47494373,0.47947922,0.4357504,0.44577205,0.43843552,0.43147528,0.42838484,0.48799565,0.504499,0.48093045,0.45182684,0.4026335,0.50457335,0.4823868,0.4840574
2026-01-07,0.0,-2.2728618434127457,0.3538121107200562,-0.28955845252425,0.48067635,0.39998055,0.4553855,0.46778062,0.47827044,0.42796764,0.44711667,0.48767,0.50683707,0.4425528,0.4627621,0.4865055,0.41534972,0.4626778,0.4173696,0.48580506,0.48877245,0.4659149,0.47089425,0.45818135,0.4650984,0.44256327,0.46090063,0.43101567,0.46596372,0.46982726,0.47325394,0.46111876,0.474828,0.46885854,0.43848312,0.48003766,0.44434384,0.44766137,0.47008085,0.49419767,0.44513035,0.43030012,0.45641455,0.46703422,0.44103155,0.43565652,0.4732533,0.4891089,0.44367874,0.4502251,0.41337755,0.47563267,0.47230366,0.47336313
2026-01-08,0.0,-1.5546458976333632,1.0727762843917097,-0.50479560758538,0.5189195,0.5140621,0.5336595,0.5369763,0.5369643,0.5259335,0.52773035,0.5118986,0.50987524,0.5347402,0.5158555,0.50786906,0.5590379,0.5224173,0.52759886,0.5299715,0.52560055,0.5033106,0.52418345,0.5173941,0.5133269,0.4985228,0.55789953,0.51870453,0.5127809,0.52288973,0.5208436,0.5210206,0.5159587,0.5196786,0.5077254,0.5051981,0.50639474,0.5028569,0.50885737,0.5194773,0.5071712,0.49770743,0.5120087,0.524574,0.48817807,0.48566395,0.5075451,0.5100955,0.49005026,0.48930672,0.4772312,0.5117688,0.5608965,0.51892823
2026-01-09,0.0,-0.2621224213731839,0.2101908007801602,-0.15079553615388,0.5468761,0.5542752,0.55928403,0.5788513,0.59206903,0.5505977,0.5403295,0.5473847,0.5307862,0.55219,0.54720145,0.5328342,0.596783,0.5572597,0.5528136,0.5485046,0.5524219,0.53387403,0.55687374,0.55092096,0.5711623,0.55073494,0.5665847,0.55455065,0.56181467,0.55983615,0.5558237,0.5598453,0.54982567,0.55208,0.55608094,0.5358302,0.5489308,0.5528705,0.54159266,0.5481507,0.5504289,0.5441109,0.550752,0.5374455,0.5322845,0.5271336,0.5368952,0.5374443,0.5320936,0.5199746,0.5262604,0.5491235,0.6130118,0.5620954
2026-01-10,1.0,-0.2973322532852666,0.8572537712954149,0.56077122089449,0.5552839,0.51277864,0.54384506,0.57039976,0.59969825,0.52838385,0.5356002,0.5411011,0.54403454,0.53953755,0.5385336,0.53315926,0.547071,0.56346446,0.52693677,0.5413853,0.55975664,0.53558713,0.5516043,0.5519469,0.5948349,0.55646044,0.5406528,0.5374099,0.5499687,0.55539316,0.5611411,0.5542805,0.5535401,0.55308455,0.55949575,0.5441102,0.5563346,0.548342,0.54114103,0.55047685,0.5470329,0.54311985,0.555156,0.55506396,0.53228337,0.5354461,0.53443867,0.53954846,0.5293312,0.5229612,0.53783256,0.54505295,0.6190004,0.5683062
2026-01-11,1.0,-0.9773731181856038,1.641480167142524,0.3099670437196,0.46690336,0.4418201,0.4583951,0.4747476,0.41700652,0.45787916,0.46682218,0.44940645,0.45667395,0.47026753,0.4718513,0.49989608,0.49022916,0.5169821,0.44207937,0.44883212,0.48080766,0.45592144,0.4171439,0.45107386,0.48113158,0.484753,0.47023195,0.4628732,0.42277855,0.44598213,0.4539856,0.44313854,0.43637893,0.4450541,0.50370014,0.41088682,0.46873096,0.4415687,0.46133098,0.45894274,0.46925265,0.4982135,0.48142362,0.5237603,0.479332,0.4957717,0.44372544,0.45941076,0.4646044,0.48954043,0.48524788,0.46947798,0.56501347,0.53180677
2026-01-12,1.0,-0.2780977827798945,5.538202782590246,4.4116152506374195,0.48256508,0.4772789,0.49659917,0.49439922,0.4463605,0.50118685,0.48654947,0.47532642,0.5036982,0.4897039,0.4940544,0.4735352,0.4787533,0.49352282,0.52833974,0.4750243,0.4881679,0.48730484,0.43336758,0.47725588,0.52750015,0.503701,0.50038314,0.50252783,0.46024215,0.4394334,0.4715967,0.46837676,0.44975987,0.42419344,0.49374273,0.43430805,0.49523434,0.4979102,0.46730548,0.4517702,0.49698576,0.505103,0.4839554,0.43373147,0.5126673,0.49318874,0.46539506,0.4749833,0.5088503,0.4949199,0.4462842,0.51767075,0.55350995,0.53739905
2026-01-13,1.0,-0.8998378795943168,2.5971353259389565,1.59884232879441,0.46454188,0.48150274,0.5164572,0.47348785,0.47379962,0.4817141,0.47019333,0.4945157,0.52088743,0.45487833,0.47417796,0.43588027,0.461081,0.44970712,0.4691291,0.4980314,0.5014949,0.48900163,0.4844737,0.47110072,0.47523183,0.4709781,0.45818967,0.4863436,0.47779933,0.4821018,0.49097303,0.4723935,0.48597845,0.49109408,0.44601443,0.51348317,0.45921987,0.48327845,0.48996556,0.48447427,0.4964634,0.42817616,0.45335063,0.44006053,0.4474042,0.4449986,0.4972083,0.51967466,0.48961195,0.4622647,0.39936745,0.51451474,0.48665956,0.4894754
2026-01-14,0.0,-1.8922271938918416,0.2488449100884681,-1.39907134975526,0.49951577,0.40573528,0.46265143,0.4880358,0.5035945,0.4432905,0.46217206,0.5256205,0.49543837,0.4384727,0.4685712,0.47587973,0.41840544,0.47912037,0.4322693,0.50418687,0.5119402,0.4810135,0.47534138,0.48959848,0.46918356,0.46573627,0.4565219,0.44935086,0.52348346,0.5004764,0.49808252,0.48051953,0.48797122,0.49085942,0.45128313,0.5275572,0.43520385,0.4700245,0.4837047,0.5040746,0.46370104,0.44258654,0.45251074,0.4700718,0.4838745,0.4481975,0.4876461,0.51497525,0.46520376,0.47159302,0.42981568,0.5051492,0.48551568,0.49754667
2026-01-15,0.0,-1.381119389587807,0.2785412233210071,-0.05635195827788,0.51306903,0.46975896,0.49124444,0.4978159,0.51915747,0.49443313,0.51536876,0.5172809,0.4534078,0.48979253,0.4883847,0.5089891,0.48707697,0.4960737,0.48415053,0.50817317,0.51086575,0.48096165,0.49627155,0.48502365,0.49532685,0.467764,0.5122586,0.49182445,0.52426624,0.5034343,0.50424916,0.49016148,0.50216,0.50614387,0.47526672,0.51380247,0.46625918,0.48007917,0.48684976,0.5115023,0.46458972,0.47598892,0.4833641,0.49809033,0.47857106,0.4592907,0.48431477,0.50963116,0.46481302,0.46313506,0.45585138,0.4919043,0.51218945,0.51130265
2026-01-16,0.0,-0.5554537567508967,0.0925883422519423,-0.42283516305703994,0.54357785,0.49760032,0.52908653,0.53868335,0.5613237,0.5211582,0.5294666,0.53464323,0.48728034,0.52551264,0.51895034,0.527481,0.53706574,0.5297437,0.50813675,0.5341341,0.53262013,0.50582784,0.5283024,0.5255807,0.5364008,0.5099657,0.5412332,0.5228973,0.5488528,0.5371044,0.532489,0.5289067,0.52732164,0.5273265,0.5211104,0.5246145,0.5093778,0.5159805,0.5134258,0.5288255,0.5035312,0.5230244,0.5258169,0.52873784,0.50534254,0.4973393,0.50850445,0.5197495,0.49700692,0.48840547,0.5056418,0.5160531,0.57237804,0.5402194
2026-01-17,0.0,-1.6236256924072985,0.4020901490341921,-1.56196681906746,0.5545789,0.45676216,0.5225678,0.5701855,0.5819287,0.5050704,0.5236511,0.53330785,0.5204672,0.54141605,0.5337074,0.5485211,0.53652877,0.5575178,0.5055683,0.5400677,0.54368573,0.5211309,0.55226934,0.5566338,0.57514673,0.53684264,0.54466957,0.5318245,0.53687257,0.5482118,0.54457885,0.5555224,0.53534067,0.5295244,0.5643231,0.5225315,0.5442824,0.5287282,0.51631886,0.5366087,0.53066623,0.5361967,0.54892355,0.55609107,0.5145525,0.5284137,0.5234628,0.5231289,0.5186597,0.51851857,0.54808545,0.5327299,0.62053865,0.5602222
2026-01-18,0.0,-1.899947518848207,0.0,-1.11876297516868,0.48640743,0.42805687,0.47136036,0.49622476,0.44370976,0.4694245,0.47286788,0.46035826,0.45853695,0.47941747,0.49074194,0.50913244,0.48455524,0.5261318,0.46508098,0.45949334,0.48150003,0.46998605,0.43244064,0.46768868,0.51271844,0.49646857,0.49886242,0.48264524,0.45370215,0.45646673,0.46068415,0.45824775,0.45152166,0.44617352,0.51856697,0.42365658,0.4813254,0.46228522,0.46150926,0.46427253,0.47857815,0.5203163,0.49091062,0.51760966,0.48869136,0.5118817,0.4471285,0.46888062,0.4813529,0.48519954,0.49123466,0.48223296,0.57103586,0.54126954
2026-01-19,0.0,-5.246978898931191,0.2576806941691226,-4.64390422167479,0.48163125,0.4661134,0.49714148,0.48546928,0.44189516,0.4957055,0.4768481,0.46445724,0.49298736,0.4787932,0.48626724,0.47567108,0.47017977,0.4900524,0.52055794,0.46774063,0.4820992,0.48038852,0.43480638,0.47973183,0.5216329,0.49823943,0.4920593,0.50103337,0.46486923,0.43067017,0.47081015,0.4638062,0.4479045,0.4186543,0.48704875,0.4382694,0.4890256,0.49167737,0.46587744,0.44414118,0.4908885,0.5099815,0.47461563,0.43409002,0.5101543,0.48947883,0.46074322,0.46953595,0.5056401,0.49150234,0.4494963,0.5101013,0.54189265,0.5367561
2026-01-20,1.0,-1.3252195936066165,2.3982379516605765,1.15478706304071,0.47915998,0.48973224,0.5485414,0.50745016,0.503475,0.5070892,0.48617798,0.5022505,0.56976825,0.49844357,0.49446696,0.46678,0.4874929,0.48318675,0.49147758,0.5204078,0.5093382,0.49702033,0.51317894,0.5199809,0.47835934,0.49308693,0.47686547,0.51955146,0.5050913,0.51002693,0.5157085,0.51632506,0.49771014,0.49162307,0.4842048,0.50911564,0.48279226,0.50619954,0.5082762,0.48912698,0.52192926,0.461194,0.46821284,0.4528104,0.482029,0.46520194,0.51672786,0.5119891,0.51784164,0.48574927,0.44928887,0.5346596,0.52247816,0.5132622
2026-01-21,1.0,-1.055647800890784,1.0068893671474084,0.11724197832196,0.47073928,0.38593382,0.4404622,0.4635132,0.49108306,0.40635693,0.44851723,0.47846395,0.5068105,0.42711088,0.46139288,0.46777096,0.43009442,0.47196054,0.4382162,0.47762793,0.5100666,0.4816118,0.46979296,0.45223665,0.4715255,0.46382916,0.441932,0.43566638,0.46853146,0.4693884,0.4891547,0.4560856,0.49174672,0.48628664,0.44068906,0.5170058,0.454306,0.46535167,0.51171154,0.5034577,0.46687445,0.4299209,0.46632144,0.48781914,0.45700666,0.43972868,0.49918664,0.5141932,0.45713383,0.45085436,0.40632343,0.48926154,0.4538956,0.5014334
2026-01-22,1.0,-1.101752305676707,1.842376566032697,0.04531147192842,0.51330686,0.5356796,0.5511507,0.51646715,0.54743135,0.541539,0.54495025,0.5254305,0.5557385,0.5324043,0.50808793,0.5031039,0.5918078,0.50892144,0.5549423,0.53043336,0.5408218,0.5089105,0.507683,0.4952468,0.5235021,0.5045379,0.5516623,0.50687146,0.5064714,0.5143933,0.51602954,0.49497396,0.5230053,0.5364723,0.47966763,0.5269964,0.5124553,0.5066522,0.520772,0.5337816,0.5092203,0.4908589,0.5156915,0.515435,0.507932,0.47935373,0.5221429,0.523301,0.48723224,0.48514694,0.45130762,0.5147243,0.55227166,0.5163104
2026-01-23,0.0,-0.490238466981747,0.3977892013224022,-0.4193141802223,0.5214051,0.49851033,0.5335462,0.53354853,0.54856014,0.5249211,0.5249686,0.51684886,0.5214824,0.51921815,0.51397157,0.52303183,0.5420408,0.52776504,0.52538985,0.5258545,0.5439223,0.5144334,0.5243013,0.49661982,0.5606629,0.5149845,0.5488003,0.5082244,0.47625852,0.51530373,0.51971084,0.5041379,0.5230517,0.5331059,0.5135785,0.50016373,0.5361724,0.5075199,0.51728517,0.53399444,0.51334715,0.4980722,0.54043084,0.54871243,0.48775253,0.50424176,0.51168984,0.51778215,0.48546687,0.49585822,0.47342864,0.50550795,0.5797788,0.51666385
2026-01-24,0.0,-3.594932371792415,0.1050606704614573,-2.9053123136142,0.5475176,0.51544315,0.5650001,0.5723709,0.59365207,0.5317463,0.5446231,0.5573167,0.54241335,0.5492227,0.5530998,0.528882,0.57647157,0.5494811,0.54715115,0.5509878,0.5724371,0.5474936,0.54768,0.5305615,0.6108517,0.5619133,0.5667379,0.539295,0.5440363,0.5556224,0.55134183,0.5412701,0.55842686,0.5635632,0.5554483,0.5350916,0.56644535,0.55516744,0.5524985,0.56284213,0.55349165,0.5375403,0.57689834,0.55345094,0.5182,0.54630566,0.5344057,0.5508295,0.5161619,0.5208405,0.50081694,0.5413656,0.6175873,0.5467814
2026-01-25,1.0,-0.185621960308787,2.495014068373878,1.91611910276511,0.47918802,0.44722575,0.46665287,0.4705272,0.42274633,0.45189655,0.46294752,0.47791952,0.43859357,0.45598924,0.46422932,0.49342257,0.48503458,0.5061752,0.455295,0.4565691,0.48550108,0.45992628,0.41207778,0.44195172,0.49484158,0.48556828,0.45931292,0.46316063,0.43458188,0.44394645,0.45358706,0.43906724,0.44277388,0.44391987,0.49770105,0.4226295,0.46353477,0.44605112,0.46606153,0.46577916,0.46183437,0.49460047,0.4887577,0.5064991,0.47781515,0.49283582,0.44349727,0.46424952,0.45471394,0.4838646,0.46061298,0.46956238,0.54809344,0.5170473
2026-01-26,1.0,-1.1873087152492503,1.3224214903428275,1.01682728080736,0.49524736,0.4770109,0.4809225,0.48247042,0.45682847,0.4812441,0.4867876,0.4989652,0.48859355,0.472206,0.48087054,0.45219067,0.4371111,0.46657136,0.52326924,0.47296107,0.47887453,0.4794229,0.422927,0.4595473,0.5124559,0.48726574,0.46691775,0.49090913,0.48273718,0.42080918,0.47603118,0.45625168,0.45622084,0.42275918,0.47246072,0.45797324,0.47596776,0.48797384,0.48284662,0.44891343,0.48730022,0.50370634,0.47991604,0.41297877,0.5049074,0.47663462,0.45823556,0.4784073,0.50155,0.4766221,0.4161214,0.52007383,0.5269771,0.5313628
2026-01-27,1.0,-0.4675901000357612,1.5012792389185134,0.055995524061579996,0.44728068,0.46714523,0.5048503,0.46300286,0.4583169,0.45675942,0.46675482,0.49192962,0.4590119,0.44386804,0.45296738,0.46480325,0.4474894,0.4449449,0.45764744,0.49900004,0.4829954,0.47330368,0.48076308,0.46239606,0.4716378,0.45461172,0.44187677,0.47753972,0.45638463,0.46234834,0.47702327,0.47305188,0.4761983,0.46998456,0.44302213,0.4903768,0.45642543,0.46692726,0.48056456,0.48038062,0.47868297,0.4252551,0.4475767,0.44143263,0.44713807,0.43084142,0.49303198,0.496,0.4779411,0.4573254,0.40141132,0.5055456,0.47462168,0.48072088
2026-01-28,0.0,-6.85529666102751,0.0537481570946035,-5.34743771871527,0.48374313,0.43769023,0.475614,0.5031934,0.49308422,0.46735483,0.46716526,0.49863485,0.48152664,0.4638956,0.47984323,0.49417984,0.45016128,0.4831873,0.4398062,0.5032465,0.5012534,0.4778013,0.492416,0.4866727,0.48212597,0.46287513,0.49022663,0.46539465,0.47090578,0.4900046,0.49369752,0.4869316,0.48204815,0.4888602,0.46891606,0.48168513,0.46712202,0.46916425,0.48784173,0.5034455,0.47001174,0.4421746,0.47161508,0.48004875,0.46415386,0.4559799,0.48816818,0.49584568,0.46654907,0.46892652,0.43457833,0.49644887,0.5030826,0.48877132
2026-01-29,0.0,-4.262211400662109,0.1010591817045415,-0.46139268457584,0.4772551,0.553818,0.50184494,0.5030699,0.50775516,0.499638,0.5130272,0.5003238,0.53427726,0.49663323,0.49965948,0.5043317,0.5562065,0.49338213,0.5296247,0.5034462,0.52184767,0.50030637,0.50079525,0.4521541,0.53253746,0.49046463,0.5429198,0.49213335,0.46451992,0.47991693,0.49791446,0.47448927,0.51341474,0.5290199,0.47759965,0.49842823,0.5077768,0.4932999,0.5001348,0.5263522,0.48388702,0.4700744,0.50538474,0.5182445,0.44677776,0.4743576,0.49618858,0.51706547,0.46621287,0.4573596,0.42213425,0.4899122,0.511226,0.49900135
2026-01-30,0.0,-10.687206618224804,0.0113095249164806,-6.774794341998951,0.5454209,0.57204163,0.5750659,0.54595065,0.57893956,0.53737986,0.551033,0.56055605,0.58045137,0.5365586,0.5333508,0.51388216,0.5842068,0.5269338,0.56210613,0.5454036,0.5639161,0.5308665,0.5273863,0.5126519,0.55725735,0.5405976,0.55011106,0.52712643,0.5657011,0.55666685,0.5461734,0.526237,0.550244,0.5536311,0.52126807,0.54970694,0.5325702,0.54005694,0.5613938,0.5521945,0.5430056,0.531757,0.55108327,0.5285644,0.5229082,0.5138053,0.53511035,0.5477151,0.5035507,0.49914566,0.47117174,0.53245574,0.5805107,0.5355294
2026-01-31,0.0,-3.938696800406052,0.863546113467827,-2.27726489856116,0.60593057,0.64221734,0.6458079,0.6748832,0.7188301,0.640738,0.59078234,0.66912174,0.68699116,0.66857123,0.61248624,0.6673124,0.67008406,0.61774546,0.6692978,0.6449362,0.60083026,0.61289304,0.6216709,0.75341237,0.5519714,0.6399106,0.6319209,0.6634839,0.66705984,0.69539565,0.64204717,0.71399647,0.5785082,0.58263725,0.6890035,0.5306811,0.6127969,0.6868983,0.62429434,0.57511586,0.67126733,0.60811174,0.6005742,0.60438955,0.6765292,0.65958124,0.6088505,0.61298937,0.66378486,0.6094966,0.66171044,0.6647196,0.7295208,0.68731904
2026-02-01,1.0,-3.119835438665125,3.060198351476538,2.27411528626167,0.51960933,0.4599531,0.43374476,0.5039479,0.51017165,0.43364638,0.44635925,0.46451956,0.44898635,0.4588556,0.4754828,0.51943165,0.38843405,0.5416825,0.4565203,0.4501958,0.47330502,0.46130708,0.45475045,0.47088662,0.51863337,0.49495453,0.39994526,0.4849014,0.53750426,0.46765706,0.494616,0.48841512,0.47113788,0.44443065,0.5124797,0.47006965,0.47343707,0.48135006,0.48005942,0.45850947,0.50373083,0.5527853,0.48833552,0.49054465,0.53066236,0.51620257,0.46280923,0.5087253,0.5367548,0.50412226,0.52454525,0.5290374,0.5468917,0.6156852
2026-02-02,0.0,-7.642104534469948,0.5676112222477969,-3.84284248395607,0.47245955,0.5081905,0.49783593,0.47393662,0.44973218,0.50422746,0.48967674,0.4250847,0.4991636,0.5093895,0.48266557,0.49657965,0.4928846,0.48864114,0.5242709,0.46697968,0.47969875,0.463516,0.44363937,0.4855942,0.49839517,0.4998482,0.4852866,0.5064124,0.47099513,0.4248363,0.48249224,0.47054854,0.44098932,0.4127337,0.48533714,0.4403059,0.4959629,0.496017,0.47795123,0.44116172,0.49598658,0.53425634,0.46562988,0.42277107,0.53785044,0.49692523,0.47385523,0.4623248,0.5363476,0.50422555,0.51390326,0.5294617,0.55926955,0.5821729
2026-02-03,0.0,-5.259585515710379,1.5730275820078157,-3.4976698782899196,0.5048964,0.5990674,0.59715253,0.5627788,0.5599814,0.5889741,0.52807057,0.5033543,0.6524341,0.5699828,0.53589755,0.4904769,0.59263605,0.52703214,0.56867105,0.54703027,0.5298058,0.5185729,0.54874974,0.59504485,0.48499015,0.52278215,0.5653741,0.56817883,0.51743877,0.55535185,0.54517215,0.5680471,0.5114192,0.5131823,0.5321226,0.50615126,0.55288476,0.5625923,0.5134216,0.4972723,0.5701552,0.5190658,0.49548158,0.46202627,0.5277832,0.5082041,0.54542136,0.52381384,0.5888977,0.52024907,0.53258276,0.58818763,0.59439874,0.5695883
2026-02-04,0.0,-16.00450322534592,0.2393743258151393,-15.10256005239137,0.4582304,0.4327456,0.4181025,0.46130368,0.48437938,0.40930814,0.43359536,0.43002465,0.54818916,0.43195814,0.45973864,0.4888139,0.4362193,0.4761305,0.44873503,0.45100713,0.49044633,0.4725034,0.47059828,0.44790372,0.4727033,0.4555276,0.4748893,0.43436176,0.39746964,0.44944024,0.47780663,0.44839817,0.4702649,0.484217,0.43608683,0.47797754,0.49010846,0.46361873,0.48358485,0.49484473,0.47363472,0.421779,0.47839212,0.48437402,0.42198178,0.44872755,0.4873656,0.5009177,0.4654182,0.43937054,0.41863558,0.47981042,0.45976603,0.5179964
2026-02-05,1.0,-4.735834595599437,13.150348287520094,11.50475938253494,0.5297495,0.56359965,0.5910841,0.5467238,0.5681493,0.56851065,0.5556698,0.50548834,0.6211541,0.57781625,0.5323082,0.49393436,0.6213261,0.52353257,0.5816965,0.54325396,0.5498796,0.52157426,0.52452755,0.5337163,0.5289396,0.5276228,0.5893877,0.5274354,0.498114,0.5327315,0.5380881,0.5192766,0.52439976,0.5471417,0.49473798,0.518511,0.55059856,0.53114843,0.5368655,0.5366003,0.5455495,0.5058811,0.5435029,0.51919323,0.51065654,0.51541483,0.53143317,0.52394944,0.51056975,0.4977091,0.4732388,0.52972806,0.59330404,0.5318836
2026-02-06,0.0,-4.759026535276252,1.5601742287139533,-1.84588543043171,0.56513786,0.5580494,0.60750127,0.5803068,0.6265155,0.5514403,0.5601178,0.55378246,0.6102417,0.56427795,0.55012286,0.508818,0.6225663,0.5557493,0.60602695,0.5584728,0.5913445,0.5534174,0.5489768,0.577078,0.54209954,0.5719423,0.55549383,0.5626765,0.58357084,0.59118795,0.5868569,0.5726294,0.5681525,0.55287254,0.5556234,0.568856,0.5688441,0.58973134,0.6203175,0.5532654,0.6071273,0.5640261,0.58749676,0.56050676,0.5610873,0.5433417,0.58229643,0.56550366,0.54764426,0.5438072,0.51916724,0.5768285,0.608744,0.5883131
2026-02-07,1.0,-0.5809650305263264,4.213696757563659,1.49122057058759,0.5503122,0.50594115,0.5532278,0.5862206,0.6483215,0.51768816,0.56690407,0.59954506,0.61551756,0.5394913,0.54173684,0.5703083,0.5798962,0.5734695,0.5691907,0.5630816,0.59231746,0.5618861,0.5545544,0.57332414,0.59987557,0.58054096,0.5444864,0.54552937,0.5845542,0.58362335,0.5678655,0.56478727,0.57705617,0.56489587,0.5651155,0.5895597,0.58723587,0.57783437,0.5517952,0.57631516,0.584483,0.56175154,0.58234817,0.5528152,0.59046197,0.5447606,0.58675,0.5799529,0.55992246,0.5722619,0.5473699,0.5896277,0.64734995,0.60755306
2026-02-08,0.0,-2.9176963380010603,1.584345492892396,-0.27391234992863,0.50691754,0.48997366,0.5154663,0.4828176,0.47838777,0.5204454,0.50395536,0.47006395,0.50931,0.49661922,0.4763172,0.49297786,0.4971338,0.52261305,0.4924093,0.46608555,0.48816064,0.47351938,0.42662886,0.4653903,0.5155258,0.49368855,0.49844489,0.4865244,0.45682016,0.4856833,0.48608422,0.4512709,0.45664734,0.46215516,0.4972672,0.42976594,0.4928633,0.47641686,0.48814398,0.47538385,0.47398648,0.523303,0.506809,0.51029855,0.5039872,0.5217429,0.45599222,0.47792667,0.4895754,0.47112,0.4949689,0.4714976,0.58038205,0.53829885
2026-02-09,0.0,-3.39025349593671,0.5539250873769405,-1.86610196327817,0.43640372,0.51477665,0.5076855,0.46695057,0.405997,0.48943096,0.47171915,0.4549711,0.5083814,0.4790577,0.46972403,0.48172596,0.5121758,0.499992,0.5049947,0.46626633,0.48270792,0.46648917,0.4257242,0.46935093,0.49869487,0.49329558,0.4881324,0.50575435,0.43331906,0.43525293,0.45378205,0.45645332,0.43512943,0.41910085,0.48285037,0.4057112,0.49935716,0.4839027,0.46391565,0.45052606,0.48354566,0.50518274,0.47861665,0.45772165,0.50335723,0.4995123,0.46741712,0.4669931,0.48591122,0.50866044,0.4657167,0.49700922,0.54616624,0.52939284
2026-02-10,0.0,-4.585278862567116,0.6538448941890566,-2.58802069394735,0.447124,0.51480705,0.5535702,0.49704748,0.47022757,0.49974358,0.48445344,0.4806842,0.54949915,0.5131087,0.49971324,0.4706907,0.4973117,0.4765921,0.4888555,0.5068143,0.4998969,0.4876357,0.5072274,0.48481944,0.49281234,0.48076412,0.49417588,0.50884926,0.44192985,0.4898046,0.48476028,0.49592587,0.48643845,0.4893363,0.47702545,0.45751724,0.512957,0.49440873,0.48406443,0.48976055,0.5106435,0.4468722,0.48683098,0.46657458,0.44111443,0.4738395,0.50825983,0.5096025,0.49786198,0.4782587,0.42889428,0.5113922,0.52888227,0.4900953
2026-02-11,0.0,-2.972249464152869,1.96031106384466,-1.21534529376775,0.4945277,0.48128113,0.504965,0.5314642,0.50394017,0.48329803,0.46092063,0.4963732,0.5430319,0.4914249,0.49678892,0.490215,0.4875992,0.5144962,0.4737261,0.5144906,0.5202743,0.4915147,0.51030344,0.5176471,0.50019926,0.49737847,0.4997015,0.48628563,0.47955838,0.5091777,0.5133732,0.5192705,0.48934588,0.49468055,0.49874845,0.47795275,0.487511,0.4828066,0.5089503,0.5109158,0.5002986,0.45114753,0.49050122,0.49827528,0.47670302,0.4888084,0.5039606,0.5064546,0.48277396,0.4953154,0.46538907,0.5086289,0.54071015,0.50207853
2026-02-12,1.0,-0.604960215239433,4.731163617752057,3.8217689464747804,0.5204877,0.5852108,0.54981655,0.56029403,0.5571732,0.5321561,0.5315547,0.5246228,0.54973507,0.54138035,0.5362963,0.5052024,0.6027118,0.54211664,0.5590983,0.53028923,0.5484734,0.52125734,0.5372034,0.5189252,0.55133694,0.5393954,0.5575861,0.5364008,0.5317448,0.5389989,0.5440754,0.5378795,0.5361204,0.5449661,0.5284216,0.5249665,0.5333909,0.5335192,0.54477805,0.5400782,0.54392517,0.506207,0.5309869,0.52515054,0.51132107,0.5109161,0.5313433,0.53699195,0.5117313,0.50618064,0.48473698,0.53582287,0.57680184,0.54218495
2026-02-13,1.0,-0.1800063269473243,2.447581356134977,1.39750124276553,0.5688268,0.6134708,0.593433,0.6048263,0.61107963,0.5916511,0.55872995,0.5575506,0.61048454,0.58397096,0.55236614,0.5368316,0.61326545,0.5870972,0.58219826,0.5692598,0.5694295,0.5478782,0.5693715,0.60753304,0.57306314,0.5759372,0.58671814,0.5726731,0.5810136,0.5923577,0.5843049,0.59786814,0.5495837,0.56198925,0.582645,0.54843295,0.5641011,0.5703988,0.55978554,0.55037814,0.5797899,0.5499142,0.5578808,0.5537847,0.57819474,0.55299914,0.5528156,0.5501315,0.55985206,0.5481827,0.56650144,0.57206184,0.6517967,0.58505636
2026-02-14,0.0,-2.645504711208068,1.6477659463885772,-1.42855729250263,0.54567385,0.53450304,0.5242537,0.5821947,0.60131145,0.5119202,0.52790844,0.5383098,0.57129997,0.5352153,0.54242533,0.5496901,0.52400064,0.5754773,0.5157274,0.5323781,0.560349,0.5353243,0.55580986,0.55414873,0.61045736,0.56543356,0.5335358,0.5377604,0.5465093,0.55608904,0.56231314,0.5604346,0.5522529,0.55299145,0.5700774,0.54576963,0.56877345,0.5505888,0.53155273,0.553736,0.5540525,0.5384219,0.5579969,0.55376667,0.53025323,0.54699427,0.53580594,0.5469254,0.53656393,0.5362809,0.54838663,0.55630946,0.6235957,0.58329695
2026-02-15,1.0,-2.260446511600404,1.862599881289157,0.08691232444626,0.53004634,0.5088465,0.49408042,0.50090456,0.48510712,0.4951105,0.49611863,0.48746,0.5180364,0.48460406,0.48609507,0.4846758,0.4721883,0.5314589,0.49273115,0.46817014,0.48658496,0.48014966,0.42774996,0.47834402,0.545852,0.5087847,0.5060103,0.48931044,0.4932314,0.4666023,0.48270625,0.46374023,0.46874878,0.45867902,0.5030606,0.46285525,0.49289086,0.4792858,0.46586627,0.4794641,0.4755546,0.5326984,0.5005621,0.48422292,0.51486045,0.5223672,0.45289353,0.48272735,0.49594647,0.4742542,0.49125814,0.49553752,0.5712757,0.5462941
2026-02-16,0.0,-3.352555883087443,0.505409124389142,-2.03665579406587,0.48006523,0.52504635,0.49563855,0.46230263,0.42964724,0.473165,0.46693996,0.4621717,0.4965502,0.46487087,0.46078795,0.46762663,0.4508486,0.48391753,0.49895588,0.45612213,0.46838298,0.46097252,0.4207799,0.4684895,0.5039549,0.48442805,0.47402564,0.4939638,0.46568316,0.42138022,0.46082446,0.4506736,0.4492988,0.4138154,0.46256968,0.4412425,0.47575977,0.47314164,0.45060128,0.44246954,0.47314495,0.5082999,0.4650965,0.42283678,0.50442445,0.4740176,0.45237687,0.46401194,0.48602197,0.48586202,0.4457623,0.49856284,0.5193175,0.5275413
2026-02-17,0.0,-2.4496642014363355,1.4306787044892144,-1.55644352091181,0.4502212,0.50560397,0.5328277,0.4983551,0.4707301,0.47637102,0.4775632,0.47388303,0.54607624,0.5100363,0.48018143,0.4841783,0.46504995,0.48950237,0.4668994,0.5092385,0.48710948,0.47829154,0.50913817,0.501973,0.4822954,0.46810347,0.47562438,0.50781745,0.45582005,0.4843447,0.4855375,0.5102653,0.48273513,0.46281996,0.4844707,0.46087372,0.5014472,0.47761345,0.47759792,0.48147666,0.50154537,0.45756286,0.47265926,0.46746475,0.45521048,0.4560939,0.5059746,0.48731458,0.4969849,0.48073077,0.4532425,0.5136673,0.52438515,0.4963789
2026-02-18,1.0,-1.255451777113379,1.28420598647584,0.8132980025301699,0.5130951,0.5470288,0.5357827,0.57682276,0.55399436,0.5291137,0.48514077,0.51335096,0.59327716,0.5347031,0.53049386,0.50943214,0.5336074,0.5472937,0.50355536,0.5383717,0.53203356,0.5148092,0.54402655,0.5733313,0.5005625,0.52034694,0.5496442,0.5422198,0.53088486,0.55117196,0.5458314,0.5647111,0.5121366,0.5149557,0.5387207,0.49518394,0.51630616,0.5313274,0.52892697,0.51931757,0.5364218,0.4950827,0.50821954,0.5066857,0.51829404,0.5101742,0.52557296,0.51833564,0.53171253,0.5116054,0.5123334,0.547279,0.5789621,0.5471648
2026-02-19,1.0,-1.0857079427830478,1.943069414572261,1.50536371114734,0.5119316,0.59480125,0.5150906,0.5533252,0.5531941,0.5265052,0.51236224,0.4940249,0.5624639,0.52793574,0.51603943,0.5092297,0.5698792,0.54653955,0.54043734,0.5137692,0.5325838,0.5095446,0.53603053,0.5207341,0.5397844,0.52805895,0.54946375,0.527741,0.50780565,0.5227474,0.54127276,0.5346433,0.5259117,0.53176665,0.5218821,0.51895064,0.5273737,0.52154213,0.52271074,0.5291784,0.5285494,0.5016246,0.5204042,0.531862,0.5015193,0.50162697,0.5236256,0.5215688,0.51395315,0.49773353,0.49898925,0.53119993,0.56821436,0.555359
2026-02-20,0.0,-0.7160534804912205,0.992834960165793,-0.0648254669127,0.5570407,0.6189109,0.58441085,0.59083,0.60493517,0.5810053,0.55818564,0.5373979,0.6196667,0.5760225,0.5519295,0.5324398,0.60270566,0.5697746,0.5695458,0.5507388,0.55948627,0.5379514,0.56053007,0.5715122,0.5837848,0.5663646,0.590475,0.5552028,0.5528483,0.5691904,0.56849444,0.56894076,0.5477566,0.56376624,0.55897975,0.5361338,0.5678791,0.56121355,0.5417,0.5513647,0.5658741,0.54473966,0.55673385,0.5392373,0.5503762,0.541805,0.5417165,0.5356071,0.54604554,0.5263504,0.54347414,0.5568953,0.6375123,0.57147
2026-02-21,0.0,-1.1629244993436465,0.3950499382663779,-0.49038830436894,0.5663416,0.5957834,0.56842744,0.5807047,0.6281556,0.5415663,0.55011165,0.5693444,0.61664075,0.5446746,0.5549359,0.5245583,0.5722043,0.56410456,0.55781025,0.5485178,0.57473713,0.5496669,0.54921705,0.5535923,0.60987157,0.5762879,0.5560779,0.5455757,0.59878635,0.57642156,0.57529646,0.5599877,0.57177305,0.5737305,0.55997056,0.5689476,0.56846094,0.5755414,0.5660799,0.56965774,0.5666351,0.5598907,0.5673493,0.5311419,0.556646,0.5489582,0.5447861,0.5623673,0.54349345,0.52501166,0.5381467,0.5680585,0.6242315,0.58148026
2026-02-22,0.0,-5.7105873247959416,0.061273234869289,-4.5168571216361695,0.47543967,0.47362444,0.44417477,0.4533736,0.41699854,0.43581653,0.45961177,0.4509561,0.4781464,0.45157826,0.44973204,0.48439628,0.48227754,0.50771564,0.42922068,0.44082355,0.47405103,0.44587573,0.4008137,0.4500897,0.47404134,0.47405565,0.44143507,0.44704786,0.42939603,0.43604404,0.4517915,0.43391275,0.43968263,0.44113967,0.47896203,0.43464237,0.45279458,0.43070135,0.4439364,0.45596436,0.45315522,0.49258575,0.47142392,0.51473707,0.48429835,0.47747472,0.4388217,0.459079,0.4530998,0.48018306,0.47965655,0.4599432,0.5386129,0.5274463
2026-02-23,0.0,-3.3750194448440185,0.5717506033005045,-0.92899530772159,0.4586135,0.50765055,0.49961096,0.4741454,0.4240721,0.48526308,0.485537,0.46058238,0.5118542,0.49603707,0.48293272,0.4852848,0.48291087,0.48916566,0.5099859,0.46724528,0.4792235,0.47109622,0.4262046,0.468736,0.50087804,0.4936522,0.49373722,0.49730107,0.44553813,0.4292443,0.45862344,0.4586968,0.44682097,0.4167621,0.48604885,0.41798642,0.4938648,0.48492292,0.45719975,0.44621456,0.48594347,0.5024831,0.4799359,0.43973878,0.50513786,0.48189798,0.4611784,0.46455887,0.4914703,0.4943462,0.4495922,0.50364774,0.54428154,0.52935094
2026-02-24,1.0,-0.2264256533189348,8.854439329968457,5.95405427658225,0.4560534,0.53284055,0.5383179,0.47209454,0.4802122,0.48844868,0.48562732,0.4946234,0.5320308,0.4718627,0.48775473,0.4301171,0.49694097,0.44844487,0.4915407,0.50111216,0.51229125,0.49619353,0.48579043,0.46813947,0.46405628,0.47542846,0.46648502,0.4944071,0.47953492,0.48572126,0.49503642,0.47345546,0.5013034,0.49559,0.4527862,0.5150149,0.47870106,0.4903428,0.51191217,0.4885853,0.5106411,0.43684337,0.470428,0.4529574,0.44687134,0.44780216,0.5126722,0.5345625,0.49647486,0.46843278,0.39585927,0.517236,0.4908178,0.49918184
2026-02-25,0.0,-2.212985969224209,1.2743650556327168,-0.7423789136971399,0.49763113,0.44069007,0.47680023,0.498734,0.506573,0.45314932,0.46462288,0.5095589,0.5039978,0.4608619,0.47023243,0.48658735,0.45041007,0.49020842,0.4386579,0.5127606,0.51575375,0.48188218,0.48428822,0.49948066,0.4695871,0.47313923,0.45388648,0.4455485,0.48847917,0.500373,0.5051888,0.49660823,0.48885876,0.48249578,0.46768293,0.5045919,0.4532348,0.46495992,0.5054357,0.50639606,0.47751123,0.4405887,0.47464544,0.49070048,0.49088326,0.45644468,0.50462914,0.505821,0.47415993,0.4882341,0.44828823,0.5071641,0.5038013,0.50191116
2026-02-26,0.0,-3.883761500990005,1.0782850607873191,-2.41930350949816,0.50692683,0.58445895,0.5347345,0.5530616,0.55544716,0.5449291,0.547015,0.536098,0.5340634,0.52404886,0.5291506,0.50026613,0.5783185,0.53417873,0.54558986,0.53118944,0.5484861,0.5233352,0.5281555,0.5247655,0.53621346,0.51819986,0.56486654,0.5360143,0.5404762,0.53637666,0.53569275,0.52260464,0.53776777,0.55725425,0.51284575,0.5460821,0.52263665,0.53057,0.51041013,0.5360189,0.5274469,0.5088624,0.51129466,0.53152466,0.5172507,0.50013906,0.5216131,0.5447159,0.51501924,0.5081384,0.47855031,0.5418959,0.56355697,0.5434315
2026-02-27,1.0,-4.410417959707872,2.8257067221701617,1.65784521278679,0.54894257,0.57934254,0.54399616,0.5438909,0.56054026,0.555098,0.52458185,0.5231485,0.5461191,0.5369903,0.5142601,0.5324796,0.5358626,0.53398967,0.51428145,0.52889055,0.5369961,0.5056354,0.5313771,0.53220886,0.54676825,0.50730926,0.5498594,0.5225965,0.5289389,0.53965455,0.5374555,0.5309889,0.5152027,0.52474785,0.52552664,0.5096419,0.51370376,0.509566,0.5132611,0.527017,0.5015214,0.50547713,0.5289714,0.5317153,0.510276,0.5080209,0.5030401,0.51787263,0.49941084,0.4959172,0.51309776,0.51103306,0.58398753,0.54187995
2026-02-28,0.0,-2.9044997804029205,1.8150982971874488,-1.8031259656580398,0.5543103,0.48642397,0.52405345,0.56766784,0.58843356,0.48588735,0.52513725,0.53988844,0.5301976,0.5306524,0.5403648,0.5382418,0.516064,0.55384594,0.50166696,0.53903264,0.5531223,0.528983,0.54697764,0.53845775,0.5888023,0.54727954,0.527925,0.52667344,0.5476244,0.55250823,0.55094254,0.5501845,0.54832244,0.54228395,0.5559893,0.5347831,0.54853565,0.54155827,0.53659564,0.54657906,0.5403454,0.5394841,0.56126446,0.5531508,0.5139902,0.5357947,0.5297254,0.5364676,0.51788646,0.5156279,0.5287509,0.537478,0.60490674,0.565388
2026-03-01,1.0,-0.7894989925937487,6.360355547815784,4.53783925294239,0.5331045,0.47093502,0.479182,0.4990764,0.48501322,0.46516433,0.49082744,0.50768596,0.4782273,0.46682733,0.48414153,0.49081263,0.46811622,0.5153678,0.4957341,0.470346,0.48300606,0.477929,0.42645526,0.46973047,0.5401059,0.5022015,0.49358696,0.48220932,0.5057006,0.45484042,0.4731669,0.4597768,0.47237036,0.44938755,0.50231034,0.47788152,0.48102623,0.47285125,0.46398985,0.47723833,0.47679368,0.5386996,0.50077504,0.47048703,0.5169089,0.5041669,0.45546457,0.4806363,0.49321103,0.4753185,0.48022908,0.50804466,0.55853397,0.5538299
2026-03-02,0.0,-3.9594747610371,0.6199248838570028,-0.71745873014225,0.47896945,0.51720214,0.49936745,0.45691568,0.4263342,0.4811516,0.4747457,0.4549447,0.4802201,0.4681704,0.45971292,0.45938912,0.46703708,0.477753,0.4991251,0.4586419,0.4716102,0.46217152,0.4218593,0.469522,0.49607122,0.48191935,0.4720668,0.49404758,0.45575666,0.4185083,0.46220395,0.45022053,0.44790727,0.4137658,0.46534187,0.44199792,0.47602075,0.47255796,0.4520011,0.43861604,0.47032702,0.51075387,0.45946613,0.42648566,0.5067577,0.46976677,0.45079598,0.45753956,0.48648614,0.48295045,0.44575036,0.4958404,0.52226627,0.5237864
2026-03-03,1.0,-1.3820962903124856,8.027455989242164,6.14182153169307,0.45611867,0.5085065,0.52134985,0.48813888,0.47678518,0.48161024,0.48042253,0.49400803,0.5345169,0.48367804,0.4811217,0.45996985,0.46076742,0.47069147,0.46799296,0.51026726,0.49317807,0.4854024,0.49990633,0.49260992,0.48013425,0.4668835,0.47521284,0.5024617,0.47178864,0.4860622,0.48350117,0.4919109,0.48797503,0.48183557,0.46208093,0.4926271,0.49058363,0.48592204,0.46616253,0.48208916,0.4953795,0.45774722,0.46071428,0.45217395,0.45285323,0.44420072,0.50177926,0.50309783,0.49779552,0.4744281,0.42975035,0.5226476,0.5140656,0.49313703
2026-03-04,0.0,-2.821020795945082,1.2192053743756146,-2.47446597423505,0.51816934,0.49327448,0.5091622,0.5444682,0.53474814,0.50414973,0.46921033,0.511657,0.54156625,0.50348157,0.50248027,0.5146649,0.47848165,0.52265495,0.46219927,0.524773,0.51457673,0.4917507,0.52083814,0.55679774,0.47573864,0.4814885,0.5176147,0.5050186,0.5190742,0.5359826,0.5252002,0.5409101,0.4885721,0.48655105,0.51463634,0.48484388,0.47758824,0.49557278,0.5055686,0.50450826,0.49401397,0.4711056,0.48671618,0.49082366,0.49965674,0.48458117,0.5011432,0.50295365,0.5005586,0.49399254,0.499815,0.52254164,0.5512373,0.53143466
2026-03-05,0.0,-4.5392127574983085,0.7438125736692865,-3.9956470714459797,0.52562946,0.589487,0.51632535,0.570708,0.5744568,0.5334418,0.5286875,0.5423783,0.5531582,0.52431095,0.5315048,0.51191926,0.552,0.5543261,0.5333558,0.5303035,0.53488004,0.5205435,0.5409718,0.54551643,0.5328523,0.5304639,0.56366366,0.5498823,0.5779372,0.55485064,0.5509731,0.5557119,0.53828406,0.5507015,0.53141874,0.55089074,0.5186015,0.54179543,0.5078321,0.53344756,0.53028226,0.5276803,0.50588524,0.5118486,0.5231461,0.50759137,0.522411,0.54006606,0.5329457,0.51033896,0.5179412,0.55671746,0.5755499,0.5751132
2026-03-06,0.0,-1.7756022914303182,0.6395511619463872,-1.2574095363267301,0.5493365,0.56020254,0.52536744,0.5427356,0.5655742,0.54187924,0.52075714,0.49925047,0.5666542,0.5368913,0.50795704,0.5298885,0.5105053,0.5450355,0.4921434,0.5208331,0.5246845,0.4935678,0.53285396,0.5497821,0.531193,0.50419426,0.5355272,0.5199082,0.53173494,0.53448516,0.5450282,0.5449057,0.5105588,0.5173287,0.52744913,0.5121335,0.5056295,0.5039482,0.5016987,0.5150167,0.49703225,0.51249766,0.5114665,0.53837407,0.50948006,0.5014795,0.4982548,0.50613767,0.5060059,0.48785418,0.5426422,0.51233405,0.58671415,0.55922353
2026-03-07,0.0,-2.475145432709657,1.383559453117739,-1.9390687162494198,0.550792,0.5024743,0.5182198,0.56780255,0.59169024,0.47625917,0.5224612,0.5153231,0.57492834,0.54074544,0.5416139,0.53681904,0.53325886,0.5585226,0.5000126,0.5307736,0.5432408,0.52172667,0.550773,0.5406381,0.5828922,0.5459842,0.5380158,0.52423036,0.53128105,0.5420637,0.55073416,0.5516197,0.54403377,0.53786683,0.5560934,0.5293877,0.55549884,0.53773314,0.5281201,0.5390688,0.53938437,0.54430336,0.5571094,0.55964124,0.5055183,0.5303225,0.53088224,0.5232607,0.52170223,0.5069142,0.54126334,0.5369903,0.6079242,0.57499886
2026-03-08,1.0,-0.2264609976019943,5.234800906841167,3.6624606413519203,0.514733,0.47372776,0.4873048,0.4965227,0.47172397,0.47450206,0.48683438,0.46966356,0.50618535,0.48273268,0.49038532,0.49275988,0.50701183,0.5154819,0.49836516,0.46949142,0.48680872,0.47454935,0.43257034,0.47538167,0.5158367,0.5061259,0.5052313,0.48263776,0.46606225,0.45166203,0.47520557,0.45926613,0.4562038,0.45061848,0.5100124,0.44703257,0.4844878,0.47149506,0.4770517,0.46919248,0.48179546,0.5312199,0.49761307,0.4906476,0.50978214,0.51202446,0.45329016,0.46070582,0.49403724,0.47463652,0.49376783,0.5004667,0.5759822,0.54997426
2026-03-09,1.0,-0.0595657622511543,4.7721200905096905,2.19182259322737,0.49306554,0.48732805,0.4976355,0.47781956,0.45361286,0.48879784,0.478668,0.46505117,0.50338966,0.46994478,0.47988245,0.4570018,0.4710511,0.4791811,0.52592343,0.4661762,0.48503268,0.47714782,0.43184802,0.4819328,0.5111665,0.4953424,0.48132658,0.4970772,0.46629718,0.42610282,0.47371417,0.45941585,0.4494815,0.4176345,0.47793522,0.45250714,0.4884438,0.49231163,0.47162834,0.44392672,0.49054444,0.5156189,0.47232085,0.42094538,0.51856506,0.48513162,0.45932844,0.4646096,0.50781375,0.4864836,0.44823402,0.519073,0.5398359,0.53731537
2026-03-10,1.0,-1.3974807089141863,1.9429698707499123,0.34712343910404,0.48108667,0.5207124,0.5443006,0.5176796,0.50793433,0.5147886,0.49007753,0.5054936,0.5877718,0.5044089,0.4922669,0.4737932,0.4936156,0.49455282,0.4932428,0.5269078,0.5085607,0.49725145,0.517867,0.5382209,0.48149434,0.49096486,0.48987123,0.5263715,0.4990454,0.51521045,0.5125584,0.5270234,0.49339408,0.48559645,0.49592915,0.50809723,0.49402443,0.50732845,0.49192587,0.48682612,0.5218249,0.47061643,0.46904856,0.45800844,0.49129587,0.46748635,0.5151084,0.50720453,0.5232754,0.49436343,0.46515772,0.54486793,0.53958523,0.517738
2026-03-11,1.0,-1.4146086291443931,0.8626650807096057,0.49665710490482,0.47593513,0.42025965,0.43961358,0.48399192,0.488968,0.43228486,0.44729194,0.4772224,0.51764846,0.438048,0.46794507,0.4794208,0.41866583,0.47701594,0.4312846,0.47799814,0.4957201,0.47369692,0.4817088,0.4725774,0.47821742,0.45825645,0.458712,0.45476243,0.46598822,0.47177726,0.48984647,0.4700264,0.47875434,0.48350963,0.45013067,0.4948055,0.459246,0.4698245,0.47446823,0.49788108,0.45670864,0.43661463,0.46074736,0.47113585,0.45116284,0.44951206,0.47787547,0.50042075,0.46198544,0.4530511,0.42492053,0.49138844,0.47677612,0.49536335
2026-03-12,1.0,-0.2204399116290244,4.66998166585422,0.54945542723691,0.5326696,0.5466782,0.5435518,0.5423054,0.54884267,0.5503184,0.5325095,0.52007467,0.5549517,0.5461425,0.51578075,0.5171805,0.55452895,0.52232265,0.5310623,0.5296751,0.52529776,0.5005378,0.52397335,0.5340895,0.51529616,0.502115,0.5696831,0.5221461,0.5275902,0.5350836,0.5275243,0.52762604,0.50824535,0.5189863,0.50658613,0.50930846,0.5066148,0.50853753,0.5034386,0.52142656,0.5054274,0.49857512,0.5104235,0.5040905,0.5032069,0.49291795,0.5043405,0.5095919,0.49542257,0.4896094,0.49092913,0.5170377,0.56941617,0.5280847
2026-03-13,1.0,-0.8679884863168766,0.5313925981233819,0.39671661995195,0.5516132,0.5173276,0.54045933,0.5783055,0.5842415,0.533801,0.5276934,0.537069,0.5399849,0.54553914,0.538689,0.5430756,0.5521437,0.5575815,0.5290754,0.54160666,0.54173553,0.52240324,0.55394,0.56325525,0.5616949,0.54099375,0.5604902,0.5470063,0.55596745,0.55921185,0.5519777,0.5641341,0.5348058,0.5349132,0.5573238,0.5239388,0.5396778,0.5404039,0.52303094,0.5375744,0.5380618,0.53468984,0.54268324,0.5328239,0.5262129,0.5275998,0.523064,0.5260084,0.52578735,0.51744014,0.54083705,0.5417826,0.6134611,0.5637462
2026-03-14,1.0,-0.4971194669176769,2.7521118258249966,2.2264632539767697,0.5719722,0.5439619,0.55986446,0.59977204,0.627779,0.5504664,0.54920226,0.5625917,0.57736963,0.5660887,0.56067145,0.5364906,0.5649363,0.5861982,0.54043734,0.55939555,0.56572515,0.54937434,0.5668535,0.59542346,0.5926718,0.5788906,0.5664313,0.5706533,0.6078352,0.59035563,0.586569,0.5939719,0.5658494,0.5643897,0.58673704,0.5615265,0.56324923,0.5788436,0.5479571,0.55515194,0.56825507,0.5700383,0.5568934,0.553943,0.56455624,0.55802774,0.54290766,0.5539374,0.5594041,0.5392271,0.57488465,0.5741595,0.6402242,0.60271674
2026-03-15,1.0,-0.7510495504428638,2.834983752673985,2.8023922724339,0.50096685,0.4410046,0.44843835,0.47287956,0.4433369,0.44868487,0.45574328,0.45810565,0.45017838,0.4576766,0.465627,0.5163031,0.47321406,0.5121482,0.43762246,0.4454324,0.4656842,0.44629505,0.41862914,0.45883256,0.4968104,0.48659998,0.4547175,0.46560034,0.46570167,0.4434752,0.4611878,0.4522638,0.4442487,0.4370365,0.49548906,0.43906477,0.45533493,0.44654122,0.44712812,0.4588707,0.4587663,0.5119745,0.47419885,0.4860217,0.49774995,0.48768318,0.43875033,0.45985162,0.47456574,0.47977924,0.50615066,0.4789092,0.55005944,0.5510785
2026-03-16,0.0,-2.0036296540385794,1.4784143608709337,-1.3109719098401,0.4791943,0.46740693,0.49293476,0.48022297,0.43287262,0.48862964,0.48141178,0.45533878,0.48454255,0.4876381,0.482486,0.4794534,0.46472505,0.49546933,0.5049507,0.4624091,0.47744232,0.47348377,0.42875707,0.47933215,0.5152686,0.495905,0.5003375,0.5015253,0.45776042,0.4351902,0.46092933,0.46451426,0.45065895,0.41468623,0.48505577,0.43475395,0.49196583,0.4885313,0.43983358,0.44330013,0.4877473,0.5141091,0.46723112,0.43047944,0.51027673,0.47919384,0.46039477,0.46669826,0.5015804,0.49952254,0.46627033,0.5085177,0.54720014,0.54161346
2026-03-17,0.0,-4.722676776099764,1.027026486406988,-3.66932210131126,0.4910757,0.52879244,0.5568095,0.51996225,0.50770366,0.532408,0.48962122,0.5065771,0.57539934,0.5145275,0.50094676,0.4717311,0.49975777,0.49607474,0.49013412,0.5250791,0.504837,0.4991004,0.5167516,0.53024024,0.4763409,0.48973557,0.5102916,0.5279486,0.51364344,0.52220345,0.51456124,0.52658397,0.49589598,0.49112996,0.4955153,0.5008438,0.4856046,0.5087714,0.48291844,0.48433867,0.5197427,0.47214848,0.4649195,0.44993186,0.48184294,0.46396157,0.50997263,0.5092383,0.523884,0.48914534,0.4686577,0.53756493,0.5405124,0.52371776
2026-03-18,0.0,-3.5039173275140683,0.5141396621286475,-1.86515148503324,0.49267977,0.38451457,0.43441665,0.49311435,0.49257272,0.41891956,0.43522856,0.47258306,0.49690622,0.4395593,0.46516576,0.48091874,0.3962902,0.49465868,0.40289184,0.4847475,0.49232653,0.46558806,0.48734912,0.49702317,0.46408528,0.4603873,0.4436496,0.4440975,0.4867895,0.48343664,0.5009754,0.49618354,0.47793347,0.46877718,0.46578935,0.4924225,0.4402977,0.4631412,0.4781506,0.48991826,0.4594864,0.44336754,0.4560088,0.4860174,0.46293142,0.44709885,0.47942388,0.49239403,0.46538612,0.46451738,0.46164486,0.49269608,0.48954472,0.512879
2026-03-19,1.0,-0.7780799816612974,2.034083591546361,0.82701551029787,0.53672534,0.53940344,0.55142164,0.57201505,0.573056,0.55244005,0.5375169,0.51613086,0.56848353,0.57069474,0.5361944,0.52148396,0.58229375,0.55429286,0.5396735,0.54041463,0.5352898,0.511751,0.54772794,0.5701074,0.51182324,0.52711666,0.57868004,0.55137384,0.5529344,0.5593651,0.5532182,0.56571156,0.52510035,0.52968943,0.5388541,0.52332354,0.5205788,0.53750545,0.5232445,0.5222245,0.5396297,0.5241567,0.52258784,0.5368491,0.52843755,0.5055534,0.527927,0.5218072,0.5293411,0.51007855,0.53408,0.54573935,0.59248567,0.56679165
2026-03-20,0.0,-2.788906697213871,0.8335660718799336,-2.28457635345591,0.57593197,0.6280084,0.6119588,0.65255576,0.6617197,0.63023794,0.56662875,0.5722137,0.67294973,0.63097036,0.58860976,0.5920639,0.662785,0.61493576,0.61859286,0.59388226,0.57052493,0.56826264,0.61080855,0.68396837,0.5579609,0.6013564,0.63064176,0.6295225,0.62486327,0.63718456,0.6137557,0.6638746,0.5599506,0.5687621,0.6368923,0.53656983,0.58783305,0.62656486,0.573754,0.55049217,0.6218618,0.58902466,0.5722491,0.57423425,0.6210647,0.5937473,0.5743417,0.5625337,0.62281907,0.57154936,0.64619684,0.6216567,0.69114953,0.64168465
2026-03-21,0.0,-2.285796529836224,0.9684357865715006,-1.54871102583228,0.56639564,0.5324047,0.5343434,0.62829614,0.64591265,0.5508282,0.5311234,0.524252,0.6511928,0.5722433,0.5607786,0.57219684,0.5452645,0.60659885,0.5284977,0.54487723,0.5554504,0.5426276,0.5946592,0.6285332,0.59863067,0.59046626,0.5473344,0.5826784,0.5858875,0.5941109,0.60010636,0.6217715,0.55986595,0.5585753,0.61160535,0.5510444,0.5834526,0.5854201,0.54761183,0.54775876,0.59215385,0.57222617,0.55974907,0.5651077,0.5826599,0.5839725,0.553734,0.5509445,0.59742284,0.557581,0.6371659,0.6048693,0.6678287,0.63675433
2026-03-22,1.0,-0.6116903266512465,5.6690446989619305,4.39293795760913,0.52654624,0.47502485,0.48134184,0.5135887,0.50070935,0.49675038,0.48595637,0.44643256,0.53928995,0.49359566,0.49530113,0.5026992,0.4753075,0.54462373,0.4880797,0.457576,0.48364568,0.47617066,0.4483788,0.50144035,0.53982705,0.51761186,0.512571,0.49632734,0.4922802,0.4726418,0.49030033,0.4780786,0.46364477,0.4544581,0.5097125,0.46278507,0.49722084,0.48593283,0.4640231,0.46638647,0.4975102,0.5487995,0.5003442,0.5045548,0.5368394,0.54235584,0.4589279,0.48110715,0.5294734,0.48409042,0.54145867,0.51335824,0.5888333,0.58419925
2026-03-23,0.0,-2.8370447535003325,0.6936466743575167,-0.49441937848232,0.49121705,0.49529585,0.5032746,0.48105046,0.45385396,0.49695075,0.47801322,0.4377306,0.53175926,0.48709485,0.48162937,0.4775006,0.48409727,0.49319303,0.53280866,0.46172294,0.48004568,0.47411978,0.43933785,0.49518225,0.5170104,0.5052521,0.50170195,0.5045772,0.46817678,0.43036503,0.4756104,0.46571574,0.44712335,0.41445526,0.4788273,0.44696978,0.49843273,0.49461833,0.4618641,0.44252443,0.4946246,0.5266915,0.47404686,0.42633837,0.5307358,0.50415653,0.46477166,0.46270892,0.52309376,0.49582165,0.49300092,0.5180886,0.5527371,0.55865526
2026-03-24,1.0,-0.2110315745629718,2.061120567309429,1.09913296166372,0.51045513,0.5639066,0.5783807,0.56416744,0.56041926,0.56096256,0.5123957,0.527502,0.6817594,0.55669826,0.52630854,0.49273288,0.5348767,0.5372895,0.5354146,0.55553144,0.5278684,0.5230507,0.5444705,0.6003056,0.47983205,0.5292397,0.5447603,0.570199,0.5445249,0.5618662,0.5492437,0.5785958,0.51420254,0.50047475,0.53976977,0.5184319,0.5224485,0.55432767,0.5092351,0.49382108,0.5636783,0.51221853,0.4846243,0.47511673,0.53432906,0.5099278,0.5383722,0.52595884,0.57564545,0.52208954,0.52985716,0.5835015,0.5871271,0.57174045
2026-03-25,0.0,-4.565336071719171,0.1404884265798962,-3.5909633570084103,0.5035538,0.4136858,0.434586,0.517752,0.51802117,0.44005558,0.4393555,0.46390554,0.60166466,0.45572588,0.4728054,0.50492096,0.40674675,0.511683,0.41304994,0.48181355,0.4901694,0.46536133,0.50249195,0.5254226,0.46513566,0.4712088,0.4559496,0.4663065,0.49000973,0.5006155,0.51755977,0.5196401,0.47662696,0.46727106,0.48286206,0.48714444,0.45782378,0.4786189,0.4874607,0.491811,0.4757955,0.45322034,0.4728092,0.48311457,0.48549378,0.47103903,0.48610297,0.49356088,0.48999748,0.47655258,0.5008095,0.5124627,0.51615447,0.5440534
2026-03-26,0.0,-4.871239218808765,0.5199166258470169,-3.56922158369555,0.500359,0.54085654,0.5130206,0.5296621,0.53825253,0.5186759,0.5193288,0.47266516,0.59292305,0.5316036,0.5111288,0.5090204,0.56434923,0.51891136,0.5209805,0.5003239,0.51436824,0.49414816,0.5158505,0.49993366,0.5251858,0.50583065,0.5580729,0.5090624,0.4757149,0.49729967,0.51940686,0.5036283,0.5113042,0.52441967,0.4895228,0.5067354,0.52170604,0.5066198,0.48780024,0.5189772,0.5034309,0.4923757,0.5098235,0.5173732,0.46775377,0.49131742,0.50262666,0.5070941,0.49674997,0.47135326,0.4801641,0.5105087,0.5475887,0.53826326
2026-03-27,0.0,-0.7181416115788807,1.3189195337271922,-0.045562612816689996,0.57604414,0.6142047,0.6115739,0.61070067,0.6271081,0.6035292,0.5631222,0.54584664,0.6574197,0.60414785,0.5646,0.54848427,0.6431712,0.5778784,0.6034486,0.5685918,0.5639588,0.54796934,0.57138526,0.6201004,0.5569446,0.5762033,0.6253943,0.58220315,0.5864796,0.6066961,0.58436227,0.60060215,0.5459353,0.55083615,0.57712173,0.5400802,0.5681769,0.5844416,0.55039656,0.5458255,0.58630043,0.5627301,0.56606156,0.5491609,0.56982094,0.561117,0.54616314,0.54145515,0.5654334,0.535717,0.5680337,0.5722202,0.6509683,0.59252363
2026-03-28,0.0,-2.096379300293392,1.1287423259119642,-0.55307285227093,0.5507794,0.46020845,0.5093655,0.56454706,0.61489564,0.4668179,0.5148464,0.52993965,0.5826687,0.5223903,0.5352075,0.5378805,0.50994575,0.5616318,0.51299614,0.5292945,0.55699784,0.5341955,0.54776484,0.5434467,0.58796614,0.5619226,0.5086664,0.5304689,0.5592164,0.5526489,0.563762,0.55432487,0.5588783,0.5342189,0.5563152,0.5574612,0.55818355,0.55271107,0.55736667,0.55149573,0.55436254,0.5440153,0.5662806,0.550515,0.5257612,0.5355181,0.5472417,0.5464761,0.5310791,0.5215626,0.5370263,0.55407584,0.601553,0.59285563
2026-03-29,1.0,-0.3191529519440012,3.217911676238679,1.18433741341851,0.504649,0.44456786,0.48043624,0.48325098,0.4648034,0.4731015,0.49345484,0.462063,0.504606,0.4819467,0.47736293,0.48377728,0.48114175,0.51654863,0.46603358,0.4640764,0.4894433,0.46852204,0.42259172,0.4721228,0.50224817,0.5016952,0.48099133,0.47462758,0.45634496,0.45250636,0.47433698,0.45307106,0.4536254,0.44298494,0.49691284,0.45450038,0.4789965,0.4607506,0.4715208,0.46897402,0.4770753,0.52133983,0.49577782,0.49890193,0.51028466,0.50668615,0.45612377,0.46401173,0.48952922,0.4833632,0.49320453,0.49693844,0.57388794,0.55195975
2026-03-30,1.0,-1.203851237464208,2.647560748731761,2.2018799448928,0.46533877,0.48190328,0.5079029,0.47327435,0.43215618,0.4947245,0.48016953,0.45218453,0.49853435,0.48355573,0.4799,0.48018432,0.49060318,0.49149063,0.52057326,0.4621818,0.48712307,0.47154075,0.43112746,0.47611827,0.5044111,0.4963562,0.4925476,0.49850217,0.4416433,0.4367921,0.46130317,0.45845476,0.44268265,0.4110338,0.48417664,0.42538467,0.49828404,0.48733768,0.46339214,0.44603452,0.49232617,0.5072268,0.47992373,0.43673396,0.5115964,0.4902186,0.4623515,0.46356985,0.4987474,0.4995442,0.4567235,0.5108591,0.54876834,0.5352757
2026-03-31,0.0,-1.038892344052111,1.4906687970918635,-0.25009104050785,0.46947682,0.512118,0.549784,0.50461,0.4931158,0.52021563,0.4903076,0.4909227,0.573689,0.507009,0.49805316,0.45400447,0.503671,0.48265147,0.49907047,0.5182289,0.51157504,0.49780944,0.50960666,0.51184326,0.48590785,0.48930377,0.4955482,0.517749,0.47431758,0.50391054,0.5031419,0.5070608,0.4924248,0.49268255,0.4810366,0.4983892,0.49978396,0.5038083,0.490235,0.48788065,0.5195955,0.45737764,0.47794372,0.4611776,0.46937257,0.4692703,0.5116047,0.51351595,0.5142037,0.48744252,0.4392222,0.5330478,0.53218323,0.5038734
2026-04-01,0.0,-3.5898214190886004,0.7888768699343407,-1.7952884972726302,0.47887984,0.39434427,0.44850048,0.47868735,0.4873557,0.42638245,0.4453562,0.49386656,0.5064253,0.43260646,0.46952012,0.48488605,0.42069206,0.47109878,0.43640536,0.48188865,0.5044291,0.4772927,0.47610158,0.46044844,0.48574105,0.46380308,0.452276,0.44451368,0.4708408,0.47714683,0.48332778,0.46624556,0.4812803,0.48175028,0.4465251,0.49370432,0.45765105,0.46608722,0.48320672,0.5048133,0.46011293,0.42892882,0.46690792,0.46905386,0.45326382,0.45190218,0.48325294,0.50668687,0.4554936,0.4624192,0.41501743,0.49072224,0.47593334,0.48653468
2026-04-02,1.0,-0.9310345462976756,0.6977336600851188,0.09309289814481,0.4910915,0.49487078,0.51256025,0.48872814,0.50382227,0.4993571,0.5199912,0.4995323,0.5004626,0.5020647,0.49180138,0.5000016,0.52861565,0.48825353,0.5134102,0.5038996,0.5199753,0.4898348,0.49062735,0.45693424,0.5180353,0.4799746,0.52803403,0.47960237,0.4671521,0.48085916,0.49185437,0.47105664,0.5027956,0.5133798,0.46365964,0.49321228,0.49570644,0.47719038,0.49199885,0.5175048,0.47541028,0.46258137,0.49695668,0.5108717,0.45180947,0.4676932,0.48698947,0.50679594,0.45336926,0.46124473,0.4230778,0.48161542,0.51326567,0.4850053
2026-04-03,1.0,-0.2817254804715582,0.8899818293891699,0.50068357818153,0.56111866,0.55620986,0.58367395,0.5793352,0.59111035,0.56222326,0.5505745,0.5643648,0.54194415,0.5683703,0.54817617,0.537542,0.5957023,0.5547195,0.5642053,0.56287646,0.55958885,0.5375252,0.55087084,0.56816137,0.5574476,0.54901147,0.58117115,0.5559526,0.5746304,0.57951736,0.5553511,0.5657024,0.54110056,0.54350144,0.55479157,0.53540456,0.544754,0.5522672,0.5436821,0.5462892,0.5549894,0.54000556,0.55592406,0.535375,0.5410811,0.5326116,0.53337944,0.5398592,0.5246702,0.52649546,0.51784754,0.5480501,0.6191241,0.55134815
2026-04-04,1.0,-1.0286840046867105,2.6911994689837204,2.5435266920256003,0.55199105,0.44164017,0.5090212,0.5749511,0.5869937,0.49311084,0.5132186,0.5383687,0.45664188,0.5306484,0.5322603,0.5499048,0.5078669,0.56602573,0.49573725,0.540374,0.55099404,0.52610546,0.55388623,0.55366737,0.5866591,0.54739046,0.51571304,0.5349235,0.5404719,0.54986566,0.5520164,0.56198037,0.5404377,0.5300213,0.57209593,0.52580416,0.5465228,0.5344774,0.53220314,0.5433133,0.5393601,0.5300039,0.5551444,0.5533066,0.5206014,0.5359998,0.52874696,0.53263456,0.5222897,0.53123426,0.54495025,0.54134387,0.6210005,0.5671942
2026-04-05,0.0,-1.0691977687944882,1.890179245633778,-0.26183614615228,0.50969315,0.4455036,0.47978786,0.5057629,0.46986133,0.4812033,0.48678184,0.48211664,0.43794486,0.4816109,0.4933575,0.50167817,0.47365746,0.5318895,0.47326687,0.4678631,0.48773506,0.4784442,0.43492895,0.47306073,0.5367629,0.50604767,0.49756703,0.48935467,0.48058477,0.46386248,0.47295746,0.465973,0.46326336,0.45024803,0.5176771,0.44691277,0.4878435,0.47502127,0.46965918,0.4743738,0.4830044,0.53046733,0.49885327,0.49856663,0.5075745,0.51836,0.45455417,0.47921386,0.49373606,0.48593834,0.49189875,0.49884528,0.5725512,0.5499404
2026-04-06,1.0,-1.6424493359381724,5.519671456759278,4.36296819458189,0.49494156,0.49481288,0.4945922,0.48303422,0.44477904,0.4942678,0.47721773,0.47779077,0.48631027,0.46918178,0.47645664,0.467787,0.45900577,0.49346304,0.5138244,0.46496817,0.4781163,0.4767648,0.42776856,0.47350934,0.53050095,0.49512273,0.4947487,0.49950898,0.47698244,0.435124,0.46750867,0.46184114,0.45307964,0.41832912,0.47597036,0.45319453,0.48421597,0.48710933,0.44905692,0.44885316,0.48592123,0.5119812,0.46839187,0.4172223,0.5121376,0.48013866,0.4604761,0.47493613,0.502551,0.49550667,0.45025715,0.5154151,0.53830016,0.5384835
2026-04-07,0.0,-1.706523399151994,1.2885551127836603,-1.19487428550878,0.47614694,0.49090603,0.5297216,0.48932877,0.48500445,0.4935216,0.47724962,0.48788762,0.54270506,0.4888869,0.47520372,0.4548278,0.45297745,0.47643748,0.4613676,0.51147574,0.49481666,0.48435202,0.5002053,0.503868,0.46950835,0.468865,0.4689783,0.5034179,0.4895927,0.49469602,0.4991978,0.49736488,0.48625118,0.47994262,0.4658858,0.49810427,0.46853742,0.484247,0.4807991,0.47802007,0.49557218,0.4524141,0.45445794,0.44826093,0.4629809,0.44787198,0.49812913,0.50122446,0.4969263,0.46841985,0.43591216,0.51809365,0.5071395,0.5010701
2026-04-08,1.0,-0.8533997908560655,2.877945053615174,1.0052591375903501,0.4948208,0.4110873,0.45197904,0.5051295,0.5085115,0.43016085,0.4532712,0.512019,0.5150624,0.44586554,0.47671857,0.48919716,0.4182742,0.49694887,0.4304146,0.50037074,0.5038397,0.48009726,0.49104223,0.5007558,0.47638574,0.47050747,0.46978644,0.46076426,0.51837313,0.50184584,0.50040513,0.49759284,0.49089348,0.4838039,0.46795952,0.5137431,0.45410323,0.47722968,0.47712556,0.5032167,0.4691973,0.45741814,0.46099094,0.47508413,0.47701162,0.45264447,0.49231613,0.50903445,0.47544473,0.4762743,0.4531608,0.5111393,0.50094306,0.51545733
2026-04-09,1.0,-0.5052864477540784,2.2670130358455296,1.62314383904955,0.5026509,0.51532716,0.50258297,0.4999889,0.5148911,0.51181364,0.5141105,0.48828435,0.51051915,0.51238406,0.4906013,0.5027587,0.5169764,0.5019298,0.50038373,0.5024342,0.5064652,0.48023343,0.50224787,0.47977486,0.5031393,0.47371104,0.53205884,0.49548063,0.48827833,0.48851845,0.50570726,0.4887427,0.5019016,0.5088799,0.47704157,0.49650002,0.48450443,0.48037922,0.48631248,0.5097365,0.46963477,0.4774763,0.4874989,0.50868666,0.46004415,0.46279198,0.4841508,0.49942726,0.46740404,0.45570374,0.45616987,0.48456728,0.5201339,0.5102586
2026-04-10,1.0,-0.6181254373030582,1.1274869409978634,0.11021476555086,0.53204393,0.5239355,0.5385001,0.5468724,0.5635831,0.52438533,0.53412896,0.53011906,0.55031854,0.52980083,0.5281781,0.5227063,0.5608001,0.5345374,0.5302728,0.53399813,0.54027176,0.51765597,0.53353447,0.5217071,0.55877334,0.52630156,0.5591457,0.5227927,0.532619,0.5298836,0.53202975,0.52641577,0.5342372,0.5401287,0.5223341,0.5248824,0.53371066,0.52259237,0.5105258,0.5376717,0.5173036,0.52629215,0.5326901,0.5338733,0.49887067,0.50718355,0.5150393,0.52188367,0.50022626,0.49552652,0.49487546,0.5202097,0.5846587,0.5357161
2026-04-11,0.0,-3.5354388720204737,0.1287176844358215,-3.20254620862258,0.5645701,0.49527386,0.551841,0.57646525,0.6011006,0.5273338,0.53665406,0.55587417,0.5552121,0.5504029,0.5476011,0.5431591,0.54809827,0.5585246,0.53102815,0.5507344,0.5571533,0.5362879,0.55514973,0.5623553,0.59198004,0.5530076,0.5612046,0.5441871,0.56957066,0.56364733,0.55717784,0.5613323,0.55029327,0.5474418,0.56558603,0.5355257,0.55282706,0.54961795,0.5306187,0.5509304,0.5428195,0.5469639,0.55438924,0.54097724,0.5328166,0.53805315,0.5270975,0.53541726,0.5261427,0.5226579,0.538241,0.54184693,0.62675875,0.56134284
2026-04-12,1.0,-0.2462565811769431,5.7128853293594055,5.06726764555671,0.5005626,0.43083662,0.46088806,0.48140746,0.4489694,0.450797,0.46442768,0.47408038,0.44299668,0.45954147,0.4742736,0.4990178,0.4554164,0.5174165,0.45279145,0.45585334,0.4754662,0.46346903,0.42164984,0.4620561,0.5146109,0.4887196,0.4682535,0.474351,0.47133812,0.44802162,0.46087343,0.45260137,0.4566233,0.44248185,0.5019741,0.4427506,0.46841007,0.45709044,0.4525532,0.46584988,0.46271458,0.5190001,0.48328745,0.49681488,0.4914368,0.49566087,0.4414125,0.46919584,0.47205186,0.47718355,0.48081732,0.47720966,0.5491647,0.5352409
